# Blender v3.1.2 OBJ File: 'HeavenRush.blend'
# www.blender.org
o HeavensEdge_Sphere.001
v 4.000008 0.200447 -0.000526
v 1.530644 0.200017 3.695537
v 0.554372 0.375172 3.290979
v 1.171424 0.302635 -1.462018
v -3.923141 0.000001 -0.780361
v -4.000013 0.199060 -0.000306
v -4.000000 0.000001 0.000000
v -3.923025 0.200347 -0.781052
v -3.695608 0.199670 -1.530428
v -2.828427 0.000001 -2.828427
v -3.325888 0.200305 -2.222266
v -2.827621 0.199123 -2.829236
v -1.531120 0.200674 -3.695305
v -0.780927 0.202236 -3.922978
v 0.000001 0.000001 -4.000000
v 0.182267 0.200859 -3.982019
v -0.004485 0.193975 -3.999555
v 0.780360 0.000001 -3.923141
v 1.530202 0.201136 -3.695657
v 0.779152 0.199659 -3.923268
v 3.326110 0.200162 -2.221925
v 3.923141 0.000001 -0.780361
v 3.695837 0.201055 -1.529724
v 3.977688 0.202318 -0.224980
v 4.000000 0.000001 0.000000
v 3.987168 0.196536 0.129905
v 3.695518 0.000001 1.530733
v 3.924412 0.208049 0.770756
v 3.325878 0.000001 2.222281
v 3.238843 0.201403 2.328187
v 2.828423 0.199938 2.828431
v 2.222282 0.000001 3.325877
v 2.224047 0.200369 3.324435
v 0.000000 0.000001 4.000000
v -1.172138 0.200074 3.804287
v -0.784336 0.202150 3.922526
v -3.325878 0.000001 2.222281
v -3.695359 0.198371 1.530976
v -0.316881 0.156569 0.554665
v -3.825479 0.232325 -0.772915
v 0.092031 0.287435 1.909700
v 0.070827 0.033941 1.361391
v -3.325876 0.199678 2.222282
v -0.265332 0.624348 2.821557
v -1.917664 0.199760 3.488693
v -1.238960 0.274642 3.701433
v 0.781380 0.199025 3.922910
v -0.496557 0.476299 -1.392017
v 3.493076 0.279597 -1.617107
v 0.467166 0.210381 -3.922404
v -0.471667 0.285664 -3.925645
v 0.207150 0.383846 -1.927472
v 0.297662 0.591653 -1.356897
v 1.056652 0.370968 2.756368
v 0.916480 0.192350 -3.828434
v 0.462280 0.366073 2.483164
v 0.900616 0.213746 -2.128416
v 1.015399 -0.038918 -3.022097
v 1.335773 0.039418 -3.297338
v 1.533158 0.458831 3.334074
v 1.487800 0.179537 -2.102707
v 1.327079 0.279397 1.865086
v 1.896051 0.262486 -2.167839
v 2.603072 0.238935 2.850953
v 2.222254 0.199853 -3.325892
v 2.145030 0.421167 1.674040
v 2.605636 0.551352 -2.154692
v 2.984437 0.217953 -0.821190
v 2.830064 0.199653 -2.826869
v 2.838241 0.579536 -2.212607
v 2.813422 0.248499 2.616114
v 3.325415 0.664452 1.516034
v 3.320649 0.433384 -1.765486
v 3.279676 0.443269 -1.533684
v 3.327414 0.198966 2.219542
v 3.363059 0.178257 -0.211103
v 3.696087 0.637548 0.780816
v 3.696763 0.612652 0.983262
v 3.714267 0.186766 -1.383644
v 3.922682 0.324468 0.023802
v 3.922617 0.197703 -0.782113
v -1.187834 0.143089 -2.036012
v -0.990626 0.308831 -3.723879
v -0.316034 0.647243 -0.781068
v -1.094069 0.507840 -0.629953
v -0.815400 0.260142 -3.854887
v -2.289034 0.182901 -3.160703
v -1.967748 0.566134 -1.580191
v -1.849334 0.246282 0.466938
v -1.265582 0.454802 2.300859
v -1.316651 0.233877 -0.036083
v -1.781640 0.398678 1.150479
v -1.530755 0.200207 3.695467
v -1.515239 0.226285 -3.593400
v -1.125238 0.456964 -1.375305
v -1.447042 0.573458 -1.038697
v -2.451086 0.132426 -2.833150
v -2.387026 0.634449 -1.342556
v -1.733310 0.277532 -0.109978
v -2.222304 0.200812 3.325852
v -2.263994 0.229805 2.336261
v -2.835114 0.134251 -2.231371
v -3.121588 0.614305 -0.758011
v -3.444485 0.219429 1.649838
v -3.286289 0.523965 0.885902
v -3.335206 0.654489 -0.200450
v -3.688859 0.479076 0.404338
v -3.722695 0.221164 -1.097175
v -3.921399 0.341787 0.008629
v -3.923177 0.199477 0.780144
v -3.695518 0.000001 -1.530733
v -3.325878 0.000001 -2.222281
v -2.222282 0.000001 -3.325877
v -1.530734 0.000001 -3.695518
v -0.780362 0.000001 -3.923140
v 1.530734 0.000001 -3.695518
v 2.222280 0.000001 -3.325878
v 2.828427 0.000001 -2.828427
v 3.325878 0.000001 -2.222281
v 3.000901 0.200142 -2.618210
v 3.695518 0.000001 -1.530734
v 3.923141 0.000001 0.780360
v 2.828427 0.000001 2.828427
v 1.530734 0.000001 3.695518
v 0.780362 0.000001 3.923140
v -0.780360 0.000001 3.923141
v -1.530734 0.000001 3.695518
v -2.222280 0.000001 3.325879
v -2.828427 0.000001 2.828427
v -3.695518 0.000001 1.530733
v -3.923141 0.000001 0.780360
v 0.235637 0.231855 -3.940450
v 3.923164 0.377249 0.232500
v 3.922827 0.353404 0.481580
v -0.451063 0.553127 -0.444473
v 3.701933 0.050945 -0.486820
v -0.854463 0.196503 0.810728
v -0.530551 0.138942 0.818473
v 3.616004 0.201788 1.679287
v 3.326110 0.355061 1.885192
v -0.563152 0.465704 1.837144
v -0.890664 0.525065 1.878688
v -0.193506 0.554283 2.463781
v -0.638091 0.614028 3.006758
v -0.313363 0.600131 3.200242
v -0.766914 0.518254 3.694792
v 0.197347 0.453662 3.207703
v 1.141090 0.276544 3.698756
v 1.101301 0.199646 3.825748
v -0.426847 0.517821 3.700150
v -0.638658 0.368412 3.823961
v -0.254299 0.486261 3.701478
v 0.398578 0.231372 3.917397
v 0.246818 0.266680 3.918030
v -0.389604 0.338192 3.925254
v -0.073581 0.383019 3.922956
v 0.002287 0.201193 3.999998
v 3.585675 0.215230 -1.475037
v 3.333490 0.135763 -1.046030
v 3.220342 0.313684 -2.209499
v 3.065547 0.537211 -2.037109
v 2.809690 0.561740 -1.932250
v 2.526015 0.207436 -2.980592
v 2.634245 0.293440 -2.712688
v 2.542673 0.453671 -2.434960
v 2.311889 0.312866 -2.625448
v 1.512085 0.029422 -3.032070
v 2.068134 0.154969 -2.898708
v -2.222274 0.200113 -3.325881
v -1.923286 0.201331 -3.394404
v -1.636356 0.200108 -3.408457
v 0.723499 -0.024464 -3.352723
v 0.225006 0.204021 -3.811118
v -0.070069 0.326196 -3.927959
v 0.790879 -0.026047 1.022551
v 0.494963 -0.073023 0.877137
v 0.419418 -0.018311 1.336174
v 0.245907 -0.022872 0.684673
v 0.180055 -0.054275 1.063464
v 0.684197 0.286262 3.718093
v 0.193003 0.041289 -2.689436
v 0.001557 -0.030854 -2.981978
v 1.100504 0.200317 -3.826016
v 0.384578 0.183860 0.144543
v 0.344367 0.618150 -0.953871
v 0.768091 0.332358 -0.469570
v 0.026284 0.619385 -0.620007
v 0.411519 0.421025 2.961661
v -0.001817 0.050474 -3.401595
v 1.503817 0.243186 0.450456
v 0.548934 0.183057 1.875411
v 1.491347 0.291396 3.563785
v 1.132397 0.384298 3.385668
v 1.543464 0.051380 -2.691308
v 1.049384 0.015754 -2.667162
v 1.436736 0.267437 -0.710768
v 1.235247 0.171724 0.226110
v 0.900954 0.165271 0.031196
v 1.052542 0.349833 -0.865369
v 0.923260 0.176417 1.800077
v 0.995103 0.395300 3.097137
v 1.660424 0.264003 -1.441940
v 1.521431 0.181482 -3.562549
v 1.916567 0.159664 -3.274630
v 2.478424 0.200327 -3.115661
v 2.312817 0.191653 -2.986672
v 1.841640 0.417839 1.099312
v 2.213578 0.411236 2.832112
v 1.945102 0.372436 3.125033
v 1.917014 0.455598 2.836433
v 1.545191 0.459724 3.087641
v 1.953056 0.287158 0.097025
v 2.050944 0.291208 -0.478488
v 1.980194 0.339059 -1.719223
v 1.771186 0.377178 2.239645
v 2.413339 0.435732 0.863718
v 2.481570 0.500534 1.305626
v 2.526754 0.313331 0.267954
v 2.160412 0.398911 -1.363616
v 2.814642 0.348202 -2.578100
v 3.046414 0.324309 -2.400385
v 2.837357 0.425884 2.219435
v 2.529360 0.410638 2.233430
v 2.499646 0.334282 2.557109
v 2.296986 0.385647 2.414083
v 2.425639 0.391027 -1.050464
v 3.371912 0.691620 0.845198
v 2.972628 0.417700 0.421657
v 3.627727 0.199614 -1.657469
v 3.323015 0.374299 -1.952265
v 3.500968 0.199210 -1.894592
v 2.946905 0.381952 -1.209516
v 3.030474 0.430671 1.949032
v 2.864539 0.558733 1.650280
v 3.137691 0.488773 1.763878
v 2.710811 0.220489 -0.375467
v 3.695852 0.198183 1.529589
v 3.562483 0.495477 1.303352
v 3.497213 0.650330 1.075591
v 3.522240 0.686648 0.891372
v 3.325052 0.690661 1.180675
v 3.696547 0.634092 0.579734
v 3.700042 -0.031980 -0.795954
v 3.325186 0.095335 -0.524218
v 3.806187 0.449952 0.352416
v 3.815680 0.468229 0.666184
v 3.765330 0.364502 0.137574
v 3.926286 0.143267 -0.493338
v -0.789306 0.201390 0.395715
v -0.969882 0.530964 2.540861
v -0.876066 -0.055677 -2.531633
v -0.673342 0.152942 -1.939524
v -0.790463 0.349544 -3.716287
v -0.612210 0.330172 -3.692374
v -0.902253 0.311192 1.224900
v -1.708057 0.467773 1.593975
v -0.856003 0.529159 3.365277
v -1.416372 0.306182 3.346615
v -1.005910 0.205435 -3.430921
v 0.015531 0.663706 -1.112635
v -1.628903 0.191640 0.198115
v -1.836348 0.200974 2.546982
v -1.786418 0.420249 1.917565
v -1.719216 0.530856 -0.668177
v -1.666816 0.187741 2.931913
v -1.914576 0.129839 2.884212
v -2.220977 0.142748 2.828891
v -2.525485 0.456598 1.129409
v -1.677447 0.211437 3.483132
v -1.321907 0.243504 -3.538427
v -0.901501 0.560012 -1.011050
v -1.945086 0.192927 -2.350087
v -1.991221 0.309521 -0.008423
v -2.512255 0.639028 -0.223772
v -2.823696 0.746076 -0.326574
v -2.198061 0.425275 0.887755
v -2.453135 0.497920 0.569704
v -2.710805 0.392642 1.374960
v -2.129167 0.414405 1.845868
v -2.499745 0.156209 2.551354
v -2.854116 0.201488 2.797156
v -2.201977 0.085844 -2.801935
v -1.863178 0.076635 -2.800840
v -1.055243 -0.015825 -2.937816
v -2.175075 0.694717 -0.794111
v -2.074776 0.711155 -1.147447
v -2.526467 0.719679 -0.932829
v -2.971481 0.655803 0.454713
v -2.938223 0.185400 1.891666
v -2.882571 0.126955 2.185507
v -2.846655 0.147789 -2.427904
v -2.553130 0.133510 -2.526935
v -2.302201 0.313996 -2.015356
v -2.324947 0.188058 -2.317294
v -3.448393 0.198316 -1.993041
v -3.293923 0.170457 -1.847613
v -2.938861 0.205626 -1.792912
v -3.504763 0.200057 1.887562
v -3.492780 0.252136 1.502754
v -3.300773 0.638834 0.302911
v -3.704185 0.312912 -0.801990
v -3.707604 0.243416 1.301467
v -3.725918 0.451015 -0.087029
v -3.686306 0.454834 0.779067
v -3.463860 0.204603 -1.487727
v -3.346383 0.259130 -1.373808
v -3.918872 0.268948 0.518729
v -3.927891 0.244618 -0.407448
v -1.000000 -0.148695 1.000000
v -1.000000 6.851306 1.000000
v -1.000000 -0.148695 -1.000000
v -1.000000 6.851306 -1.000000
v 1.000000 -0.148695 1.000000
v 1.000000 6.851306 1.000000
v 1.000000 -0.148695 -1.000000
v 1.000000 6.851306 -1.000000
v -1.000000 -0.148694 -0.500000
v -1.000000 -0.148695 0.000000
v -1.000000 -0.148695 0.500000
v -1.000000 1.601306 1.000000
v -1.000000 3.351306 1.000000
v -1.000000 5.101305 1.000000
v -1.000000 6.851306 0.500000
v -1.000000 6.851306 0.000000
v -1.000000 6.851306 -0.500000
v -1.000000 5.101306 -1.000000
v -1.000000 3.351306 -1.000000
v -1.000000 1.601306 -1.000000
v 0.500000 -0.148695 -1.000000
v 0.000000 -0.148695 -1.000000
v -0.500000 -0.148695 -1.000000
v -0.500000 6.851306 -1.000000
v 0.000000 6.851306 -1.000000
v 0.500000 6.851306 -1.000000
v 1.000000 5.101306 -1.000000
v 1.000000 3.351306 -1.000000
v 1.000000 1.601305 -1.000000
v 1.000000 -0.148695 0.500000
v 1.000000 -0.148695 0.000000
v 1.000000 -0.148695 -0.500000
v 1.000000 6.851306 -0.500000
v 1.000000 6.851306 0.000000
v 1.000000 6.851306 0.500000
v 1.000000 5.101306 1.000000
v 1.000000 3.351306 1.000000
v 1.000000 1.601305 1.000000
v -0.500000 -0.148695 1.000000
v 0.000000 -0.148695 1.000000
v 0.500000 -0.148695 1.000000
v 0.500000 6.851306 1.000000
v 0.000000 6.851306 1.000000
v -0.500000 6.851306 1.000000
v -1.000000 1.601306 0.500000
v -1.000000 3.351306 0.500000
v -1.000000 5.101305 0.500000
v -1.000000 1.601306 0.000000
v -1.000000 3.351306 0.000000
v -1.000000 5.101306 0.000000
v -1.000000 1.601306 -0.500000
v -1.000000 3.351306 -0.500000
v -1.000000 5.101305 -0.500000
v -0.500000 1.601306 -1.000000
v -0.500000 3.351306 -1.000000
v -0.500000 5.101306 -1.000000
v -0.000000 1.601305 -1.000000
v 0.000000 3.351306 -1.000000
v 0.000000 5.101306 -1.000000
v 0.500000 1.601305 -1.000000
v 0.500000 3.351306 -1.000000
v 0.500000 5.101306 -1.000000
v 1.000000 1.601306 -0.500000
v 1.000000 3.351306 -0.500000
v 1.000000 5.101306 -0.500000
v 1.000000 1.601305 -0.000000
v 1.000000 3.351306 0.000000
v 1.000000 5.101306 0.000000
v 1.000000 1.601305 0.500000
v 1.000000 3.351306 0.500000
v 1.000000 5.101306 0.500000
v 0.500000 1.601306 1.000000
v 0.500000 3.351306 1.000000
v 0.500000 5.101306 1.000000
v 0.000000 1.601305 1.000000
v -0.000000 3.351306 1.000000
v 0.000000 5.101306 1.000000
v -0.500000 1.601305 1.000000
v -0.500000 3.351306 1.000000
v -0.500000 5.101306 1.000000
v 0.500000 6.851306 -0.500000
v 0.000000 6.851306 -0.500000
v -0.500000 6.851306 -0.500000
v 0.500000 6.851306 -0.000000
v 0.000000 6.851306 0.000000
v -0.500000 6.851306 0.000000
v 0.500000 6.851306 0.500000
v 0.000000 6.851306 0.500000
v -0.500000 6.851306 0.500000
v -1.000000 0.726305 1.000000
v -1.000000 0.726305 -1.000000
v 1.000000 0.726305 -1.000000
v 1.000000 0.726305 1.000000
v -1.000000 0.726306 -0.500000
v -1.000000 0.726305 0.000000
v -1.000000 0.726305 0.500000
v 0.500000 0.726305 -1.000000
v -0.000000 0.726305 -1.000000
v -0.500000 0.726305 -1.000000
v 1.000000 0.726305 0.500000
v 1.000000 0.726305 -0.000000
v 1.000000 0.726305 -0.500000
v -0.500000 0.726305 1.000000
v 0.000000 0.726305 1.000000
v 0.500000 0.726305 1.000000
v -1.000000 2.476306 1.000000
v -1.000000 2.476306 -1.000000
v 1.000000 2.476305 -1.000000
v 1.000000 2.476305 1.000000
v -1.000000 2.476306 0.500000
v -1.000000 2.476306 0.000000
v -1.000000 2.476306 -0.500000
v -0.500000 2.476306 -1.000000
v 0.000000 2.476305 -1.000000
v 0.500000 2.476305 -1.000000
v 1.000000 2.476306 -0.500000
v 1.000000 2.476305 0.000000
v 1.000000 2.476305 0.500000
v 0.500000 2.476306 1.000000
v -0.000000 2.476305 1.000000
v -0.500000 2.476305 1.000000
v -1.000000 4.226305 1.000000
v -1.000000 4.226306 -1.000000
v 1.000000 4.226306 -1.000000
v 1.000000 4.226306 1.000000
v -1.000000 4.226305 0.500000
v -1.000000 4.226306 0.000000
v -1.000000 4.226305 -0.500000
v -0.500000 4.226306 -1.000000
v 0.000000 4.226306 -1.000000
v 0.500000 4.226306 -1.000000
v 1.000000 4.226306 -0.500000
v 1.000000 4.226306 0.000000
v 1.000000 4.226306 0.500000
v 0.500000 4.226306 1.000000
v -0.000000 4.226306 1.000000
v -0.500000 4.226306 1.000000
v -1.000000 5.976306 1.000000
v -1.000000 5.976306 -1.000000
v 1.000000 5.976306 -1.000000
v 1.000000 5.976306 1.000000
v -1.000000 5.976306 0.500000
v -1.000000 5.976306 0.000000
v -1.000000 5.976306 -0.500000
v -0.500000 5.976306 -1.000000
v 0.000000 5.976306 -1.000000
v 0.500000 5.976306 -1.000000
v 1.000000 5.976306 -0.500000
v 1.000000 5.976306 0.000000
v 1.000000 5.976306 0.500000
v 0.500000 5.976306 1.000000
v 0.000000 5.976306 1.000000
v -0.500000 5.976306 1.000000
v -1.000000 2.520348 0.455958
v -1.000000 3.307264 0.455958
v -1.000000 3.307264 0.044042
v -1.000000 2.520348 0.044042
v -1.000000 4.270348 0.455958
v -1.000000 5.057263 0.455958
v -1.000000 5.057263 0.044042
v -1.000000 4.270348 0.044042
v -1.000000 2.520348 -0.044042
v -1.000000 3.307264 -0.044042
v -1.000000 3.307264 -0.455958
v -1.000000 2.520348 -0.455958
v -1.000000 4.270348 -0.044042
v -1.000000 5.057263 -0.044042
v -1.000000 5.057263 -0.455958
v -1.000000 4.270348 -0.455958
v -1.000000 0.770348 0.955958
v -1.000000 1.557264 0.955958
v -1.000000 1.557263 0.544042
v -1.000000 0.770348 0.544042
v -1.000000 2.520348 0.955958
v -1.000000 3.307264 0.955958
v -1.000000 3.307264 0.544042
v -1.000000 2.520348 0.544042
v -1.000000 4.270348 0.955958
v -1.000000 5.057263 0.955958
v -1.000000 5.057263 0.544042
v -1.000000 4.270348 0.544042
v -1.000000 6.020348 0.955958
v -1.000000 6.807264 0.955958
v -1.000000 6.807264 0.544042
v -1.000000 6.020348 0.544042
v -1.000000 6.020348 0.455958
v -1.000000 6.807264 0.455958
v -1.000000 6.807264 0.044042
v -1.000000 6.020348 0.044042
v -1.000000 6.020348 -0.044042
v -1.000000 6.807264 -0.044042
v -1.000000 6.807264 -0.455958
v -1.000000 6.020348 -0.455958
v -1.000000 6.020348 -0.544042
v -1.000000 6.807264 -0.544042
v -1.000000 6.807264 -0.955958
v -1.000000 6.020348 -0.955958
v -1.000000 4.270348 -0.544042
v -1.000000 5.057263 -0.544042
v -1.000000 5.057263 -0.955958
v -1.000000 4.270348 -0.955958
v -1.000000 2.520348 -0.544042
v -1.000000 3.307264 -0.544042
v -1.000000 3.307264 -0.955958
v -1.000000 2.520348 -0.955958
v -1.000000 0.770348 -0.544042
v -1.000000 1.557264 -0.544042
v -1.000000 1.557263 -0.955958
v -1.000000 0.770348 -0.955958
v -1.000000 0.770348 -0.044042
v -1.000000 1.557263 -0.044042
v -1.000000 1.557264 -0.455958
v -1.000000 0.770348 -0.455958
v -1.000000 0.770348 0.455958
v -1.000000 1.557263 0.455958
v -1.000000 1.557263 0.044042
v -1.000000 0.770348 0.044042
v -0.455958 2.520348 -1.000000
v -0.455958 3.307264 -1.000000
v -0.044042 3.307264 -1.000000
v -0.044042 2.520348 -1.000000
v -0.455958 4.270348 -1.000000
v -0.455958 5.057263 -1.000000
v -0.044042 5.057264 -1.000000
v -0.044042 4.270348 -1.000000
v 0.044042 2.520348 -1.000000
v 0.044042 3.307264 -1.000000
v 0.455958 3.307264 -1.000000
v 0.455958 2.520348 -1.000000
v 0.044042 4.270348 -1.000000
v 0.044042 5.057264 -1.000000
v 0.455958 5.057263 -1.000000
v 0.455958 4.270348 -1.000000
v -0.955958 0.770348 -1.000000
v -0.955958 1.557263 -1.000000
v -0.544042 1.557263 -1.000000
v -0.544042 0.770348 -1.000000
v -0.955958 2.520348 -1.000000
v -0.955958 3.307264 -1.000000
v -0.544042 3.307264 -1.000000
v -0.544042 2.520348 -1.000000
v -0.955958 4.270348 -1.000000
v -0.955958 5.057263 -1.000000
v -0.544042 5.057263 -1.000000
v -0.544042 4.270348 -1.000000
v -0.955958 6.020348 -1.000000
v -0.955958 6.807264 -1.000000
v -0.544042 6.807264 -1.000000
v -0.544042 6.020348 -1.000000
v -0.455958 6.020348 -1.000000
v -0.455958 6.807264 -1.000000
v -0.044042 6.807264 -1.000000
v -0.044042 6.020349 -1.000000
v 0.044042 6.020349 -1.000000
v 0.044042 6.807264 -1.000000
v 0.455958 6.807264 -1.000000
v 0.455958 6.020348 -1.000000
v 0.544042 6.020348 -1.000000
v 0.544042 6.807264 -1.000000
v 0.955958 6.807264 -1.000000
v 0.955958 6.020349 -1.000000
v 0.544042 4.270348 -1.000000
v 0.544042 5.057263 -1.000000
v 0.955958 5.057264 -1.000000
v 0.955958 4.270348 -1.000000
v 0.544042 2.520348 -1.000000
v 0.544042 3.307264 -1.000000
v 0.955958 3.307264 -1.000000
v 0.955958 2.520348 -1.000000
v 0.544042 0.770347 -1.000000
v 0.544042 1.557263 -1.000000
v 0.955958 1.557263 -1.000000
v 0.955958 0.770347 -1.000000
v 0.044042 0.770347 -1.000000
v 0.044042 1.557263 -1.000000
v 0.455958 1.557263 -1.000000
v 0.455958 0.770347 -1.000000
v -0.455958 0.770348 -1.000000
v -0.455958 1.557263 -1.000000
v -0.044042 1.557263 -1.000000
v -0.044042 0.770347 -1.000000
v 1.000000 2.520348 -0.455958
v 1.000000 3.307264 -0.455958
v 1.000000 3.307264 -0.044042
v 1.000000 2.520348 -0.044042
v 1.000000 4.270348 -0.455958
v 1.000000 5.057263 -0.455958
v 1.000000 5.057264 -0.044042
v 1.000000 4.270348 -0.044042
v 1.000000 2.520348 0.044042
v 1.000000 3.307264 0.044042
v 1.000000 3.307264 0.455958
v 1.000000 2.520348 0.455958
v 1.000000 4.270348 0.044042
v 1.000000 5.057264 0.044042
v 1.000000 5.057263 0.455958
v 1.000000 4.270348 0.455958
v 1.000000 0.770347 -0.955958
v 1.000000 1.557263 -0.955958
v 1.000000 1.557263 -0.544042
v 1.000000 0.770348 -0.544042
v 1.000000 2.520348 -0.955958
v 1.000000 3.307264 -0.955958
v 1.000000 3.307264 -0.544042
v 1.000000 2.520348 -0.544042
v 1.000000 4.270348 -0.955958
v 1.000000 5.057264 -0.955958
v 1.000000 5.057263 -0.544042
v 1.000000 4.270348 -0.544042
v 1.000000 6.020349 -0.955958
v 1.000000 6.807264 -0.955958
v 1.000000 6.807264 -0.544042
v 1.000000 6.020348 -0.544042
v 1.000000 6.020348 -0.455958
v 1.000000 6.807264 -0.455958
v 1.000000 6.807264 -0.044042
v 1.000000 6.020349 -0.044042
v 1.000000 6.020349 0.044042
v 1.000000 6.807264 0.044042
v 1.000000 6.807264 0.455958
v 1.000000 6.020348 0.455958
v 1.000000 6.020348 0.544042
v 1.000000 6.807264 0.544042
v 1.000000 6.807264 0.955958
v 1.000000 6.020349 0.955958
v 1.000000 4.270348 0.544042
v 1.000000 5.057263 0.544042
v 1.000000 5.057264 0.955958
v 1.000000 4.270348 0.955958
v 1.000000 2.520348 0.544042
v 1.000000 3.307264 0.544042
v 1.000000 3.307264 0.955958
v 1.000000 2.520348 0.955958
v 1.000000 0.770347 0.544042
v 1.000000 1.557263 0.544042
v 1.000000 1.557263 0.955958
v 1.000000 0.770347 0.955958
v 1.000000 0.770347 0.044042
v 1.000000 1.557263 0.044042
v 1.000000 1.557263 0.455958
v 1.000000 0.770347 0.455958
v 1.000000 0.770348 -0.455958
v 1.000000 1.557263 -0.455958
v 1.000000 1.557263 -0.044042
v 1.000000 0.770347 -0.044042
v 0.455958 2.520348 1.000000
v 0.455958 3.307264 1.000000
v 0.044042 3.307264 1.000000
v 0.044042 2.520348 1.000000
v 0.455958 4.270348 1.000000
v 0.455958 5.057263 1.000000
v 0.044042 5.057264 1.000000
v 0.044042 4.270348 1.000000
v -0.044042 2.520348 1.000000
v -0.044042 3.307264 1.000000
v -0.455958 3.307264 1.000000
v -0.455958 2.520348 1.000000
v -0.044042 4.270348 1.000000
v -0.044042 5.057264 1.000000
v -0.455958 5.057263 1.000000
v -0.455958 4.270348 1.000000
v 0.955958 0.770347 1.000000
v 0.955958 1.557263 1.000000
v 0.544042 1.557263 1.000000
v 0.544042 0.770348 1.000000
v 0.955958 2.520348 1.000000
v 0.955958 3.307264 1.000000
v 0.544042 3.307264 1.000000
v 0.544042 2.520348 1.000000
v 0.955958 4.270348 1.000000
v 0.955958 5.057264 1.000000
v 0.544042 5.057263 1.000000
v 0.544042 4.270348 1.000000
v 0.955958 6.020349 1.000000
v 0.955958 6.807264 1.000000
v 0.544042 6.807264 1.000000
v 0.544042 6.020348 1.000000
v 0.455958 6.020348 1.000000
v 0.455958 6.807264 1.000000
v 0.044042 6.807264 1.000000
v 0.044042 6.020349 1.000000
v -0.044042 6.020349 1.000000
v -0.044042 6.807264 1.000000
v -0.455958 6.807264 1.000000
v -0.455958 6.020348 1.000000
v -0.544042 6.020348 1.000000
v -0.544042 6.807264 1.000000
v -0.955958 6.807264 1.000000
v -0.955958 6.020348 1.000000
v -0.544042 4.270348 1.000000
v -0.544042 5.057263 1.000000
v -0.955958 5.057263 1.000000
v -0.955958 4.270348 1.000000
v -0.544042 2.520348 1.000000
v -0.544042 3.307264 1.000000
v -0.955958 3.307264 1.000000
v -0.955958 2.520348 1.000000
v -0.544042 0.770347 1.000000
v -0.544042 1.557263 1.000000
v -0.955958 1.557264 1.000000
v -0.955958 0.770348 1.000000
v -0.044042 0.770347 1.000000
v -0.044042 1.557263 1.000000
v -0.455958 1.557263 1.000000
v -0.455958 0.770347 1.000000
v 0.455958 0.770348 1.000000
v 0.455958 1.557263 1.000000
v 0.044042 1.557263 1.000000
v 0.044042 0.770347 1.000000
v 0.455958 -0.104653 1.000000
v 0.455958 0.682263 1.000000
v 0.044042 0.682263 1.000000
v 0.044042 -0.104653 1.000000
v -0.044042 -0.104653 1.000000
v -0.044042 0.682263 1.000000
v -0.455958 0.682263 1.000000
v -0.455958 -0.104653 1.000000
v -0.544042 -0.104653 1.000000
v -0.544042 0.682263 1.000000
v -0.955958 0.682263 1.000000
v -0.955958 -0.104653 1.000000
v 0.955958 -0.104653 1.000000
v 0.955958 0.682263 1.000000
v 0.544042 0.682263 1.000000
v 0.544042 -0.104653 1.000000
v 1.000000 -0.104653 -0.455958
v 1.000000 0.682263 -0.455958
v 1.000000 0.682263 -0.044042
v 1.000000 -0.104653 -0.044042
v 1.000000 -0.104653 0.044042
v 1.000000 0.682263 0.044042
v 1.000000 0.682263 0.455958
v 1.000000 -0.104653 0.455958
v 1.000000 -0.104653 0.544042
v 1.000000 0.682263 0.544042
v 1.000000 0.682263 0.955958
v 1.000000 -0.104653 0.955958
v 1.000000 -0.104653 -0.955958
v 1.000000 0.682263 -0.955958
v 1.000000 0.682263 -0.544042
v 1.000000 -0.104653 -0.544042
v -0.455958 -0.104653 -1.000000
v -0.455958 0.682263 -1.000000
v -0.044042 0.682263 -1.000000
v -0.044042 -0.104653 -1.000000
v 0.044042 -0.104653 -1.000000
v 0.044042 0.682263 -1.000000
v 0.455958 0.682263 -1.000000
v 0.455958 -0.104653 -1.000000
v 0.544042 -0.104653 -1.000000
v 0.544042 0.682263 -1.000000
v 0.955958 0.682263 -1.000000
v 0.955958 -0.104653 -1.000000
v -0.955958 -0.104653 -1.000000
v -0.955958 0.682263 -1.000000
v -0.544042 0.682263 -1.000000
v -0.544042 -0.104653 -1.000000
v -1.000000 -0.104653 0.455958
v -1.000000 0.682263 0.455958
v -1.000000 0.682263 0.044042
v -1.000000 -0.104653 0.044042
v -1.000000 -0.104652 -0.044042
v -1.000000 0.682263 -0.044042
v -1.000000 0.682264 -0.455958
v -1.000000 -0.104652 -0.455958
v -1.000000 -0.104652 -0.544042
v -1.000000 0.682264 -0.544042
v -1.000000 0.682263 -0.955958
v -1.000000 -0.104652 -0.955958
v -1.000000 -0.104653 0.955958
v -1.000000 0.682263 0.955958
v -1.000000 0.682263 0.544042
v -1.000000 -0.104653 0.544042
v -0.544042 1.645348 1.000000
v -0.544042 2.432263 1.000000
v -0.955958 2.432264 1.000000
v -0.955958 1.645348 1.000000
v 0.955958 1.645348 1.000000
v 0.955958 2.432263 1.000000
v 0.544042 2.432263 1.000000
v 0.544042 1.645348 1.000000
v -0.044042 1.645348 1.000000
v -0.044042 2.432263 1.000000
v -0.455958 2.432263 1.000000
v -0.455958 1.645348 1.000000
v 0.455958 1.645348 1.000000
v 0.455958 2.432263 1.000000
v 0.044042 2.432263 1.000000
v 0.044042 1.645348 1.000000
v 1.000000 1.645348 0.544042
v 1.000000 2.432263 0.544042
v 1.000000 2.432263 0.955958
v 1.000000 1.645348 0.955958
v 1.000000 1.645348 -0.955958
v 1.000000 2.432263 -0.955958
v 1.000000 2.432263 -0.544042
v 1.000000 1.645348 -0.544042
v 1.000000 1.645348 0.044042
v 1.000000 2.432263 0.044042
v 1.000000 2.432263 0.455958
v 1.000000 1.645348 0.455958
v 1.000000 1.645348 -0.455958
v 1.000000 2.432263 -0.455958
v 1.000000 2.432263 -0.044042
v 1.000000 1.645348 -0.044042
v 0.544042 1.645348 -1.000000
v 0.544042 2.432263 -1.000000
v 0.955958 2.432263 -1.000000
v 0.955958 1.645348 -1.000000
v -0.955958 1.645348 -1.000000
v -0.955958 2.432264 -1.000000
v -0.544042 2.432264 -1.000000
v -0.544042 1.645348 -1.000000
v 0.044042 1.645348 -1.000000
v 0.044042 2.432263 -1.000000
v 0.455958 2.432263 -1.000000
v 0.455958 1.645348 -1.000000
v -0.455958 1.645348 -1.000000
v -0.455958 2.432263 -1.000000
v -0.044042 2.432263 -1.000000
v -0.044042 1.645348 -1.000000
v -1.000000 1.645348 -0.544042
v -1.000000 2.432264 -0.544042
v -1.000000 2.432264 -0.955958
v -1.000000 1.645348 -0.955958
v -1.000000 1.645348 0.955958
v -1.000000 2.432264 0.955958
v -1.000000 2.432264 0.544042
v -1.000000 1.645348 0.544042
v -1.000000 1.645348 -0.044042
v -1.000000 2.432264 -0.044042
v -1.000000 2.432264 -0.455958
v -1.000000 1.645348 -0.455958
v -1.000000 1.645348 0.455958
v -1.000000 2.432264 0.455958
v -1.000000 2.432264 0.044042
v -1.000000 1.645348 0.044042
v -0.544042 3.395348 1.000000
v -0.544042 4.182263 1.000000
v -0.955958 4.182263 1.000000
v -0.955958 3.395348 1.000000
v 0.955958 3.395348 1.000000
v 0.955958 4.182263 1.000000
v 0.544042 4.182263 1.000000
v 0.544042 3.395348 1.000000
v -0.044042 3.395348 1.000000
v -0.044042 4.182263 1.000000
v -0.455958 4.182263 1.000000
v -0.455958 3.395348 1.000000
v 0.455958 3.395348 1.000000
v 0.455958 4.182263 1.000000
v 0.044042 4.182263 1.000000
v 0.044042 3.395348 1.000000
v 1.000000 3.395348 0.544042
v 1.000000 4.182263 0.544042
v 1.000000 4.182263 0.955958
v 1.000000 3.395348 0.955958
v 1.000000 3.395348 -0.955958
v 1.000000 4.182263 -0.955958
v 1.000000 4.182263 -0.544042
v 1.000000 3.395348 -0.544042
v 1.000000 3.395348 0.044042
v 1.000000 4.182263 0.044042
v 1.000000 4.182263 0.455958
v 1.000000 3.395348 0.455958
v 1.000000 3.395348 -0.455958
v 1.000000 4.182263 -0.455958
v 1.000000 4.182263 -0.044042
v 1.000000 3.395348 -0.044042
v 0.544042 3.395348 -1.000000
v 0.544042 4.182263 -1.000000
v 0.955958 4.182263 -1.000000
v 0.955958 3.395348 -1.000000
v -0.955958 3.395348 -1.000000
v -0.955958 4.182263 -1.000000
v -0.544042 4.182263 -1.000000
v -0.544042 3.395348 -1.000000
v 0.044042 3.395348 -1.000000
v 0.044042 4.182263 -1.000000
v 0.455958 4.182263 -1.000000
v 0.455958 3.395348 -1.000000
v -0.455958 3.395348 -1.000000
v -0.455958 4.182263 -1.000000
v -0.044042 4.182263 -1.000000
v -0.044042 3.395348 -1.000000
v -1.000000 3.395348 -0.544042
v -1.000000 4.182263 -0.544042
v -1.000000 4.182263 -0.955958
v -1.000000 3.395348 -0.955958
v -1.000000 3.395348 0.955958
v -1.000000 4.182263 0.955958
v -1.000000 4.182263 0.544042
v -1.000000 3.395348 0.544042
v -1.000000 3.395348 -0.044042
v -1.000000 4.182263 -0.044042
v -1.000000 4.182263 -0.455958
v -1.000000 3.395348 -0.455958
v -1.000000 3.395348 0.455958
v -1.000000 4.182263 0.455958
v -1.000000 4.182263 0.044042
v -1.000000 3.395348 0.044042
v -0.544042 5.145348 1.000000
v -0.544042 5.932264 1.000000
v -0.955958 5.932263 1.000000
v -0.955958 5.145348 1.000000
v -0.044042 5.145348 1.000000
v -0.044042 5.932264 1.000000
v -0.455958 5.932264 1.000000
v -0.455958 5.145348 1.000000
v 0.455958 5.145348 1.000000
v 0.455958 5.932264 1.000000
v 0.044042 5.932264 1.000000
v 0.044042 5.145348 1.000000
v 0.955958 5.145348 1.000000
v 0.955958 5.932264 1.000000
v 0.544042 5.932264 1.000000
v 0.544042 5.145348 1.000000
v 1.000000 5.145348 0.544042
v 1.000000 5.932264 0.544042
v 1.000000 5.932264 0.955958
v 1.000000 5.145348 0.955958
v 1.000000 5.145348 0.044042
v 1.000000 5.932264 0.044042
v 1.000000 5.932264 0.455958
v 1.000000 5.145348 0.455958
v 1.000000 5.145348 -0.455958
v 1.000000 5.932264 -0.455958
v 1.000000 5.932264 -0.044042
v 1.000000 5.145348 -0.044042
v 1.000000 5.145348 -0.955958
v 1.000000 5.932264 -0.955958
v 1.000000 5.932264 -0.544042
v 1.000000 5.145348 -0.544042
v 0.544042 5.145348 -1.000000
v 0.544042 5.932264 -1.000000
v 0.955958 5.932264 -1.000000
v 0.955958 5.145348 -1.000000
v 0.044042 5.145348 -1.000000
v 0.044042 5.932264 -1.000000
v 0.455958 5.932264 -1.000000
v 0.455958 5.145348 -1.000000
v -0.455958 5.145348 -1.000000
v -0.455958 5.932264 -1.000000
v -0.044042 5.932264 -1.000000
v -0.044042 5.145348 -1.000000
v -0.955958 5.145348 -1.000000
v -0.955958 5.932264 -1.000000
v -0.544042 5.932264 -1.000000
v -0.544042 5.145348 -1.000000
v -1.000000 5.145348 -0.544042
v -1.000000 5.932264 -0.544042
v -1.000000 5.932264 -0.955958
v -1.000000 5.145348 -0.955958
v -1.000000 5.145348 -0.044042
v -1.000000 5.932264 -0.044042
v -1.000000 5.932264 -0.455958
v -1.000000 5.145348 -0.455958
v -1.000000 5.145348 0.455958
v -1.000000 5.932263 0.455958
v -1.000000 5.932264 0.044042
v -1.000000 5.145348 0.044042
v -1.000000 5.145348 0.955958
v -1.000000 5.932263 0.955958
v -1.000000 5.932263 0.544042
v -1.000000 5.145348 0.544042
v -0.958276 -0.104652 -0.955958
v -0.958276 -0.104652 -0.544042
v -0.958276 -0.104652 -0.455958
v -0.958276 -0.104652 -0.044042
v -0.958276 -0.104653 0.044042
v -0.958276 -0.104653 0.455958
v -0.958276 -0.104653 0.544042
v -0.958276 -0.104653 0.955958
v 0.955958 -0.104653 -0.958276
v 0.544042 -0.104653 -0.958276
v 0.455958 -0.104653 -0.958276
v 0.044042 -0.104653 -0.958276
v -0.044042 -0.104653 -0.958276
v -0.455958 -0.104653 -0.958276
v -0.544042 -0.104653 -0.958276
v -0.955958 -0.104653 -0.958276
v 0.958276 -0.104653 0.955958
v 0.958276 -0.104653 0.544042
v 0.958276 -0.104653 0.455958
v 0.958276 -0.104653 0.044042
v 0.958276 -0.104653 -0.044042
v 0.958276 -0.104653 -0.455958
v 0.958276 -0.104653 -0.544042
v 0.958276 -0.104653 -0.955958
v -0.955958 -0.104653 0.958276
v -0.544042 -0.104653 0.958276
v -0.455958 -0.104653 0.958276
v -0.044042 -0.104653 0.958276
v 0.044042 -0.104653 0.958276
v 0.455958 -0.104653 0.958276
v 0.544042 -0.104653 0.958276
v 0.955958 -0.104653 0.958276
v -0.958276 2.520348 0.455958
v -0.958276 3.307264 0.455958
v -0.958276 2.520348 0.044042
v -0.958276 3.307264 0.044042
v -0.958276 4.270348 0.455958
v -0.958276 5.057263 0.455958
v -0.958276 4.270348 0.044042
v -0.958276 5.057263 0.044042
v -0.958276 2.520348 -0.044042
v -0.958276 3.307264 -0.044042
v -0.958276 2.520348 -0.455958
v -0.958276 3.307264 -0.455958
v -0.958276 4.270348 -0.044042
v -0.958276 5.057263 -0.044042
v -0.958276 4.270348 -0.455958
v -0.958276 5.057263 -0.455958
v -0.958276 0.770348 0.955958
v -0.958276 1.557264 0.955958
v -0.958276 0.770348 0.544042
v -0.958276 1.557263 0.544042
v -0.958276 2.520348 0.955958
v -0.958276 3.307264 0.955958
v -0.958276 2.520348 0.544042
v -0.958276 3.307264 0.544042
v -0.958276 4.270348 0.955958
v -0.958276 5.057263 0.955958
v -0.958276 4.270348 0.544042
v -0.958276 5.057263 0.544042
v -0.958276 6.020348 0.955958
v -0.958276 6.807264 0.955958
v -0.958276 6.020348 0.544042
v -0.958276 6.807264 0.544042
v -0.958276 6.807264 0.455958
v -0.958276 6.020348 0.455958
v -0.958276 6.020348 0.044042
v -0.958276 6.807264 0.044042
v -0.958276 6.807264 -0.044042
v -0.958276 6.020348 -0.044042
v -0.958276 6.020348 -0.455958
v -0.958276 6.807264 -0.455958
v -0.958276 6.807264 -0.544042
v -0.958276 6.020348 -0.544042
v -0.958276 6.020348 -0.955958
v -0.958276 6.807264 -0.955958
v -0.958276 4.270348 -0.544042
v -0.958276 5.057263 -0.544042
v -0.958276 4.270348 -0.955958
v -0.958276 5.057263 -0.955958
v -0.958276 2.520348 -0.544042
v -0.958276 3.307264 -0.544042
v -0.958276 2.520348 -0.955958
v -0.958276 3.307264 -0.955958
v -0.958276 0.770348 -0.544042
v -0.958276 1.557264 -0.544042
v -0.958276 0.770348 -0.955958
v -0.958276 1.557263 -0.955958
v -0.958276 0.770348 -0.044042
v -0.958276 1.557263 -0.044042
v -0.958276 0.770348 -0.455958
v -0.958276 1.557264 -0.455958
v -0.958276 0.770348 0.455958
v -0.958276 1.557263 0.455958
v -0.958276 0.770348 0.044042
v -0.958276 1.557263 0.044042
v -0.455958 2.520348 -0.958276
v -0.455958 3.307264 -0.958276
v -0.044042 2.520348 -0.958276
v -0.044042 3.307264 -0.958276
v -0.455958 4.270348 -0.958276
v -0.455958 5.057263 -0.958276
v -0.044042 4.270348 -0.958276
v -0.044042 5.057264 -0.958276
v 0.044042 2.520348 -0.958276
v 0.044042 3.307264 -0.958276
v 0.455958 2.520348 -0.958276
v 0.455958 3.307264 -0.958276
v 0.044042 4.270348 -0.958276
v 0.044042 5.057264 -0.958276
v 0.455958 4.270348 -0.958276
v 0.455958 5.057263 -0.958276
v -0.955958 1.557263 -0.958276
v -0.955958 0.770348 -0.958276
v -0.544042 0.770348 -0.958276
v -0.544042 1.557263 -0.958276
v -0.955958 3.307264 -0.958276
v -0.955958 2.520348 -0.958276
v -0.544042 2.520348 -0.958276
v -0.544042 3.307264 -0.958276
v -0.955958 5.057263 -0.958276
v -0.955958 4.270348 -0.958276
v -0.544042 4.270348 -0.958276
v -0.544042 5.057263 -0.958276
v -0.955958 6.807264 -0.958276
v -0.955958 6.020348 -0.958276
v -0.544042 6.020348 -0.958276
v -0.544042 6.807264 -0.958276
v -0.455958 6.807264 -0.958276
v -0.455958 6.020348 -0.958276
v -0.044042 6.020349 -0.958276
v -0.044042 6.807264 -0.958276
v 0.044042 6.807264 -0.958276
v 0.044042 6.020349 -0.958276
v 0.455958 6.020348 -0.958276
v 0.455958 6.807264 -0.958276
v 0.544042 6.807264 -0.958276
v 0.544042 6.020348 -0.958276
v 0.955958 6.020349 -0.958276
v 0.955958 6.807264 -0.958276
v 0.544042 4.270348 -0.958276
v 0.544042 5.057263 -0.958276
v 0.955958 4.270348 -0.958276
v 0.955958 5.057264 -0.958276
v 0.544042 2.520348 -0.958276
v 0.544042 3.307264 -0.958276
v 0.955958 2.520348 -0.958276
v 0.955958 3.307264 -0.958276
v 0.544042 0.770347 -0.958276
v 0.544042 1.557263 -0.958276
v 0.955958 0.770347 -0.958276
v 0.955958 1.557263 -0.958276
v 0.044042 0.770347 -0.958276
v 0.044042 1.557263 -0.958276
v 0.455958 0.770347 -0.958276
v 0.455958 1.557263 -0.958276
v -0.455958 0.770348 -0.958276
v -0.455958 1.557263 -0.958276
v -0.044042 0.770347 -0.958276
v -0.044042 1.557263 -0.958276
v 0.958276 2.520348 -0.455958
v 0.958276 3.307264 -0.455958
v 0.958276 2.520348 -0.044042
v 0.958276 3.307264 -0.044042
v 0.958276 4.270348 -0.455958
v 0.958276 5.057263 -0.455958
v 0.958276 4.270348 -0.044042
v 0.958276 5.057264 -0.044042
v 0.958276 2.520348 0.044042
v 0.958276 3.307264 0.044042
v 0.958276 2.520348 0.455958
v 0.958276 3.307264 0.455958
v 0.958276 4.270348 0.044042
v 0.958276 5.057264 0.044042
v 0.958276 4.270348 0.455958
v 0.958276 5.057263 0.455958
v 0.958276 1.557263 -0.955958
v 0.958276 0.770347 -0.955958
v 0.958276 0.770348 -0.544042
v 0.958276 1.557263 -0.544042
v 0.958276 3.307264 -0.955958
v 0.958276 2.520348 -0.955958
v 0.958276 2.520348 -0.544042
v 0.958276 3.307264 -0.544042
v 0.958276 5.057264 -0.955958
v 0.958276 4.270348 -0.955958
v 0.958276 4.270348 -0.544042
v 0.958276 5.057263 -0.544042
v 0.958276 6.807264 -0.955958
v 0.958276 6.020349 -0.955958
v 0.958276 6.020348 -0.544042
v 0.958276 6.807264 -0.544042
v 0.958276 6.807264 -0.455958
v 0.958276 6.020348 -0.455958
v 0.958276 6.020349 -0.044042
v 0.958276 6.807264 -0.044042
v 0.958276 6.807264 0.044042
v 0.958276 6.020349 0.044042
v 0.958276 6.020348 0.455958
v 0.958276 6.807264 0.455958
v 0.958276 6.807264 0.544042
v 0.958276 6.020348 0.544042
v 0.958276 6.020349 0.955958
v 0.958276 6.807264 0.955958
v 0.958276 4.270348 0.544042
v 0.958276 5.057263 0.544042
v 0.958276 4.270348 0.955958
v 0.958276 5.057264 0.955958
v 0.958276 2.520348 0.544042
v 0.958276 3.307264 0.544042
v 0.958276 2.520348 0.955958
v 0.958276 3.307264 0.955958
v 0.958276 0.770347 0.544042
v 0.958276 1.557263 0.544042
v 0.958276 0.770347 0.955958
v 0.958276 1.557263 0.955958
v 0.958276 0.770347 0.044042
v 0.958276 1.557263 0.044042
v 0.958276 0.770347 0.455958
v 0.958276 1.557263 0.455958
v 0.958276 0.770348 -0.455958
v 0.958276 1.557263 -0.455958
v 0.958276 0.770347 -0.044042
v 0.958276 1.557263 -0.044042
v 0.455958 2.520348 0.958276
v 0.455958 3.307264 0.958276
v 0.044042 2.520348 0.958276
v 0.044042 3.307264 0.958276
v 0.455958 4.270348 0.958276
v 0.455958 5.057263 0.958276
v 0.044042 4.270348 0.958276
v 0.044042 5.057264 0.958276
v -0.044042 2.520348 0.958276
v -0.044042 3.307264 0.958276
v -0.455958 2.520348 0.958276
v -0.455958 3.307264 0.958276
v -0.044042 4.270348 0.958276
v -0.044042 5.057264 0.958276
v -0.455958 4.270348 0.958276
v -0.455958 5.057263 0.958276
v 0.955958 1.557263 0.958276
v 0.955958 0.770347 0.958276
v 0.544042 0.770348 0.958276
v 0.544042 1.557263 0.958276
v 0.955958 3.307264 0.958276
v 0.955958 2.520348 0.958276
v 0.544042 2.520348 0.958276
v 0.544042 3.307264 0.958276
v 0.955958 5.057264 0.958276
v 0.955958 4.270348 0.958276
v 0.544042 4.270348 0.958276
v 0.544042 5.057263 0.958276
v 0.955958 6.807264 0.958276
v 0.955958 6.020349 0.958276
v 0.544042 6.020348 0.958276
v 0.544042 6.807264 0.958276
v 0.455958 6.807264 0.958276
v 0.455958 6.020348 0.958276
v 0.044042 6.020349 0.958276
v 0.044042 6.807264 0.958276
v -0.044042 6.807264 0.958276
v -0.044042 6.020349 0.958276
v -0.455958 6.020348 0.958276
v -0.455958 6.807264 0.958276
v -0.544042 6.807264 0.958276
v -0.544042 6.020348 0.958276
v -0.955958 6.020348 0.958276
v -0.955958 6.807264 0.958276
v -0.544042 4.270348 0.958276
v -0.544042 5.057263 0.958276
v -0.955958 4.270348 0.958276
v -0.955958 5.057263 0.958276
v -0.544042 2.520348 0.958276
v -0.544042 3.307264 0.958276
v -0.955958 2.520348 0.958276
v -0.955958 3.307264 0.958276
v -0.544042 0.770347 0.958276
v -0.544042 1.557263 0.958276
v -0.955958 0.770348 0.958276
v -0.955958 1.557264 0.958276
v -0.044042 0.770347 0.958276
v -0.044042 1.557263 0.958276
v -0.455958 0.770347 0.958276
v -0.455958 1.557263 0.958276
v 0.455958 0.770348 0.958276
v 0.455958 1.557263 0.958276
v 0.044042 0.770347 0.958276
v 0.044042 1.557263 0.958276
v 0.455958 0.682263 0.958276
v 0.044042 0.682263 0.958276
v -0.044042 0.682263 0.958276
v -0.455958 0.682263 0.958276
v -0.544042 0.682263 0.958276
v -0.955958 0.682263 0.958276
v 0.955958 0.682263 0.958276
v 0.544042 0.682263 0.958276
v 0.958276 0.682263 -0.455958
v 0.958276 0.682263 -0.044042
v 0.958276 0.682263 0.044042
v 0.958276 0.682263 0.455958
v 0.958276 0.682263 0.544042
v 0.958276 0.682263 0.955958
v 0.958276 0.682263 -0.955958
v 0.958276 0.682263 -0.544042
v -0.455958 0.682263 -0.958276
v -0.044042 0.682263 -0.958276
v 0.044042 0.682263 -0.958276
v 0.455958 0.682263 -0.958276
v 0.544042 0.682263 -0.958276
v 0.955958 0.682263 -0.958276
v -0.955958 0.682263 -0.958276
v -0.544042 0.682263 -0.958276
v -0.958276 0.682263 0.455958
v -0.958276 0.682263 0.044042
v -0.958276 0.682263 -0.044042
v -0.958276 0.682264 -0.455958
v -0.958276 0.682264 -0.544042
v -0.958276 0.682263 -0.955958
v -0.958276 0.682263 0.955958
v -0.958276 0.682263 0.544042
v -0.544042 1.645348 0.958276
v -0.544042 2.432263 0.958276
v -0.955958 1.645348 0.958276
v -0.955958 2.432264 0.958276
v 0.955958 2.432263 0.958276
v 0.955958 1.645348 0.958276
v 0.544042 1.645348 0.958276
v 0.544042 2.432263 0.958276
v -0.044042 1.645348 0.958276
v -0.044042 2.432263 0.958276
v -0.455958 1.645348 0.958276
v -0.455958 2.432263 0.958276
v 0.455958 1.645348 0.958276
v 0.455958 2.432263 0.958276
v 0.044042 1.645348 0.958276
v 0.044042 2.432263 0.958276
v 0.958276 1.645348 0.544042
v 0.958276 2.432263 0.544042
v 0.958276 1.645348 0.955958
v 0.958276 2.432263 0.955958
v 0.958276 2.432263 -0.955958
v 0.958276 1.645348 -0.955958
v 0.958276 1.645348 -0.544042
v 0.958276 2.432263 -0.544042
v 0.958276 1.645348 0.044042
v 0.958276 2.432263 0.044042
v 0.958276 1.645348 0.455958
v 0.958276 2.432263 0.455958
v 0.958276 1.645348 -0.455958
v 0.958276 2.432263 -0.455958
v 0.958276 1.645348 -0.044042
v 0.958276 2.432263 -0.044042
v 0.544042 1.645348 -0.958276
v 0.544042 2.432263 -0.958276
v 0.955958 1.645348 -0.958276
v 0.955958 2.432263 -0.958276
v -0.955958 2.432264 -0.958276
v -0.955958 1.645348 -0.958276
v -0.544042 1.645348 -0.958276
v -0.544042 2.432264 -0.958276
v 0.044042 1.645348 -0.958276
v 0.044042 2.432263 -0.958276
v 0.455958 1.645348 -0.958276
v 0.455958 2.432263 -0.958276
v -0.455958 1.645348 -0.958276
v -0.455958 2.432263 -0.958276
v -0.044042 1.645348 -0.958276
v -0.044042 2.432263 -0.958276
v -0.958276 1.645348 -0.544042
v -0.958276 2.432264 -0.544042
v -0.958276 1.645348 -0.955958
v -0.958276 2.432264 -0.955958
v -0.958276 1.645348 0.955958
v -0.958276 2.432264 0.955958
v -0.958276 1.645348 0.544042
v -0.958276 2.432264 0.544042
v -0.958276 1.645348 -0.044042
v -0.958276 2.432264 -0.044042
v -0.958276 1.645348 -0.455958
v -0.958276 2.432264 -0.455958
v -0.958276 1.645348 0.455958
v -0.958276 2.432264 0.455958
v -0.958276 1.645348 0.044042
v -0.958276 2.432264 0.044042
v -0.544042 3.395348 0.958276
v -0.544042 4.182263 0.958276
v -0.955958 3.395348 0.958276
v -0.955958 4.182263 0.958276
v 0.955958 4.182263 0.958276
v 0.955958 3.395348 0.958276
v 0.544042 3.395348 0.958276
v 0.544042 4.182263 0.958276
v -0.044042 3.395348 0.958276
v -0.044042 4.182263 0.958276
v -0.455958 3.395348 0.958276
v -0.455958 4.182263 0.958276
v 0.455958 3.395348 0.958276
v 0.455958 4.182263 0.958276
v 0.044042 3.395348 0.958276
v 0.044042 4.182263 0.958276
v 0.958276 3.395348 0.544042
v 0.958276 4.182263 0.544042
v 0.958276 3.395348 0.955958
v 0.958276 4.182263 0.955958
v 0.958276 4.182263 -0.955958
v 0.958276 3.395348 -0.955958
v 0.958276 3.395348 -0.544042
v 0.958276 4.182263 -0.544042
v 0.958276 3.395348 0.044042
v 0.958276 4.182263 0.044042
v 0.958276 3.395348 0.455958
v 0.958276 4.182263 0.455958
v 0.958276 3.395348 -0.455958
v 0.958276 4.182263 -0.455958
v 0.958276 3.395348 -0.044042
v 0.958276 4.182263 -0.044042
v 0.544042 3.395348 -0.958276
v 0.544042 4.182263 -0.958276
v 0.955958 3.395348 -0.958276
v 0.955958 4.182263 -0.958276
v -0.955958 4.182263 -0.958276
v -0.955958 3.395348 -0.958276
v -0.544042 3.395348 -0.958276
v -0.544042 4.182263 -0.958276
v 0.044042 3.395348 -0.958276
v 0.044042 4.182263 -0.958276
v 0.455958 3.395348 -0.958276
v 0.455958 4.182263 -0.958276
v -0.455958 3.395348 -0.958276
v -0.455958 4.182263 -0.958276
v -0.044042 3.395348 -0.958276
v -0.044042 4.182263 -0.958276
v -0.958276 3.395348 -0.544042
v -0.958276 4.182263 -0.544042
v -0.958276 3.395348 -0.955958
v -0.958276 4.182263 -0.955958
v -0.958276 3.395348 0.955958
v -0.958276 4.182263 0.955958
v -0.958276 3.395348 0.544042
v -0.958276 4.182263 0.544042
v -0.958276 3.395348 -0.044042
v -0.958276 4.182263 -0.044042
v -0.958276 3.395348 -0.455958
v -0.958276 4.182263 -0.455958
v -0.958276 3.395348 0.455958
v -0.958276 4.182263 0.455958
v -0.958276 3.395348 0.044042
v -0.958276 4.182263 0.044042
v -0.544042 5.932264 0.958276
v -0.544042 5.145348 0.958276
v -0.955958 5.145348 0.958276
v -0.955958 5.932263 0.958276
v -0.044042 5.932264 0.958276
v -0.044042 5.145348 0.958276
v -0.455958 5.145348 0.958276
v -0.455958 5.932264 0.958276
v 0.455958 5.932264 0.958276
v 0.455958 5.145348 0.958276
v 0.044042 5.145348 0.958276
v 0.044042 5.932264 0.958276
v 0.955958 5.932264 0.958276
v 0.955958 5.145348 0.958276
v 0.544042 5.145348 0.958276
v 0.544042 5.932264 0.958276
v 0.958276 5.932264 0.544042
v 0.958276 5.145348 0.544042
v 0.958276 5.145348 0.955958
v 0.958276 5.932264 0.955958
v 0.958276 5.932264 0.044042
v 0.958276 5.145348 0.044042
v 0.958276 5.145348 0.455958
v 0.958276 5.932264 0.455958
v 0.958276 5.932264 -0.455958
v 0.958276 5.145348 -0.455958
v 0.958276 5.145348 -0.044042
v 0.958276 5.932264 -0.044042
v 0.958276 5.932264 -0.955958
v 0.958276 5.145348 -0.955958
v 0.958276 5.145348 -0.544042
v 0.958276 5.932264 -0.544042
v 0.544042 5.932264 -0.958276
v 0.544042 5.145348 -0.958276
v 0.955958 5.145348 -0.958276
v 0.955958 5.932264 -0.958276
v 0.044042 5.932264 -0.958276
v 0.044042 5.145348 -0.958276
v 0.455958 5.145348 -0.958276
v 0.455958 5.932264 -0.958276
v -0.455958 5.932264 -0.958276
v -0.455958 5.145348 -0.958276
v -0.044042 5.145348 -0.958276
v -0.044042 5.932264 -0.958276
v -0.955958 5.932264 -0.958276
v -0.955958 5.145348 -0.958276
v -0.544042 5.145348 -0.958276
v -0.544042 5.932264 -0.958276
v -0.958276 5.932264 -0.544042
v -0.958276 5.145348 -0.544042
v -0.958276 5.145348 -0.955958
v -0.958276 5.932264 -0.955958
v -0.958276 5.932264 -0.044042
v -0.958276 5.145348 -0.044042
v -0.958276 5.145348 -0.455958
v -0.958276 5.932264 -0.455958
v -0.958276 5.932263 0.455958
v -0.958276 5.145348 0.455958
v -0.958276 5.145348 0.044042
v -0.958276 5.932264 0.044042
v -0.958276 5.145348 0.955958
v -0.958276 5.932263 0.955958
v -0.958276 5.145348 0.544042
v -0.958276 5.932263 0.544042
vt 0.478399 0.192890
vt 0.466189 0.173791
vt 0.464445 0.147556
vt 0.396237 0.654457
vt 0.388228 0.650484
vt 0.395820 0.665768
vt 0.228979 0.000000
vt 0.211737 0.003679
vt 0.192841 0.003702
vt 0.288878 0.264918
vt 0.260302 0.274659
vt 0.268189 0.214111
vt 0.273307 0.290586
vt 0.292924 0.290039
vt 0.314986 0.653214
vt 0.311901 0.640545
vt 0.322791 0.646856
vt 0.307090 0.202722
vt 0.259930 0.193756
vt 0.336137 0.703054
vt 0.325684 0.684632
vt 0.322233 0.702093
vt 0.016679 0.193820
vt 0.016639 0.212545
vt 0.003049 0.212204
vt 0.000000 0.228470
vt 0.037230 0.229163
vt 0.322437 0.608036
vt 0.298045 0.594949
vt 0.323440 0.562081
vt 0.237013 0.323614
vt 0.230326 0.305596
vt 0.295918 0.315114
vt 0.226246 0.282669
vt 0.022364 0.343721
vt 0.039972 0.356123
vt 0.039974 0.376374
vt 0.275527 0.352278
vt 0.235861 0.356830
vt 0.253289 0.390321
vt 0.295374 0.354715
vt 0.213574 0.391653
vt 0.069656 0.376250
vt 0.071201 0.400270
vt 0.045365 0.382934
vt 0.257725 0.411973
vt 0.280347 0.423101
vt 0.260725 0.434898
vt 0.229794 0.435473
vt 0.107584 0.413209
vt 0.107069 0.443031
vt 0.083998 0.414444
vt 0.148917 0.443448
vt 0.149156 0.465341
vt 0.288315 0.464743
vt 0.267719 0.465150
vt 0.257268 0.465271
vt 0.226969 0.478508
vt 0.200429 0.466503
vt 0.175192 0.473124
vt 0.172751 0.465442
vt 0.280578 0.472598
vt 0.265517 0.478793
vt 0.344328 0.651828
vt 0.355341 0.656423
vt 0.351374 0.671234
vt 0.217777 0.478506
vt 0.241799 0.483414
vt 0.194592 0.478932
vt 0.347043 0.632686
vt 0.355283 0.608778
vt 0.450418 0.150198
vt 0.440039 0.128441
vt 0.449360 0.119596
vt 0.029017 0.144035
vt 0.038821 0.178586
vt 0.023443 0.152662
vt 0.015676 0.158228
vt 0.060016 0.192120
vt 0.045394 0.108089
vt 0.039237 0.123694
vt 0.038985 0.107362
vt 0.054811 0.118493
vt 0.039425 0.135006
vt 0.070333 0.124783
vt 0.041963 0.149036
vt 0.080772 0.077471
vt 0.069878 0.085666
vt 0.068884 0.070602
vt 0.087263 0.061218
vt 0.373672 0.070902
vt 0.378859 0.049152
vt 0.388753 0.068952
vt 0.148662 0.057857
vt 0.115016 0.066068
vt 0.124105 0.043262
vt 0.331887 0.023130
vt 0.356650 0.035085
vt 0.339268 0.034302
vt 0.332825 0.016954
vt 0.374776 0.039163
vt 0.300081 0.015353
vt 0.287332 0.003344
vt 0.289436 0.007460
vt 0.287959 0.015861
vt 0.184546 0.009479
vt 0.147969 0.025729
vt 0.147406 0.017669
vt 0.196349 0.038246
vt 0.159278 0.041747
vt 0.225756 0.002531
vt 0.244275 0.003214
vt 0.226431 0.010361
vt 0.193320 0.303265
vt 0.215894 0.322171
vt 0.185488 0.350390
vt 0.211208 0.294386
vt 0.208179 0.354863
vt 0.176775 0.079847
vt 0.240165 0.060527
vt 0.228639 0.078292
vt 0.178748 0.058341
vt 0.304184 0.062948
vt 0.173400 0.009670
vt 0.217717 0.249988
vt 0.177017 0.188979
vt 0.239235 0.203594
vt 0.194341 0.212884
vt 0.177639 0.408343
vt 0.216763 0.420622
vt 0.208190 0.440603
vt 0.181449 0.428968
vt 0.169673 0.152870
vt 0.185915 0.112442
vt 0.222621 0.159027
vt 0.240268 0.035111
vt 0.277169 0.017352
vt 0.161045 0.354425
vt 0.134237 0.377218
vt 0.151505 0.457351
vt 0.173203 0.446477
vt 0.150001 0.268785
vt 0.166213 0.255132
vt 0.186414 0.243246
vt 0.148129 0.428525
vt 0.153784 0.198436
vt 0.105578 0.040231
vt 0.100174 0.060799
vt 0.090113 0.053026
vt 0.100317 0.082677
vt 0.111458 0.343050
vt 0.129695 0.308167
vt 0.095012 0.294035
vt 0.123916 0.430886
vt 0.125548 0.413399
vt 0.087999 0.257977
vt 0.122706 0.247487
vt 0.116639 0.212652
vt 0.125614 0.110294
vt 0.140060 0.154204
vt 0.120626 0.137486
vt 0.082639 0.111261
vt 0.109796 0.159068
vt 0.102432 0.387910
vt 0.068536 0.107809
vt 0.055883 0.096486
vt 0.058587 0.083281
vt 0.062196 0.168591
vt 0.093807 0.178099
vt 0.088314 0.377024
vt 0.090191 0.396621
vt 0.070343 0.413134
vt 0.067872 0.341784
vt 0.090985 0.320817
vt 0.076696 0.219051
vt 0.039926 0.333764
vt 0.039867 0.313451
vt 0.307433 0.761526
vt 0.321547 0.769471
vt 0.310912 0.772870
vt 0.321315 0.789296
vt 0.057894 0.359919
vt 0.051355 0.348730
vt 0.039449 0.210189
vt 0.017306 0.301584
vt 0.025516 0.320939
vt 0.017492 0.334674
vt 0.029414 0.307128
vt 0.017298 0.289322
vt 0.027854 0.295976
vt 0.036948 0.293143
vt 0.305313 0.575625
vt 0.295192 0.562653
vt 0.061030 0.267394
vt 0.017222 0.277143
vt 0.322574 0.738531
vt 0.012949 0.250378
vt 0.003412 0.256166
vt 0.010526 0.263401
vt 0.003493 0.271252
vt 0.003391 0.243525
vt 0.313478 0.625472
vt 0.306622 0.614230
vt 0.307562 0.633244
vt 0.296531 0.619378
vt 0.296429 0.607197
vt 0.322251 0.668347
vt 0.320715 0.238638
vt 0.339684 0.252748
vt 0.353099 0.268977
vt 0.344945 0.200257
vt 0.345933 0.234062
vt 0.300331 0.394803
vt 0.318183 0.380195
vt 0.342637 0.418321
vt 0.293632 0.444764
vt 0.327568 0.443499
vt 0.270717 0.156709
vt 0.227966 0.124446
vt 0.281293 0.123505
vt 0.293429 0.087593
vt 0.268600 0.003257
vt 0.349164 0.310394
vt 0.344813 0.337274
vt 0.316908 0.465032
vt 0.312885 0.471278
vt 0.334580 0.464600
vt 0.924303 0.516586
vt 0.921572 0.476011
vt 0.924303 0.465499
vt 0.239768 0.173754
vt 0.295335 0.179686
vt 0.361579 0.240151
vt 0.389695 0.275056
vt 0.374322 0.294382
vt 0.352813 0.394965
vt 0.357632 0.415372
vt 0.312431 0.117537
vt 0.308799 0.157570
vt 0.358221 0.098332
vt 0.349637 0.356854
vt 0.370380 0.352429
vt 0.394212 0.308939
vt 0.378664 0.382099
vt 0.393085 0.226983
vt 0.357964 0.451984
vt 0.376377 0.442047
vt 0.376177 0.411947
vt 0.343414 0.451705
vt 0.301077 0.033093
vt 0.328371 0.177880
vt 0.353152 0.071050
vt 0.414517 0.409873
vt 0.372526 0.192519
vt 0.366366 0.171143
vt 0.385231 0.159250
vt 0.359779 0.144958
vt 0.379932 0.118520
vt 0.381237 0.100227
vt 0.411924 0.220681
vt 0.421063 0.267967
vt 0.405495 0.323768
vt 0.416094 0.372820
vt 0.392995 0.395071
vt 0.440971 0.258693
vt 0.429863 0.194478
vt 0.418547 0.131840
vt 0.393775 0.184033
vt 0.412157 0.105308
vt 0.442935 0.228197
vt 0.449999 0.340240
vt 0.453707 0.354624
vt 0.395007 0.087474
vt 0.412809 0.093402
vt 0.411560 0.069098
vt 0.442953 0.374941
vt 0.441885 0.105742
vt 0.443330 0.157126
vt 0.465166 0.332980
vt 0.440234 0.294008
vt 0.452889 0.331320
vt 0.465852 0.319077
vt 0.464501 0.264743
vt 0.464437 0.287441
vt 0.466628 0.234973
vt 0.478784 0.215517
vt 0.478491 0.240720
vt 0.269190 0.658463
vt 0.283503 0.686734
vt 0.283503 0.652600
vt 0.276349 0.631010
vt 0.478460 0.271617
vt 0.465139 0.191675
vt 0.367527 0.654206
vt 0.376172 0.654747
vt 0.371939 0.623310
vt 0.376146 0.607476
vt 0.373412 0.679407
vt 0.376094 0.702036
vt 0.388228 0.654728
vt 0.388228 0.701994
vt 0.376135 0.747424
vt 0.388228 0.747443
vt 0.376217 0.775444
vt 0.388228 0.789329
vt 0.376168 0.826092
vt 0.376096 0.789328
vt 0.407986 0.483414
vt 0.395925 0.483463
vt 0.395865 0.520128
vt 0.407986 0.520127
vt 0.395831 0.561990
vt 0.395737 0.607429
vt 0.407986 0.607463
vt 0.407986 0.654728
vt 0.395803 0.747411
vt 0.407986 0.747443
vt 0.395853 0.721385
vt 0.395893 0.701921
vt 0.407986 0.789329
vt 0.395881 0.789328
vt 0.395852 0.804844
vt 0.407986 0.826043
vt 0.395893 0.826142
vt 0.333114 0.826137
vt 0.321104 0.813297
vt 0.333438 0.789424
vt 0.321022 0.825935
vt 0.333807 0.747540
vt 0.321650 0.755109
vt 0.321631 0.747371
vt 0.334208 0.702093
vt 0.334625 0.654829
vt 0.322485 0.654754
vt 0.335042 0.607565
vt 0.335443 0.562118
vt 0.323301 0.553013
vt 0.335813 0.520233
vt 0.336137 0.483521
vt 0.323671 0.513711
vt 0.324027 0.483414
vt 0.323761 0.520293
vt 0.367527 0.827599
vt 0.355391 0.790992
vt 0.367527 0.790885
vt 0.367527 0.748999
vt 0.355412 0.748994
vt 0.355435 0.722989
vt 0.367527 0.703550
vt 0.355472 0.703612
vt 0.367527 0.609019
vt 0.367527 0.521684
vt 0.367527 0.563570
vt 0.355364 0.521682
vt 0.355428 0.540134
vt 0.367527 0.484970
vt 0.355323 0.483414
vt 0.472493 0.193406
vt 0.388228 0.607463
vt 0.393943 0.669001
vt 0.314128 0.540460
vt 0.336137 0.609833
vt 0.345213 0.617602
vt 0.336163 0.630431
vt 0.246376 0.478729
vt 0.353513 0.680426
vt 0.016757 0.149376
vt 0.086385 0.094270
vt 0.146844 0.078504
vt 0.292740 0.641807
vt 0.294921 0.645258
vt 0.294921 0.631010
vt 0.390683 0.626160
vt 0.219889 0.183449
vt 0.150357 0.114141
vt 0.020852 0.141622
vt 0.316827 0.752622
vt 0.028473 0.127230
vt 0.003202 0.194712
vt 0.350892 0.581242
vt 0.289425 0.478533
vt 0.320191 0.026506
vt 0.419394 0.355009
vt 0.478784 0.287449
vt 0.388228 0.826043
vt 0.407986 0.562014
vt 0.407986 0.701994
vt 0.355417 0.827599
vt 0.367527 0.656284
vt 0.355409 0.585289
vt 0.355401 0.563568
vt 0.388228 0.483414
vt 0.376025 0.485308
vt 0.388228 0.520127
vt 0.376134 0.520127
vt 0.388228 0.562014
vt 0.376111 0.540401
vt 0.376213 0.561999
vt 0.278428 0.802880
vt 0.281507 0.860952
vt 0.278428 0.860952
vt 0.925917 0.632732
vt 0.922838 0.574659
vt 0.925917 0.574659
vt 0.465704 0.950720
vt 0.462625 0.920322
vt 0.465704 0.920322
vt 0.793185 0.923095
vt 0.790106 0.865023
vt 0.793185 0.865023
vt 0.949284 0.091196
vt 0.946205 0.060797
vt 0.949284 0.060797
vt 0.930809 0.406509
vt 0.933888 0.464582
vt 0.930809 0.464582
vt 0.319432 0.884209
vt 0.322512 0.914608
vt 0.319432 0.914608
vt 0.944392 0.809674
vt 0.947471 0.840073
vt 0.944392 0.840073
vt 0.743919 0.923095
vt 0.740840 0.865022
vt 0.743919 0.865022
vt 0.946205 0.356610
vt 0.943126 0.326211
vt 0.946205 0.326211
vt 0.471862 0.773778
vt 0.474941 0.831851
vt 0.471862 0.831851
vt 0.943126 0.235015
vt 0.946205 0.265414
vt 0.943126 0.265414
vt 0.892047 0.865023
vt 0.895126 0.923095
vt 0.892047 0.923095
vt 0.924651 0.058073
vt 0.921572 0.000000
vt 0.924651 0.000000
vt 0.944392 0.665855
vt 0.941313 0.635456
vt 0.944392 0.635456
vt 0.940047 0.030399
vt 0.943126 0.060797
vt 0.940047 0.060797
vt 0.278428 0.860952
vt 0.281507 0.919025
vt 0.278428 0.919025
vt 0.932076 0.690804
vt 0.928997 0.632732
vt 0.932076 0.632732
vt 0.363456 0.885671
vt 0.366535 0.916070
vt 0.363456 0.916070
vt 0.949284 0.409233
vt 0.952363 0.439632
vt 0.949284 0.439632
vt 0.935155 0.690804
vt 0.938234 0.748877
vt 0.935155 0.748877
vt 0.938234 0.923096
vt 0.935155 0.865023
vt 0.938234 0.865023
vt 0.238792 0.951772
vt 0.235713 0.921374
vt 0.238792 0.921374
vt 0.936968 0.058073
vt 0.933889 0.000000
vt 0.936968 0.000000
vt 0.456466 0.920322
vt 0.453387 0.889923
vt 0.456466 0.889923
vt 0.927730 0.058073
vt 0.930809 0.116145
vt 0.927730 0.116145
vt 0.930461 0.495898
vt 0.927382 0.465499
vt 0.930461 0.465499
vt 0.938234 0.834624
vt 0.941313 0.865023
vt 0.938234 0.865023
vt 0.703890 0.923095
vt 0.700811 0.865023
vt 0.703890 0.865023
vt 0.943126 0.146544
vt 0.940047 0.116145
vt 0.943126 0.116145
vt 0.283503 0.747155
vt 0.286582 0.805228
vt 0.283503 0.805228
vt 0.307509 0.945006
vt 0.310588 0.914608
vt 0.310588 0.945006
vt 0.815854 0.865023
vt 0.818933 0.923095
vt 0.815854 0.923095
vt 0.373685 0.884164
vt 0.370606 0.826092
vt 0.373685 0.826092
vt 0.407986 0.945012
vt 0.404907 0.914613
vt 0.407986 0.914613
vt 0.363456 0.916070
vt 0.366535 0.946468
vt 0.363456 0.946468
vt 0.474941 0.541487
vt 0.478020 0.599560
vt 0.474941 0.599560
vt 0.925917 0.865023
vt 0.922838 0.806950
vt 0.925917 0.806950
vt 0.946205 0.000000
vt 0.949284 0.030399
vt 0.946205 0.030399
vt 0.946205 0.121594
vt 0.949284 0.151993
vt 0.946205 0.151993
vt 0.904364 0.865023
vt 0.907443 0.923095
vt 0.904364 0.923095
vt 0.940047 0.406509
vt 0.936968 0.348436
vt 0.940047 0.348436
vt 0.946205 0.326211
vt 0.949284 0.356609
vt 0.946205 0.356609
vt 0.855883 0.923095
vt 0.852804 0.865023
vt 0.855883 0.865023
vt 0.949284 0.439632
vt 0.946205 0.409233
vt 0.949284 0.409233
vt 0.938234 0.574659
vt 0.941313 0.632732
vt 0.938234 0.632732
vt 0.272269 0.949424
vt 0.269190 0.919025
vt 0.272269 0.919025
vt 0.947471 0.516586
vt 0.950550 0.546985
vt 0.947471 0.546985
vt 0.474941 0.773778
vt 0.471862 0.715705
vt 0.474941 0.715705
vt 0.947471 0.726651
vt 0.950550 0.696253
vt 0.950550 0.726651
vt 0.907443 0.690804
vt 0.910522 0.748877
vt 0.907443 0.748877
vt 0.950550 0.870471
vt 0.947471 0.840073
vt 0.950550 0.840073
vt 0.325591 0.826136
vt 0.328670 0.884209
vt 0.325591 0.884209
vt 0.910522 0.923095
vt 0.907443 0.865023
vt 0.910522 0.865023
vt 0.947471 0.809674
vt 0.950550 0.840073
vt 0.947471 0.840073
vt 0.304430 0.914608
vt 0.301350 0.884209
vt 0.304430 0.884209
vt 0.895126 0.865022
vt 0.898205 0.923095
vt 0.895126 0.923095
vt 0.710048 0.923095
vt 0.706969 0.865023
vt 0.710048 0.865023
vt 0.438384 0.920322
vt 0.441463 0.950720
vt 0.438384 0.950720
vt 0.521499 0.923095
vt 0.524578 0.953494
vt 0.521499 0.953494
vt 0.280424 0.686734
vt 0.283503 0.744807
vt 0.280424 0.744807
vt 0.924651 0.174218
vt 0.921572 0.116145
vt 0.924651 0.116145
vt 0.521499 0.953494
vt 0.518420 0.923095
vt 0.521499 0.923095
vt 0.924651 0.348436
vt 0.921572 0.290364
vt 0.924651 0.290364
vt 0.184495 0.594111
vt 0.221394 0.557212
vt 0.221394 0.594111
vt 0.184495 0.520313
vt 0.184495 0.557212
vt 0.258293 0.594111
vt 0.221394 0.520313
vt 0.258293 0.557212
vt 0.147596 0.594111
vt 0.184495 0.631010
vt 0.147596 0.631010
vt 0.147596 0.557212
vt 0.147596 0.520313
vt 0.147596 0.483414
vt 0.184495 0.483414
vt 0.221394 0.483414
vt 0.258293 0.520313
vt 0.258293 0.483414
vt 0.295192 0.520313
vt 0.295192 0.557212
vt 0.295192 0.594111
vt 0.295192 0.631010
vt 0.258293 0.631010
vt 0.221394 0.631010
vt 0.414144 0.950721
vt 0.411065 0.920322
vt 0.414144 0.920322
vt 0.725444 0.865023
vt 0.728523 0.923095
vt 0.725444 0.923095
vt 0.462625 0.920322
vt 0.459545 0.950720
vt 0.459545 0.920322
vt 0.441463 0.920322
vt 0.444543 0.950721
vt 0.441463 0.950721
vt 0.719286 0.923095
vt 0.716207 0.865022
vt 0.719286 0.865022
vt 0.444543 0.920322
vt 0.447622 0.950720
vt 0.444543 0.950720
vt 0.286582 0.805228
vt 0.289661 0.863301
vt 0.286582 0.863301
vt 0.468783 0.920322
vt 0.471862 0.950721
vt 0.468783 0.950721
vt 0.922838 0.806950
vt 0.925917 0.748877
vt 0.925917 0.806950
vt 0.910522 0.865023
vt 0.907443 0.806950
vt 0.910522 0.806950
vt 0.471862 0.950720
vt 0.474941 0.920322
vt 0.474941 0.950720
vt 0.153754 0.951772
vt 0.150675 0.921374
vt 0.153754 0.921374
vt 0.277345 0.744807
vt 0.280424 0.802880
vt 0.277345 0.802880
vt 0.697732 0.923095
vt 0.694653 0.865022
vt 0.697732 0.865022
vt 0.373685 0.914563
vt 0.370606 0.884164
vt 0.373685 0.884164
vt 0.370606 0.914563
vt 0.367527 0.884164
vt 0.370606 0.884164
vt 0.924651 0.406509
vt 0.927730 0.464582
vt 0.924651 0.464582
vt 0.922838 0.748877
vt 0.919759 0.690805
vt 0.922838 0.690805
vt 0.295192 0.884209
vt 0.298271 0.914608
vt 0.295192 0.914608
vt 0.940047 0.464582
vt 0.936968 0.406509
vt 0.940047 0.406509
vt 0.174916 0.951772
vt 0.171836 0.921374
vt 0.174916 0.921374
vt 0.283503 0.863301
vt 0.286582 0.921374
vt 0.283503 0.921374
vt 0.530343 0.923095
vt 0.533423 0.953494
vt 0.530343 0.953494
vt 0.205314 0.921374
vt 0.208393 0.951772
vt 0.205314 0.951772
vt 0.919759 0.865023
vt 0.916680 0.806950
vt 0.919759 0.806950
vt 0.376764 0.914563
vt 0.373685 0.884164
vt 0.376764 0.884164
vt 0.916680 0.690805
vt 0.919759 0.748877
vt 0.916680 0.748877
vt 0.187232 0.921374
vt 0.190311 0.951772
vt 0.187232 0.951772
vt 0.927730 0.174218
vt 0.930809 0.232291
vt 0.927730 0.232291
vt 0.474941 0.715705
vt 0.471862 0.657632
vt 0.474941 0.657632
vt 0.190311 0.921374
vt 0.193390 0.951772
vt 0.190311 0.951772
vt 0.211472 0.921374
vt 0.214552 0.951772
vt 0.211472 0.951772
vt 0.468783 0.483414
vt 0.471862 0.541487
vt 0.468783 0.541487
vt 0.471862 0.889923
vt 0.468783 0.831851
vt 0.471862 0.831851
vt 0.283503 0.921374
vt 0.286582 0.951772
vt 0.283503 0.951772
vt 0.223789 0.921374
vt 0.220710 0.951772
vt 0.220710 0.921374
vt 0.930809 0.058073
vt 0.933889 0.116145
vt 0.930809 0.116145
vt 0.471862 0.715705
vt 0.468783 0.657632
vt 0.471862 0.657632
vt 0.226868 0.951772
vt 0.223789 0.921374
vt 0.226868 0.921374
vt 0.933888 0.406509
vt 0.930809 0.348436
vt 0.933888 0.348436
vt 0.241871 0.951772
vt 0.238792 0.921374
vt 0.241871 0.921374
vt 0.913601 0.632732
vt 0.916680 0.690804
vt 0.913601 0.690804
vt 0.251108 0.921374
vt 0.248029 0.951772
vt 0.248029 0.921374
vt 0.310588 0.884209
vt 0.313667 0.914608
vt 0.310588 0.914608
vt 0.913601 0.865023
vt 0.910522 0.806950
vt 0.913601 0.806950
vt 0.307509 0.884209
vt 0.310588 0.914608
vt 0.307509 0.914608
vt 0.289661 0.631010
vt 0.292740 0.689083
vt 0.289661 0.689083
vt 0.266111 0.951772
vt 0.263032 0.921374
vt 0.266111 0.921374
vt 0.932076 0.748877
vt 0.935155 0.806950
vt 0.932076 0.806950
vt 0.935155 0.923096
vt 0.932076 0.865023
vt 0.935155 0.865023
vt 0.952015 0.495898
vt 0.948936 0.465499
vt 0.952015 0.465499
vt 0.949284 0.000000
vt 0.952363 0.030399
vt 0.949284 0.030399
vt 0.913601 0.748877
vt 0.916680 0.806950
vt 0.913601 0.806950
vt 0.936968 0.116145
vt 0.933889 0.058073
vt 0.936968 0.058073
vt 0.952363 0.151993
vt 0.949284 0.121594
vt 0.952363 0.121594
vt 0.952363 0.121594
vt 0.949284 0.091196
vt 0.952363 0.091196
vt 0.750077 0.865023
vt 0.753156 0.923095
vt 0.750077 0.923095
vt 0.331749 0.826136
vt 0.328670 0.884209
vt 0.328670 0.826136
vt 0.952363 0.182391
vt 0.949284 0.151993
vt 0.952363 0.151993
vt 0.936968 0.406509
vt 0.933889 0.348436
vt 0.936968 0.348436
vt 0.952363 0.182391
vt 0.949284 0.212790
vt 0.949284 0.182391
vt 0.935155 0.574659
vt 0.938234 0.632731
vt 0.935155 0.632731
vt 0.949284 0.295812
vt 0.952363 0.326211
vt 0.949284 0.326211
vt 0.539581 0.953494
vt 0.536502 0.923095
vt 0.539581 0.923095
vt 0.515683 0.258293
vt 0.518933 0.319616
vt 0.515683 0.322866
vt 0.552582 0.258293
vt 0.518933 0.261543
vt 0.552582 0.322866
vt 0.549332 0.261543
vt 0.549332 0.319616
vt 0.515683 0.129147
vt 0.518933 0.190470
vt 0.515683 0.193720
vt 0.552582 0.129146
vt 0.518933 0.132397
vt 0.552582 0.193720
vt 0.549332 0.132397
vt 0.549332 0.190470
vt 0.555832 0.319616
vt 0.589481 0.258293
vt 0.555832 0.261543
vt 0.586231 0.319616
vt 0.586231 0.261543
vt 0.589481 0.322866
vt 0.555832 0.132397
vt 0.555832 0.190470
vt 0.586231 0.132397
vt 0.589481 0.193720
vt 0.589481 0.129147
vt 0.586231 0.190470
vt 0.478784 0.452013
vt 0.482034 0.390690
vt 0.482034 0.448763
vt 0.515683 0.387440
vt 0.478784 0.387439
vt 0.515683 0.452013
vt 0.512432 0.390690
vt 0.512432 0.448763
vt 0.478784 0.258293
vt 0.482034 0.319616
vt 0.478784 0.322866
vt 0.482034 0.261543
vt 0.512433 0.261543
vt 0.512433 0.319616
vt 0.478784 0.129147
vt 0.482034 0.190470
vt 0.478784 0.193720
vt 0.482034 0.132397
vt 0.512433 0.132397
vt 0.512433 0.190470
vt 0.478784 0.000000
vt 0.482034 0.061323
vt 0.478784 0.064573
vt 0.515683 0.000000
vt 0.482034 0.003250
vt 0.515683 0.064573
vt 0.512433 0.003250
vt 0.512433 0.061323
vt 0.518933 0.061323
vt 0.552582 0.000000
vt 0.518933 0.003250
vt 0.549332 0.061323
vt 0.549332 0.003250
vt 0.552582 0.064573
vt 0.555832 0.061323
vt 0.589481 0.000000
vt 0.555832 0.003250
vt 0.586231 0.061323
vt 0.586231 0.003250
vt 0.589481 0.064573
vt 0.592731 0.061323
vt 0.626380 0.000000
vt 0.592731 0.003250
vt 0.623130 0.061323
vt 0.623130 0.003250
vt 0.626380 0.064573
vt 0.592731 0.190470
vt 0.626380 0.129146
vt 0.592731 0.132397
vt 0.626380 0.193720
vt 0.623130 0.132397
vt 0.623130 0.190470
vt 0.592731 0.319616
vt 0.626380 0.258293
vt 0.592731 0.261543
vt 0.626380 0.322866
vt 0.623130 0.261543
vt 0.623130 0.319616
vt 0.589481 0.452013
vt 0.592731 0.390690
vt 0.592731 0.448763
vt 0.626380 0.387440
vt 0.589481 0.387440
vt 0.626380 0.452013
vt 0.623130 0.390690
vt 0.623129 0.448763
vt 0.552582 0.387440
vt 0.555832 0.448763
vt 0.552582 0.452013
vt 0.555832 0.390690
vt 0.586231 0.390690
vt 0.586231 0.448763
vt 0.518933 0.448763
vt 0.518933 0.390690
vt 0.549332 0.390690
vt 0.549332 0.448763
vt 0.663279 0.258293
vt 0.666529 0.319616
vt 0.663279 0.322866
vt 0.696928 0.261543
vt 0.666529 0.261543
vt 0.700178 0.258293
vt 0.696928 0.319616
vt 0.700178 0.322866
vt 0.663279 0.193720
vt 0.666529 0.132397
vt 0.666529 0.190470
vt 0.663279 0.129146
vt 0.696928 0.132397
vt 0.700178 0.193720
vt 0.700178 0.129146
vt 0.696928 0.190470
vt 0.703428 0.319616
vt 0.733827 0.261543
vt 0.703428 0.261543
vt 0.737077 0.258293
vt 0.733827 0.319616
vt 0.737077 0.322866
vt 0.703428 0.190470
vt 0.737077 0.129146
vt 0.703428 0.132397
vt 0.737077 0.193720
vt 0.733827 0.132397
vt 0.733827 0.190470
vt 0.629630 0.448763
vt 0.663279 0.387439
vt 0.629630 0.390690
vt 0.663279 0.452013
vt 0.660029 0.390690
vt 0.660029 0.448763
vt 0.629630 0.319616
vt 0.629630 0.261543
vt 0.660029 0.261543
vt 0.660029 0.319616
vt 0.629630 0.132397
vt 0.629630 0.190470
vt 0.660029 0.132397
vt 0.660029 0.190470
vt 0.629630 0.061323
vt 0.663279 0.000000
vt 0.629630 0.003250
vt 0.660029 0.061323
vt 0.660029 0.003250
vt 0.663279 0.064573
vt 0.666529 0.061323
vt 0.700178 0.000000
vt 0.666529 0.003250
vt 0.696928 0.061323
vt 0.696928 0.003250
vt 0.700178 0.064573
vt 0.703428 0.061323
vt 0.737077 0.000000
vt 0.703428 0.003250
vt 0.733827 0.061323
vt 0.733827 0.003250
vt 0.737077 0.064573
vt 0.740327 0.061323
vt 0.773976 0.000000
vt 0.740327 0.003250
vt 0.770726 0.061323
vt 0.770726 0.003250
vt 0.773976 0.064573
vt 0.740327 0.132397
vt 0.740327 0.190470
vt 0.770726 0.132397
vt 0.773976 0.193720
vt 0.773976 0.129146
vt 0.770726 0.190470
vt 0.740327 0.319616
vt 0.773976 0.258293
vt 0.740327 0.261543
vt 0.770726 0.319616
vt 0.770726 0.261543
vt 0.773976 0.322866
vt 0.737077 0.387440
vt 0.740327 0.448763
vt 0.737077 0.452013
vt 0.773976 0.387440
vt 0.740327 0.390690
vt 0.773976 0.452013
vt 0.770726 0.390690
vt 0.770726 0.448763
vt 0.700178 0.387440
vt 0.703428 0.448763
vt 0.700178 0.452013
vt 0.703428 0.390690
vt 0.733827 0.390690
vt 0.733827 0.448763
vt 0.666529 0.390690
vt 0.666529 0.448763
vt 0.696928 0.390690
vt 0.696928 0.448763
vt 0.810875 0.258293
vt 0.814125 0.319616
vt 0.810875 0.322866
vt 0.844524 0.261543
vt 0.814125 0.261543
vt 0.847774 0.258293
vt 0.844524 0.319616
vt 0.847774 0.322866
vt 0.810875 0.193720
vt 0.814125 0.132397
vt 0.814125 0.190470
vt 0.810875 0.129146
vt 0.844524 0.132397
vt 0.847774 0.193720
vt 0.847774 0.129146
vt 0.844524 0.190470
vt 0.851024 0.319616
vt 0.881423 0.261543
vt 0.851024 0.261543
vt 0.884673 0.258293
vt 0.881423 0.319616
vt 0.884673 0.322866
vt 0.851024 0.190470
vt 0.884673 0.129146
vt 0.851024 0.132397
vt 0.884673 0.193720
vt 0.881423 0.132397
vt 0.881423 0.190470
vt 0.777226 0.448763
vt 0.807625 0.390690
vt 0.777226 0.390690
vt 0.810875 0.452013
vt 0.810875 0.387439
vt 0.807625 0.448763
vt 0.777226 0.319616
vt 0.777226 0.261543
vt 0.807625 0.261543
vt 0.807625 0.319616
vt 0.777226 0.190470
vt 0.777226 0.132397
vt 0.807625 0.132397
vt 0.807625 0.190470
vt 0.777226 0.061323
vt 0.810875 0.000000
vt 0.777226 0.003250
vt 0.807625 0.061323
vt 0.807625 0.003250
vt 0.810875 0.064573
vt 0.814125 0.061323
vt 0.847774 0.000000
vt 0.814125 0.003250
vt 0.844524 0.061323
vt 0.844524 0.003250
vt 0.847774 0.064573
vt 0.851024 0.061323
vt 0.884673 0.000000
vt 0.851024 0.003250
vt 0.881423 0.061323
vt 0.881423 0.003250
vt 0.884673 0.064573
vt 0.887923 0.061323
vt 0.921572 0.000000
vt 0.887923 0.003250
vt 0.918322 0.061323
vt 0.918322 0.003250
vt 0.921572 0.064573
vt 0.887923 0.132397
vt 0.887923 0.190470
vt 0.918322 0.132397
vt 0.921572 0.193720
vt 0.921572 0.129146
vt 0.918322 0.190470
vt 0.887923 0.319616
vt 0.921572 0.258293
vt 0.887923 0.261543
vt 0.918322 0.319616
vt 0.918322 0.261543
vt 0.921572 0.322866
vt 0.884673 0.387440
vt 0.887923 0.448763
vt 0.884673 0.452013
vt 0.921572 0.387440
vt 0.887923 0.390690
vt 0.921572 0.452013
vt 0.918322 0.390690
vt 0.918322 0.448763
vt 0.847774 0.387439
vt 0.851024 0.448763
vt 0.847774 0.452013
vt 0.851024 0.390690
vt 0.881423 0.390690
vt 0.881423 0.448763
vt 0.814125 0.390690
vt 0.814125 0.448763
vt 0.844524 0.390690
vt 0.844524 0.448763
vt 0.036899 0.741707
vt 0.040149 0.803030
vt 0.036899 0.806280
vt 0.070548 0.744957
vt 0.040149 0.744957
vt 0.073798 0.741707
vt 0.070548 0.803030
vt 0.073798 0.806280
vt 0.036899 0.677134
vt 0.040149 0.615811
vt 0.040149 0.673883
vt 0.036899 0.612560
vt 0.070548 0.615811
vt 0.073798 0.677134
vt 0.073798 0.612560
vt 0.070548 0.673883
vt 0.077048 0.803030
vt 0.107447 0.744957
vt 0.077048 0.744957
vt 0.110697 0.741707
vt 0.107447 0.803030
vt 0.110697 0.806280
vt 0.077048 0.673883
vt 0.110697 0.612560
vt 0.077048 0.615811
vt 0.110697 0.677134
vt 0.107447 0.615811
vt 0.107447 0.673883
vt 0.000000 0.870853
vt 0.003250 0.932177
vt 0.000000 0.935427
vt 0.033649 0.874104
vt 0.003250 0.874104
vt 0.036899 0.935427
vt 0.036899 0.870853
vt 0.033649 0.932177
vt 0.000000 0.741707
vt 0.003250 0.803030
vt 0.000000 0.806280
vt 0.003250 0.744957
vt 0.033649 0.744957
vt 0.033649 0.803030
vt 0.000000 0.612560
vt 0.003250 0.673883
vt 0.000000 0.677134
vt 0.003250 0.615811
vt 0.033649 0.615811
vt 0.033649 0.673883
vt 0.000000 0.483414
vt 0.003250 0.544737
vt 0.000000 0.547987
vt 0.036899 0.483414
vt 0.003250 0.486664
vt 0.033649 0.544737
vt 0.033649 0.486664
vt 0.036899 0.547987
vt 0.040149 0.544737
vt 0.073798 0.483414
vt 0.040149 0.486664
vt 0.070548 0.544737
vt 0.070548 0.486664
vt 0.073798 0.547987
vt 0.077048 0.544737
vt 0.110697 0.483414
vt 0.077048 0.486664
vt 0.107447 0.544737
vt 0.107447 0.486664
vt 0.110697 0.547987
vt 0.113947 0.544737
vt 0.147596 0.483414
vt 0.113947 0.486664
vt 0.147596 0.547987
vt 0.144346 0.486664
vt 0.144346 0.544737
vt 0.113947 0.615811
vt 0.113947 0.673883
vt 0.144346 0.615811
vt 0.147596 0.677134
vt 0.147596 0.612561
vt 0.144346 0.673884
vt 0.113947 0.803030
vt 0.147596 0.741707
vt 0.113947 0.744957
vt 0.144346 0.803030
vt 0.144346 0.744957
vt 0.147596 0.806280
vt 0.110697 0.870853
vt 0.113947 0.932177
vt 0.110697 0.935427
vt 0.147596 0.870853
vt 0.113947 0.874104
vt 0.147596 0.935427
vt 0.144346 0.874104
vt 0.144346 0.932177
vt 0.073798 0.870853
vt 0.077048 0.932177
vt 0.073798 0.935427
vt 0.077048 0.874104
vt 0.107447 0.874104
vt 0.107447 0.932177
vt 0.040149 0.874104
vt 0.040149 0.932177
vt 0.070548 0.874104
vt 0.070548 0.932177
vt 0.040149 0.996750
vt 0.036899 1.000000
vt 0.040149 0.938677
vt 0.073798 1.000000
vt 0.070548 0.938677
vt 0.070548 0.996750
vt 0.077048 0.996750
vt 0.107447 0.938677
vt 0.077048 0.938677
vt 0.110697 1.000000
vt 0.107447 0.996750
vt 0.113947 0.996750
vt 0.144346 0.938677
vt 0.113947 0.938677
vt 0.144346 0.996750
vt 0.147596 1.000000
vt 0.003250 0.996750
vt 0.000000 1.000000
vt 0.033649 0.938677
vt 0.003250 0.938677
vt 0.033649 0.996750
vt 0.814125 0.513336
vt 0.810875 0.516586
vt 0.814125 0.455263
vt 0.847774 0.516586
vt 0.844524 0.455263
vt 0.844524 0.513336
vt 0.851024 0.513336
vt 0.881423 0.455263
vt 0.851024 0.455263
vt 0.884673 0.516586
vt 0.881423 0.513336
vt 0.887923 0.513336
vt 0.887923 0.455263
vt 0.921572 0.516586
vt 0.918322 0.455263
vt 0.918322 0.513336
vt 0.777226 0.513336
vt 0.773976 0.516586
vt 0.807625 0.455263
vt 0.777226 0.455263
vt 0.807625 0.513336
vt 0.666529 0.513336
vt 0.663279 0.516586
vt 0.666529 0.455263
vt 0.700178 0.516586
vt 0.696928 0.455263
vt 0.696928 0.513336
vt 0.703428 0.513336
vt 0.733827 0.455263
vt 0.703428 0.455263
vt 0.737077 0.516586
vt 0.733827 0.513336
vt 0.740327 0.513336
vt 0.740327 0.455263
vt 0.770726 0.455263
vt 0.770726 0.513336
vt 0.629630 0.513336
vt 0.626380 0.516586
vt 0.629630 0.455263
vt 0.660029 0.455263
vt 0.660029 0.513336
vt 0.518933 0.513336
vt 0.515683 0.516586
vt 0.518933 0.455263
vt 0.552582 0.516586
vt 0.549332 0.455263
vt 0.549332 0.513336
vt 0.555832 0.513336
vt 0.586231 0.455263
vt 0.555832 0.455263
vt 0.589481 0.516586
vt 0.586231 0.513336
vt 0.592731 0.513336
vt 0.592731 0.455263
vt 0.623129 0.513336
vt 0.623129 0.455263
vt 0.482034 0.513336
vt 0.478784 0.516586
vt 0.482034 0.455263
vt 0.512432 0.455263
vt 0.512432 0.513336
vt 0.113947 0.867603
vt 0.144346 0.809530
vt 0.113947 0.809530
vt 0.144346 0.867603
vt 0.003250 0.867603
vt 0.003250 0.809530
vt 0.033649 0.809530
vt 0.033649 0.867603
vt 0.077048 0.867603
vt 0.107447 0.809530
vt 0.077048 0.809530
vt 0.107447 0.867603
vt 0.040149 0.867603
vt 0.070548 0.809530
vt 0.040149 0.809530
vt 0.070548 0.867603
vt 0.887923 0.384189
vt 0.887923 0.326117
vt 0.918322 0.326117
vt 0.918322 0.384189
vt 0.777226 0.384189
vt 0.777226 0.326116
vt 0.807625 0.326116
vt 0.807625 0.384189
vt 0.851024 0.384189
vt 0.881423 0.326116
vt 0.851024 0.326116
vt 0.881423 0.384189
vt 0.814125 0.384189
vt 0.844524 0.326116
vt 0.814125 0.326116
vt 0.844524 0.384189
vt 0.740327 0.384189
vt 0.740327 0.326117
vt 0.770726 0.326117
vt 0.770726 0.384189
vt 0.629630 0.384189
vt 0.629630 0.326116
vt 0.660029 0.326116
vt 0.660029 0.384189
vt 0.703428 0.384189
vt 0.733827 0.326117
vt 0.703428 0.326117
vt 0.733827 0.384189
vt 0.666529 0.384189
vt 0.696928 0.326117
vt 0.666529 0.326117
vt 0.696928 0.384189
vt 0.592731 0.384189
vt 0.592731 0.326117
vt 0.623130 0.326117
vt 0.623130 0.384189
vt 0.482034 0.384189
vt 0.482034 0.326116
vt 0.512433 0.326116
vt 0.512432 0.384189
vt 0.555832 0.384189
vt 0.555832 0.326116
vt 0.586231 0.384189
vt 0.586231 0.326117
vt 0.518933 0.384189
vt 0.518933 0.326116
vt 0.549332 0.384189
vt 0.549332 0.326116
vt 0.113947 0.680384
vt 0.113947 0.738457
vt 0.144346 0.680384
vt 0.144346 0.738457
vt 0.003250 0.680384
vt 0.003250 0.738457
vt 0.033649 0.680384
vt 0.033649 0.738457
vt 0.077048 0.680384
vt 0.077048 0.738457
vt 0.107447 0.680384
vt 0.107447 0.738457
vt 0.040149 0.680384
vt 0.040149 0.738457
vt 0.070548 0.680384
vt 0.070548 0.738457
vt 0.887923 0.196970
vt 0.887923 0.255043
vt 0.918322 0.196970
vt 0.918322 0.255043
vt 0.777226 0.196970
vt 0.777226 0.255043
vt 0.807625 0.196970
vt 0.807625 0.255043
vt 0.851024 0.196970
vt 0.851024 0.255043
vt 0.881423 0.196970
vt 0.881423 0.255043
vt 0.814125 0.196970
vt 0.814125 0.255043
vt 0.844524 0.196970
vt 0.844524 0.255043
vt 0.740327 0.196970
vt 0.740327 0.255043
vt 0.770726 0.196970
vt 0.770726 0.255043
vt 0.629630 0.196970
vt 0.629630 0.255043
vt 0.660029 0.196970
vt 0.660029 0.255043
vt 0.703428 0.196970
vt 0.703428 0.255043
vt 0.733827 0.196970
vt 0.733827 0.255043
vt 0.666529 0.196970
vt 0.666529 0.255043
vt 0.696928 0.196970
vt 0.696928 0.255043
vt 0.592731 0.255043
vt 0.592731 0.196970
vt 0.623130 0.196970
vt 0.623130 0.255043
vt 0.482034 0.255043
vt 0.482034 0.196970
vt 0.512433 0.255043
vt 0.512433 0.196970
vt 0.555832 0.196970
vt 0.555832 0.255043
vt 0.586231 0.196970
vt 0.586231 0.255043
vt 0.518933 0.255043
vt 0.518933 0.196970
vt 0.549332 0.196970
vt 0.549332 0.255043
vt 0.113947 0.609310
vt 0.113947 0.551237
vt 0.144346 0.551237
vt 0.144346 0.609310
vt 0.077048 0.609310
vt 0.077048 0.551237
vt 0.107447 0.551237
vt 0.107447 0.609310
vt 0.040149 0.609310
vt 0.070548 0.551237
vt 0.040149 0.551237
vt 0.070548 0.609310
vt 0.003250 0.609310
vt 0.003250 0.551237
vt 0.033649 0.551237
vt 0.033649 0.609310
vt 0.887923 0.125896
vt 0.918322 0.067823
vt 0.887923 0.067823
vt 0.918322 0.125896
vt 0.851024 0.125896
vt 0.851024 0.067823
vt 0.881423 0.067823
vt 0.881423 0.125896
vt 0.814125 0.125896
vt 0.844524 0.067823
vt 0.814125 0.067823
vt 0.844524 0.125896
vt 0.777226 0.125896
vt 0.777226 0.067823
vt 0.807625 0.067823
vt 0.807625 0.125896
vt 0.740327 0.125896
vt 0.770726 0.067823
vt 0.740327 0.067823
vt 0.770726 0.125896
vt 0.703428 0.125896
vt 0.703428 0.067823
vt 0.733827 0.067823
vt 0.733827 0.125896
vt 0.666529 0.125896
vt 0.696928 0.067823
vt 0.666529 0.067823
vt 0.696928 0.125896
vt 0.629630 0.125896
vt 0.629630 0.067823
vt 0.660029 0.067823
vt 0.660029 0.125896
vt 0.592731 0.125896
vt 0.592731 0.067823
vt 0.623130 0.067823
vt 0.623130 0.125896
vt 0.555832 0.125896
vt 0.555832 0.067823
vt 0.586231 0.067823
vt 0.586231 0.125896
vt 0.518933 0.067824
vt 0.518933 0.125896
vt 0.549332 0.067823
vt 0.549332 0.125896
vt 0.482034 0.067823
vt 0.482034 0.125896
vt 0.512433 0.067824
vt 0.512433 0.125896
vt 0.949284 0.060797
vt 0.946205 0.030399
vt 0.949284 0.030399
vt 0.947471 0.779276
vt 0.944392 0.748877
vt 0.947471 0.748877
vt 0.940047 0.290364
vt 0.936968 0.232291
vt 0.940047 0.232291
vt 0.274265 0.744807
vt 0.277345 0.802880
vt 0.274265 0.802880
vt 0.944392 0.605057
vt 0.947471 0.635456
vt 0.944392 0.635456
vt 0.339216 0.916070
vt 0.336137 0.946468
vt 0.336137 0.916070
vt 0.289661 0.747156
vt 0.286582 0.805228
vt 0.286582 0.747156
vt 0.904364 0.748877
vt 0.907443 0.806950
vt 0.904363 0.806950
vt 0.339216 0.916070
vt 0.342295 0.946468
vt 0.339216 0.946468
vt 0.855883 0.865023
vt 0.858962 0.923095
vt 0.855883 0.923095
vt 0.351140 0.916070
vt 0.354219 0.946469
vt 0.351140 0.946469
vt 0.771631 0.923095
vt 0.768552 0.865023
vt 0.771631 0.865023
vt 0.946205 0.439632
vt 0.943126 0.409234
vt 0.946205 0.409234
vt 0.943126 0.356609
vt 0.946205 0.387008
vt 0.943126 0.387008
vt 0.806617 0.865023
vt 0.809696 0.923095
vt 0.806617 0.923095
vt 0.946205 0.146544
vt 0.943126 0.116145
vt 0.946205 0.116145
vt 0.877044 0.923095
vt 0.873965 0.865023
vt 0.877044 0.865023
vt 0.946205 0.060797
vt 0.943126 0.030399
vt 0.946205 0.030399
vt 0.880123 0.865023
vt 0.877044 0.923095
vt 0.877044 0.865023
vt 0.913601 0.806950
vt 0.916680 0.865023
vt 0.913601 0.865023
vt 0.389904 0.914613
vt 0.392983 0.945012
vt 0.389904 0.945012
vt 0.404907 0.945012
vt 0.401828 0.914613
vt 0.404907 0.914613
vt 0.478020 0.715705
vt 0.474941 0.657632
vt 0.478020 0.657632
vt 0.936968 0.116145
vt 0.940047 0.174218
vt 0.936968 0.174218
vt 0.307509 0.945006
vt 0.304430 0.914608
vt 0.307509 0.914608
vt 0.304430 0.945006
vt 0.301350 0.914608
vt 0.304430 0.914608
vt 0.919759 0.690804
vt 0.916680 0.632732
vt 0.919759 0.632732
vt 0.883202 0.865023
vt 0.886281 0.923095
vt 0.883202 0.923095
vt 0.322904 0.945006
vt 0.319825 0.914608
vt 0.322904 0.914608
vt 0.274265 0.686734
vt 0.277345 0.744807
vt 0.274265 0.744807
vt 0.328670 0.914608
vt 0.331749 0.945006
vt 0.328670 0.945006
vt 0.471862 0.773778
vt 0.468783 0.715705
vt 0.471862 0.715705
vt 0.295192 0.914608
vt 0.298271 0.945006
vt 0.295192 0.945006
vt 0.370606 0.914563
vt 0.373685 0.944961
vt 0.370606 0.944961
vt 0.719286 0.865023
vt 0.722365 0.923095
vt 0.719286 0.923095
vt 0.944392 0.925820
vt 0.941313 0.895422
vt 0.944392 0.895422
vt 0.919759 0.923096
vt 0.916680 0.865023
vt 0.919759 0.865023
vt 0.944392 0.895422
vt 0.941313 0.865023
vt 0.944392 0.865023
vt 0.924651 0.116145
vt 0.921572 0.058073
vt 0.924651 0.058073
vt 0.737761 0.865023
vt 0.740840 0.923095
vt 0.737761 0.923095
vt 0.941313 0.809674
vt 0.944392 0.840073
vt 0.941313 0.840073
vt 0.941313 0.696253
vt 0.944392 0.726652
vt 0.941313 0.726652
vt 0.734681 0.923095
vt 0.731602 0.865023
vt 0.734681 0.865023
vt 0.722365 0.865023
vt 0.725444 0.923095
vt 0.722365 0.923095
vt 0.518420 0.953494
vt 0.515341 0.923095
vt 0.518420 0.923095
vt 0.943126 0.409233
vt 0.940047 0.378835
vt 0.943126 0.378835
vt 0.907443 0.690804
vt 0.904363 0.632731
vt 0.907443 0.632731
vt 0.922838 0.690804
vt 0.925917 0.748877
vt 0.922838 0.748877
vt 0.943126 0.204617
vt 0.940047 0.235015
vt 0.940047 0.204617
vt 0.468783 0.773778
vt 0.471862 0.831851
vt 0.468783 0.831851
vt 0.386825 0.914613
vt 0.383745 0.884215
vt 0.386825 0.884215
vt 0.474941 0.541487
vt 0.471862 0.483414
vt 0.474941 0.483414
vt 0.533423 0.923095
vt 0.536502 0.953494
vt 0.533423 0.953494
vt 0.939699 0.495898
vt 0.936620 0.465499
vt 0.939699 0.465499
vt 0.275349 0.802880
vt 0.278428 0.860952
vt 0.275349 0.860952
vt 0.927382 0.465499
vt 0.924303 0.495898
vt 0.924303 0.465499
vt 0.927730 0.290364
vt 0.924651 0.232291
vt 0.927730 0.232291
vt 0.429540 0.920322
vt 0.426461 0.889923
vt 0.429540 0.889923
vt 0.927730 0.406509
vt 0.924651 0.348436
vt 0.927730 0.348436
vt 0.919759 0.748877
vt 0.922838 0.806950
vt 0.919759 0.806950
vt 0.420302 0.889923
vt 0.423381 0.920322
vt 0.420302 0.920322
vt 0.389904 0.914613
vt 0.386825 0.884215
vt 0.389904 0.884215
vt 0.928997 0.690804
vt 0.925917 0.632732
vt 0.928997 0.632732
vt 0.919759 0.516586
vt 0.922838 0.574659
vt 0.919759 0.574659
vt 0.456466 0.889923
vt 0.459545 0.920322
vt 0.456466 0.920322
vt 0.444543 0.920322
vt 0.441463 0.889923
vt 0.444543 0.889923
vt 0.907443 0.748877
vt 0.904363 0.690804
vt 0.907443 0.690804
vt 0.927730 0.000000
vt 0.930809 0.058073
vt 0.927730 0.058073
vt 0.465704 0.920322
vt 0.462625 0.889923
vt 0.465704 0.889923
vt 0.367527 0.826092
vt 0.370606 0.884164
vt 0.367527 0.884164
vt 0.465704 0.889923
vt 0.468783 0.920322
vt 0.465704 0.920322
vt 0.919759 0.574659
vt 0.916680 0.516586
vt 0.919759 0.516586
vt 0.438384 0.889924
vt 0.441463 0.920322
vt 0.438384 0.920322
vt 0.345374 0.885671
vt 0.348453 0.916070
vt 0.345374 0.916070
vt 0.907443 0.748877
vt 0.910522 0.806950
vt 0.907443 0.806950
vt 0.345374 0.916070
vt 0.342295 0.885671
vt 0.345374 0.885671
vt 0.932076 0.632732
vt 0.928997 0.574659
vt 0.932076 0.574659
vt 0.354219 0.916070
vt 0.351140 0.885671
vt 0.354219 0.885671
vt 0.932076 0.748877
vt 0.928997 0.690805
vt 0.932076 0.690805
vt 0.825092 0.865023
vt 0.828171 0.923095
vt 0.825092 0.923095
vt 0.354219 0.885671
vt 0.357298 0.916070
vt 0.354219 0.916070
vt 0.468783 0.889923
vt 0.471862 0.920322
vt 0.468783 0.920322
vt 0.933889 0.058073
vt 0.930809 0.000000
vt 0.933889 0.000000
vt 0.283503 0.689083
vt 0.286582 0.747156
vt 0.283503 0.747156
vt 0.843566 0.923095
vt 0.840487 0.865023
vt 0.843566 0.865023
vt 0.942778 0.465499
vt 0.939699 0.495898
vt 0.939699 0.465499
vt 0.930809 0.290364
vt 0.933889 0.348436
vt 0.930809 0.348436
vt 0.940047 0.060797
vt 0.943126 0.091196
vt 0.940047 0.091196
vt 0.913601 0.690805
vt 0.916680 0.748877
vt 0.913601 0.748877
vt 0.398748 0.945012
vt 0.395669 0.914613
vt 0.398748 0.914613
vt 0.834329 0.923095
vt 0.831250 0.865023
vt 0.834329 0.865023
vt 0.943126 0.295812
vt 0.946205 0.326211
vt 0.943126 0.326211
vt 0.944392 0.665855
vt 0.947471 0.696253
vt 0.944392 0.696253
vt 0.907443 0.574659
vt 0.910522 0.632732
vt 0.907443 0.632732
vt 0.325591 0.884209
vt 0.322512 0.914608
vt 0.322512 0.884209
vt 0.940047 0.348436
vt 0.936968 0.290364
vt 0.940047 0.290364
vt 0.278428 0.949424
vt 0.275349 0.919025
vt 0.278428 0.919025
vt 0.292740 0.747155
vt 0.289661 0.689083
vt 0.292740 0.689083
vt 0.275349 0.860952
vt 0.278428 0.919025
vt 0.275349 0.919025
vt 0.417223 0.920322
vt 0.420302 0.950720
vt 0.417223 0.950720
vt 0.515341 0.953494
vt 0.512261 0.923095
vt 0.515341 0.923095
vt 0.936968 0.348436
vt 0.933889 0.290364
vt 0.936968 0.290364
vt 0.933889 0.232291
vt 0.936968 0.290364
vt 0.933889 0.290364
vt 0.774710 0.923095
vt 0.771631 0.865023
vt 0.774710 0.865023
vt 0.548818 0.953494
vt 0.545739 0.923095
vt 0.548818 0.923095
vt 0.935155 0.516586
vt 0.938234 0.574659
vt 0.935155 0.574659
vt 0.156834 0.951772
vt 0.153754 0.921374
vt 0.156834 0.921374
vt 0.272270 0.860952
vt 0.275349 0.919025
vt 0.272270 0.919025
vt 0.181074 0.951772
vt 0.177995 0.921374
vt 0.181074 0.921374
vt 0.716207 0.923095
vt 0.713128 0.865023
vt 0.716207 0.865023
vt 0.304430 0.884209
vt 0.307509 0.914608
vt 0.304430 0.914608
vt 0.226868 0.921374
vt 0.229947 0.951772
vt 0.226868 0.951772
vt 0.936968 0.000000
vt 0.940047 0.058073
vt 0.936968 0.058073
vt 0.952363 0.356609
vt 0.949284 0.326211
vt 0.952363 0.326211
vt 0.292740 0.863301
vt 0.289661 0.805228
vt 0.292740 0.805228
vt 0.254188 0.951772
vt 0.251108 0.921374
vt 0.254188 0.921374
vt 0.292740 0.805228
vt 0.289661 0.747156
vt 0.292740 0.747156
vt 0.846646 0.865023
vt 0.849725 0.923095
vt 0.846646 0.923095
vt 0.184153 0.921374
vt 0.187232 0.951772
vt 0.184153 0.951772
vt 0.166071 0.921374
vt 0.169150 0.951772
vt 0.166071 0.951772
vt 0.211472 0.951772
vt 0.208393 0.921374
vt 0.211472 0.921374
vt 0.474941 0.889923
vt 0.471862 0.831851
vt 0.474941 0.831851
vt 0.156834 0.921374
vt 0.159913 0.951772
vt 0.156834 0.951772
vt 0.269190 0.860952
vt 0.272270 0.919025
vt 0.269190 0.919025
vt 0.825092 0.923095
vt 0.822012 0.865023
vt 0.825092 0.865023
vt 0.407986 0.920322
vt 0.411065 0.950721
vt 0.407986 0.950721
vt 0.414144 0.920322
vt 0.417223 0.950720
vt 0.414144 0.950720
vt 0.286582 0.863301
vt 0.289661 0.921374
vt 0.286582 0.921374
vt 0.947471 0.665855
vt 0.950550 0.696253
vt 0.947471 0.696253
vt 0.950550 0.546985
vt 0.947471 0.577383
vt 0.947471 0.546985
vt 0.849725 0.865022
vt 0.852804 0.923095
vt 0.849725 0.923095
vt 0.949284 0.265414
vt 0.946205 0.235015
vt 0.949284 0.235015
vt 0.913601 0.574659
vt 0.910522 0.516586
vt 0.913601 0.516586
vt 0.949284 0.295812
vt 0.946205 0.265414
vt 0.949284 0.265414
vt 0.945857 0.465499
vt 0.948936 0.495898
vt 0.945857 0.495898
vt 0.756235 0.865023
vt 0.759315 0.923095
vt 0.756235 0.923095
vt 0.944392 0.870471
vt 0.947471 0.840073
vt 0.947471 0.870471
vt 0.935155 0.748877
vt 0.932076 0.690804
vt 0.935155 0.690804
vt 0.401827 0.914613
vt 0.398748 0.884215
vt 0.401827 0.884215
vt 0.913601 0.806950
vt 0.910522 0.748877
vt 0.913601 0.748877
vt 0.777789 0.865023
vt 0.780869 0.923095
vt 0.777789 0.923095
vt 0.386825 0.914613
vt 0.389904 0.945012
vt 0.386825 0.945012
vt 0.331749 0.914608
vt 0.334828 0.945006
vt 0.331749 0.945006
vt 0.933889 0.290364
vt 0.930809 0.232291
vt 0.933889 0.232291
vt 0.843566 0.865023
vt 0.846646 0.923095
vt 0.843566 0.923095
vt 0.471862 0.657632
vt 0.468783 0.599560
vt 0.471862 0.599560
vt 0.432226 0.889923
vt 0.435305 0.920322
vt 0.432226 0.920322
vt 0.928997 0.865023
vt 0.932076 0.923096
vt 0.928997 0.923096
vt 0.339216 0.916070
vt 0.336137 0.885671
vt 0.339216 0.885671
vt 0.928996 0.806950
vt 0.932076 0.865023
vt 0.928996 0.865023
vt 0.357298 0.946469
vt 0.354219 0.916070
vt 0.357298 0.916070
vt 0.471862 0.599560
vt 0.468783 0.541487
vt 0.471862 0.541487
vt 0.363456 0.916070
vt 0.360377 0.885671
vt 0.363456 0.885671
vt 0.357298 0.885671
vt 0.360377 0.916070
vt 0.357298 0.916070
vt 0.936968 0.058073
vt 0.940047 0.116145
vt 0.936968 0.116145
vt 0.542660 0.923095
vt 0.545739 0.953494
vt 0.542660 0.953494
vt 0.334828 0.884209
vt 0.331749 0.826136
vt 0.334828 0.826136
vt 0.342295 0.916070
vt 0.339216 0.885671
vt 0.342295 0.885671
vt 0.376764 0.884164
vt 0.373685 0.826092
vt 0.376764 0.826092
vt 0.780869 0.865023
vt 0.783948 0.923095
vt 0.780869 0.923095
vt 0.474941 0.889923
vt 0.478020 0.920322
vt 0.474941 0.920322
vt 0.474941 0.920322
vt 0.471862 0.889923
vt 0.474941 0.889923
vt 0.396062 0.914613
vt 0.392983 0.884215
vt 0.396062 0.884215
vt 0.930809 0.290364
vt 0.927730 0.232291
vt 0.930809 0.232291
vt 0.438384 0.920322
vt 0.435305 0.889923
vt 0.438384 0.889923
vt 0.837408 0.865023
vt 0.840487 0.923095
vt 0.837408 0.923095
vt 0.837408 0.923095
vt 0.834329 0.865023
vt 0.837408 0.865023
vt 0.459545 0.889923
vt 0.462625 0.920322
vt 0.459545 0.920322
vt 0.389904 0.884215
vt 0.392983 0.914613
vt 0.389904 0.914613
vt 0.907443 0.516586
vt 0.910522 0.574659
vt 0.907443 0.574659
vt 0.411065 0.920322
vt 0.407986 0.889923
vt 0.411065 0.889923
vt 0.447622 0.920322
vt 0.444543 0.889923
vt 0.447622 0.889923
vt 0.925917 0.748877
vt 0.928997 0.806950
vt 0.925917 0.806950
vt 0.411065 0.889923
vt 0.414144 0.920322
vt 0.411065 0.920322
vt 0.922838 0.690805
vt 0.919759 0.632732
vt 0.922838 0.632732
vt 0.417223 0.920322
vt 0.414144 0.889923
vt 0.417223 0.889923
vt 0.417223 0.889923
vt 0.420302 0.920322
vt 0.417223 0.920322
vt 0.925917 0.516586
vt 0.928997 0.574659
vt 0.925917 0.574659
vt 0.426461 0.920322
vt 0.423382 0.889923
vt 0.426461 0.889923
vt 0.927730 0.348436
vt 0.924651 0.290364
vt 0.927730 0.290364
vt 0.450701 0.920322
vt 0.447622 0.889923
vt 0.450701 0.889923
vt 0.927730 0.232291
vt 0.924651 0.174218
vt 0.927730 0.174218
vt 0.919759 0.806950
vt 0.922838 0.865023
vt 0.919759 0.865023
vt 0.930461 0.465499
vt 0.933540 0.495898
vt 0.930461 0.495898
vt 0.933541 0.465499
vt 0.936620 0.495898
vt 0.933541 0.495898
vt 0.927730 0.174218
vt 0.924651 0.116145
vt 0.927730 0.116145
vt 0.691574 0.865023
vt 0.694653 0.923095
vt 0.691574 0.923095
vt 0.831250 0.923095
vt 0.828171 0.865023
vt 0.831250 0.865023
vt 0.943126 0.030399
vt 0.940047 0.000000
vt 0.943126 0.000000
vt 0.286582 0.689083
vt 0.289661 0.747155
vt 0.286582 0.747155
vt 0.380666 0.914613
vt 0.383745 0.884215
vt 0.383745 0.914613
vt 0.746998 0.865023
vt 0.750077 0.923095
vt 0.746998 0.923095
vt 0.943126 0.204617
vt 0.940047 0.174218
vt 0.943126 0.174218
vt 0.713128 0.923095
vt 0.710048 0.865023
vt 0.713128 0.865023
vt 0.943126 0.265414
vt 0.940047 0.235015
vt 0.943126 0.235015
vt 0.943126 0.295812
vt 0.940047 0.265414
vt 0.943126 0.265414
vt 0.943126 0.326211
vt 0.940047 0.295812
vt 0.943126 0.295812
vt 0.943126 0.378835
vt 0.940047 0.348436
vt 0.943126 0.348436
vt 0.922838 0.516586
vt 0.925917 0.574659
vt 0.922838 0.574659
vt 0.943126 0.439632
vt 0.940047 0.409233
vt 0.943126 0.409233
vt 0.924651 0.464582
vt 0.921572 0.406509
vt 0.924651 0.406509
vt 0.944392 0.605057
vt 0.941313 0.574659
vt 0.944392 0.574659
vt 0.944392 0.635456
vt 0.941313 0.605057
vt 0.944392 0.605057
vt 0.478020 0.889923
vt 0.474941 0.831851
vt 0.478020 0.831851
vt 0.944392 0.696253
vt 0.941313 0.665854
vt 0.944392 0.665854
vt 0.774710 0.865023
vt 0.777789 0.923095
vt 0.774710 0.923095
vt 0.941313 0.748877
vt 0.944392 0.779276
vt 0.941313 0.779276
vt 0.941313 0.809674
vt 0.944392 0.779276
vt 0.944392 0.809674
vt 0.924651 0.232291
vt 0.921572 0.174218
vt 0.924651 0.174218
vt 0.269190 0.686734
vt 0.272269 0.744807
vt 0.269190 0.744807
vt 0.737761 0.923095
vt 0.734682 0.865023
vt 0.737761 0.865023
vt 0.376764 0.944961
vt 0.373685 0.914563
vt 0.376764 0.914563
vt 0.283503 0.805228
vt 0.286582 0.863301
vt 0.283503 0.863301
vt 0.367527 0.914563
vt 0.370606 0.944961
vt 0.367527 0.944961
vt 0.858962 0.865023
vt 0.862041 0.923095
vt 0.858962 0.923095
vt 0.310588 0.914608
vt 0.313667 0.945006
vt 0.310588 0.945006
vt 0.889361 0.923095
vt 0.886281 0.865023
vt 0.889361 0.865023
vt 0.506103 0.923095
vt 0.509182 0.953494
vt 0.506103 0.953494
vt 0.377587 0.884215
vt 0.380666 0.914613
vt 0.377587 0.914613
vt 0.916680 0.574659
vt 0.919759 0.632732
vt 0.916680 0.632732
vt 0.319825 0.945006
vt 0.316746 0.914608
vt 0.319825 0.914608
vt 0.796264 0.923095
vt 0.793185 0.865023
vt 0.796264 0.865023
vt 0.325983 0.945006
vt 0.322904 0.914608
vt 0.325983 0.914608
vt 0.870886 0.923095
vt 0.867807 0.865023
vt 0.870886 0.865023
vt 0.765473 0.865023
vt 0.768552 0.923095
vt 0.765473 0.923095
vt 0.298271 0.945006
vt 0.301350 0.914608
vt 0.301350 0.945006
vt 0.380666 0.945012
vt 0.377587 0.914613
vt 0.380666 0.914613
vt 0.380666 0.914613
vt 0.383745 0.945012
vt 0.380666 0.945012
vt 0.910522 0.690804
vt 0.907443 0.632732
vt 0.910522 0.632732
vt 0.386825 0.945012
vt 0.383745 0.914613
vt 0.386825 0.914613
vt 0.796264 0.865023
vt 0.799343 0.923095
vt 0.796264 0.923095
vt 0.822013 0.923095
vt 0.818933 0.865023
vt 0.822013 0.865023
vt 0.398748 0.914613
vt 0.401828 0.945012
vt 0.398748 0.945012
vt 0.269190 0.951772
vt 0.266111 0.921374
vt 0.269190 0.921374
vt 0.901284 0.865023
vt 0.904363 0.923095
vt 0.901284 0.923095
vt 0.942778 0.465499
vt 0.945857 0.495898
vt 0.942778 0.495898
vt 0.946205 0.030399
vt 0.943126 0.000000
vt 0.946205 0.000000
vt 0.910522 0.574659
vt 0.913601 0.632732
vt 0.910522 0.632732
vt 0.946205 0.091196
vt 0.943126 0.060797
vt 0.946205 0.060797
vt 0.938234 0.806950
vt 0.935155 0.748877
vt 0.938234 0.748877
vt 0.946205 0.235015
vt 0.943126 0.204617
vt 0.946205 0.204617
vt 0.946205 0.176943
vt 0.943126 0.146544
vt 0.946205 0.146544
vt 0.475705 0.483414
vt 0.478784 0.541487
vt 0.475704 0.541487
vt 0.946205 0.295812
vt 0.943126 0.265414
vt 0.946205 0.265414
vt 0.280424 0.744807
vt 0.277345 0.686734
vt 0.280424 0.686734
vt 0.328670 0.884209
vt 0.331749 0.914608
vt 0.328670 0.914608
vt 0.913601 0.748877
vt 0.910522 0.690804
vt 0.913601 0.690804
vt 0.753156 0.865023
vt 0.756236 0.923095
vt 0.753156 0.923095
vt 0.348454 0.946469
vt 0.345374 0.916070
vt 0.348454 0.916070
vt 0.345374 0.946468
vt 0.342295 0.916070
vt 0.345374 0.916070
vt 0.907443 0.574659
vt 0.904363 0.516586
vt 0.907443 0.516586
vt 0.864728 0.865023
vt 0.867807 0.923095
vt 0.864728 0.923095
vt 0.700811 0.923095
vt 0.697732 0.865022
vt 0.700811 0.865022
vt 0.357298 0.916070
vt 0.360377 0.946468
vt 0.357298 0.946468
vt 0.936968 0.174218
vt 0.940047 0.232291
vt 0.936968 0.232291
vt 0.360377 0.946468
vt 0.363456 0.916070
vt 0.363456 0.946468
vt 0.880123 0.865023
vt 0.883202 0.923095
vt 0.880123 0.923095
vt 0.944392 0.516586
vt 0.947471 0.546985
vt 0.944392 0.546985
vt 0.922838 0.923096
vt 0.919759 0.865023
vt 0.922838 0.865023
vt 0.947471 0.577383
vt 0.944392 0.546985
vt 0.947471 0.546985
vt 0.947471 0.696253
vt 0.944392 0.726651
vt 0.944392 0.696253
vt 0.471862 0.541487
vt 0.474941 0.599560
vt 0.471862 0.599560
vt 0.944392 0.635456
vt 0.947471 0.665854
vt 0.944392 0.665854
vt 0.932076 0.806950
vt 0.928997 0.748877
vt 0.932076 0.748877
vt 0.947471 0.809674
vt 0.944392 0.779276
vt 0.947471 0.779276
vt 0.275349 0.860952
vt 0.272270 0.802880
vt 0.275349 0.802880
vt 0.474941 0.715705
vt 0.478020 0.773778
vt 0.474941 0.773778
vt 0.524578 0.923095
vt 0.527657 0.953494
vt 0.524578 0.953494
vt 0.328670 0.914608
vt 0.325591 0.884209
vt 0.328670 0.884209
vt 0.283503 0.802880
vt 0.280424 0.744807
vt 0.283503 0.744807
vt 0.933888 0.174218
vt 0.936968 0.232291
vt 0.933888 0.232291
vt 0.272269 0.802880
vt 0.269190 0.744807
vt 0.272269 0.744807
vt 0.946205 0.091196
vt 0.949284 0.121594
vt 0.946205 0.121594
vt 0.927730 0.348436
vt 0.930809 0.406509
vt 0.927730 0.406509
vt 0.946205 0.176943
vt 0.949284 0.207341
vt 0.946205 0.207341
vt 0.921572 0.232291
vt 0.924651 0.290364
vt 0.921572 0.290364
vt 0.404907 0.884215
vt 0.407986 0.914613
vt 0.404907 0.914613
vt 0.913601 0.923095
vt 0.910522 0.865023
vt 0.913601 0.865023
vt 0.946205 0.295812
vt 0.949284 0.326211
vt 0.946205 0.326211
vt 0.949284 0.387008
vt 0.946205 0.356609
vt 0.949284 0.356609
vt 0.809696 0.865022
vt 0.812775 0.923095
vt 0.809696 0.923095
vt 0.281507 0.949424
vt 0.278428 0.919025
vt 0.281507 0.919025
vt 0.802423 0.923095
vt 0.799343 0.865023
vt 0.802423 0.865023
vt 0.272270 0.919025
vt 0.275349 0.949424
vt 0.272270 0.949424
vt 0.805502 0.923095
vt 0.802423 0.865023
vt 0.805502 0.865023
vt 0.787027 0.865023
vt 0.790106 0.923095
vt 0.787027 0.923095
vt 0.947471 0.577383
vt 0.950550 0.607782
vt 0.947471 0.607782
vt 0.950550 0.607782
vt 0.947471 0.638180
vt 0.947471 0.607782
vt 0.941313 0.748877
vt 0.938234 0.690804
vt 0.941313 0.690804
vt 0.938234 0.632732
vt 0.941313 0.690804
vt 0.938234 0.690804
vt 0.916680 0.574659
vt 0.913601 0.516586
vt 0.916680 0.516586
vt 0.950550 0.779276
vt 0.947471 0.748877
vt 0.950550 0.748877
vt 0.870886 0.865023
vt 0.873965 0.923095
vt 0.870886 0.923095
vt 0.947471 0.779276
vt 0.950550 0.809674
vt 0.947471 0.809674
vt 0.286582 0.631010
vt 0.289661 0.689083
vt 0.286582 0.689083
vt 0.950550 0.925820
vt 0.947471 0.895422
vt 0.950550 0.895422
vt 0.901284 0.923095
vt 0.898205 0.865023
vt 0.901284 0.865023
vt 0.426461 0.950720
vt 0.423382 0.920322
vt 0.426461 0.920322
vt 0.316353 0.914608
vt 0.319432 0.884209
vt 0.319432 0.914608
vt 0.938234 0.865023
vt 0.941313 0.923096
vt 0.938234 0.923096
vt 0.438384 0.950721
vt 0.435305 0.920322
vt 0.438384 0.920322
vt 0.916680 0.923095
vt 0.913601 0.865023
vt 0.916680 0.865023
vt 0.453387 0.920322
vt 0.456466 0.950721
vt 0.453387 0.950721
vt 0.941313 0.806950
vt 0.938234 0.748877
vt 0.941313 0.748877
vt 0.728523 0.865023
vt 0.731602 0.923095
vt 0.728523 0.923095
vt 0.435305 0.950721
vt 0.432226 0.920322
vt 0.435305 0.920322
vt 0.423381 0.950721
vt 0.420302 0.920322
vt 0.423381 0.920322
vt 0.924651 0.406509
vt 0.921572 0.348436
vt 0.924651 0.348436
vt 0.471862 0.599560
vt 0.474941 0.657632
vt 0.471862 0.657632
vt 0.746998 0.923095
vt 0.743919 0.865023
vt 0.746998 0.865023
vt 0.450701 0.950720
vt 0.447622 0.920322
vt 0.450701 0.920322
vt 0.269190 0.802880
vt 0.272270 0.860952
vt 0.269190 0.860952
vt 0.456466 0.920322
vt 0.459545 0.950720
vt 0.456466 0.950720
vt 0.922838 0.632732
vt 0.925917 0.690805
vt 0.922838 0.690805
vt 0.465704 0.920322
vt 0.468783 0.950721
vt 0.465704 0.950721
vt 0.925917 0.923096
vt 0.922838 0.865023
vt 0.925917 0.865023
vt 0.474941 0.920322
vt 0.478020 0.950721
vt 0.474941 0.950721
vt 0.150675 0.951772
vt 0.147596 0.921374
vt 0.150675 0.921374
vt 0.904363 0.806950
vt 0.907443 0.865023
vt 0.904363 0.865023
vt 0.298271 0.884209
vt 0.301350 0.914608
vt 0.298271 0.914608
vt 0.286582 0.689083
vt 0.283503 0.631010
vt 0.286582 0.631010
vt 0.159913 0.921374
vt 0.162992 0.951772
vt 0.159913 0.951772
vt 0.927730 0.116145
vt 0.924651 0.058073
vt 0.927730 0.058073
vt 0.919759 0.574659
vt 0.922838 0.632732
vt 0.919759 0.632732
vt 0.177995 0.951772
vt 0.174916 0.921374
vt 0.177995 0.921374
vt 0.166071 0.951772
vt 0.162992 0.921374
vt 0.166071 0.921374
vt 0.928997 0.632732
vt 0.925917 0.574659
vt 0.928997 0.574659
vt 0.925917 0.690805
vt 0.928997 0.748877
vt 0.925917 0.748877
vt 0.292740 0.921374
vt 0.289661 0.863301
vt 0.292740 0.863301
vt 0.205314 0.951772
vt 0.202235 0.921374
vt 0.205314 0.921374
vt 0.181074 0.951772
vt 0.184153 0.921374
vt 0.184153 0.951772
vt 0.925917 0.865023
vt 0.928997 0.923096
vt 0.925917 0.923096
vt 0.930809 0.174218
vt 0.927730 0.116145
vt 0.930809 0.116145
vt 0.202235 0.951772
vt 0.199156 0.921374
vt 0.202235 0.921374
vt 0.927730 0.290364
vt 0.930809 0.348436
vt 0.927730 0.348436
vt 0.196077 0.921374
vt 0.199156 0.951772
vt 0.196077 0.951772
vt 0.286582 0.921374
vt 0.289661 0.951772
vt 0.286582 0.951772
vt 0.930809 0.464582
vt 0.927730 0.406509
vt 0.930809 0.406509
vt 0.904363 0.574659
vt 0.907443 0.632732
vt 0.904363 0.632732
vt 0.214552 0.921374
vt 0.217631 0.951772
vt 0.214552 0.951772
vt 0.220710 0.951772
vt 0.217631 0.921374
vt 0.220710 0.921374
vt 0.932076 0.574659
vt 0.928997 0.516586
vt 0.932076 0.516586
vt 0.930809 0.174218
vt 0.933889 0.232291
vt 0.930809 0.232291
vt 0.478020 0.657632
vt 0.474941 0.599560
vt 0.478020 0.599560
vt 0.762394 0.865023
vt 0.765473 0.923095
vt 0.762394 0.923095
vt 0.244950 0.951772
vt 0.241871 0.921374
vt 0.244950 0.921374
vt 0.292740 0.951772
vt 0.289661 0.921374
vt 0.292740 0.921374
vt 0.244950 0.921374
vt 0.248029 0.951772
vt 0.244950 0.951772
vt 0.932076 0.516586
vt 0.935155 0.574659
vt 0.932076 0.574659
vt 0.331749 0.884209
vt 0.334828 0.914608
vt 0.331749 0.914608
vt 0.935155 0.632732
vt 0.932076 0.574659
vt 0.935155 0.574659
vt 0.232634 0.921374
vt 0.235713 0.951772
vt 0.232634 0.951772
vt 0.935155 0.690804
vt 0.932076 0.632732
vt 0.935155 0.632732
vt 0.910522 0.632732
vt 0.913601 0.690804
vt 0.910522 0.690804
vt 0.263032 0.951772
vt 0.259953 0.921374
vt 0.263032 0.921374
vt 0.256874 0.921374
vt 0.259953 0.951772
vt 0.256874 0.951772
vt 0.935155 0.865023
vt 0.932076 0.806950
vt 0.935155 0.806950
vt 0.913601 0.574659
vt 0.916680 0.632732
vt 0.913601 0.632732
vt 0.949284 0.030399
vt 0.952363 0.060797
vt 0.949284 0.060797
vt 0.952363 0.060797
vt 0.949284 0.091196
vt 0.949284 0.060797
vt 0.919759 0.806950
vt 0.916680 0.748877
vt 0.919759 0.748877
vt 0.933888 0.116145
vt 0.936968 0.174218
vt 0.933888 0.174218
vt 0.706969 0.923095
vt 0.703890 0.865023
vt 0.706969 0.865023
vt 0.933888 0.406509
vt 0.936968 0.464582
vt 0.933888 0.464582
vt 0.952363 0.295812
vt 0.949284 0.265414
vt 0.952363 0.265414
vt 0.952363 0.243188
vt 0.949284 0.212790
vt 0.952363 0.212790
vt 0.949284 0.356609
vt 0.952363 0.387008
vt 0.949284 0.387008
vt 0.935155 0.632732
vt 0.938234 0.690804
vt 0.935155 0.690804
vt 0.401827 0.884215
vt 0.404907 0.914613
vt 0.401827 0.914613
vt 0.933889 0.174218
vt 0.930809 0.116145
vt 0.933889 0.116145
vt 0.539581 0.923095
vt 0.542660 0.953494
vt 0.539581 0.953494
vt 0.938234 0.865023
vt 0.935155 0.806950
vt 0.938234 0.806950
vt 0.474941 0.773778
vt 0.478020 0.831851
vt 0.474941 0.831851
vt 0.944392 0.895421
vt 0.947471 0.925820
vt 0.944392 0.925820
vt 0.313667 0.914608
vt 0.316746 0.945006
vt 0.313667 0.945006
vt 0.941313 0.574659
vt 0.938234 0.516586
vt 0.941313 0.516586
vt 0.759315 0.865023
vt 0.762394 0.923095
vt 0.759315 0.923095
vt 0.429540 0.950721
vt 0.426461 0.920322
vt 0.429540 0.920322
vt 0.944392 0.546985
vt 0.941313 0.516586
vt 0.944392 0.516586
vt 0.928997 0.865023
vt 0.925917 0.806950
vt 0.928997 0.806950
vt 0.812775 0.865023
vt 0.815854 0.923095
vt 0.812775 0.923095
vt 0.787027 0.923095
vt 0.783948 0.865023
vt 0.787027 0.865023
vt 0.924651 0.000000
vt 0.927730 0.058073
vt 0.924651 0.058073
vt 0.509182 0.923095
vt 0.512262 0.953494
vt 0.509182 0.953494
vt 0.281507 0.802880
vt 0.922838 0.632732
vt 0.462625 0.950720
vt 0.790106 0.923095
vt 0.946205 0.091196
vt 0.933888 0.406509
vt 0.322512 0.884209
vt 0.947471 0.809674
vt 0.740840 0.923095
vt 0.943126 0.356610
vt 0.474941 0.773778
vt 0.946205 0.235015
vt 0.895126 0.865023
vt 0.921572 0.058073
vt 0.941313 0.665855
vt 0.943126 0.030399
vt 0.281507 0.860952
vt 0.928997 0.690804
vt 0.366535 0.885671
vt 0.952363 0.409233
vt 0.938234 0.690804
vt 0.935155 0.923096
vt 0.235713 0.951772
vt 0.933889 0.058073
vt 0.453387 0.920322
vt 0.930809 0.058073
vt 0.927382 0.495898
vt 0.941313 0.834624
vt 0.700811 0.923095
vt 0.940047 0.146544
vt 0.286582 0.747155
vt 0.307509 0.914608
vt 0.818933 0.865023
vt 0.370606 0.884164
vt 0.404907 0.945012
vt 0.366535 0.916070
vt 0.478020 0.541487
vt 0.922838 0.865023
vt 0.949284 0.000000
vt 0.949284 0.121594
vt 0.907443 0.865023
vt 0.936968 0.406509
vt 0.949284 0.326211
vt 0.852804 0.923095
vt 0.946205 0.439632
vt 0.941313 0.574659
vt 0.269190 0.949424
vt 0.950550 0.516586
vt 0.471862 0.773778
vt 0.947471 0.696253
vt 0.910522 0.690804
vt 0.947471 0.870471
vt 0.328670 0.826136
vt 0.907443 0.923095
vt 0.950550 0.809674
vt 0.301350 0.914608
vt 0.898205 0.865022
vt 0.706969 0.923095
vt 0.441463 0.920322
vt 0.524578 0.923095
vt 0.283503 0.686734
vt 0.921572 0.174218
vt 0.518420 0.953494
vt 0.921572 0.348436
vt 0.295192 0.483414
vt 0.411065 0.950721
vt 0.728523 0.865023
vt 0.462625 0.950720
vt 0.444543 0.920322
vt 0.716207 0.923095
vt 0.447622 0.920322
vt 0.289661 0.805228
vt 0.471862 0.920322
vt 0.922838 0.748877
vt 0.907443 0.865023
vt 0.471862 0.920322
vt 0.150675 0.951772
vt 0.280424 0.744807
vt 0.694653 0.923095
vt 0.370606 0.914563
vt 0.367527 0.914563
vt 0.927730 0.406509
vt 0.919759 0.748877
vt 0.298271 0.884209
vt 0.936968 0.464582
vt 0.171836 0.951772
vt 0.286582 0.863301
vt 0.533423 0.923095
vt 0.208393 0.921374
vt 0.916680 0.865023
vt 0.373685 0.914563
vt 0.919759 0.690805
vt 0.190311 0.921374
vt 0.930809 0.174218
vt 0.471862 0.715705
vt 0.193390 0.921374
vt 0.214552 0.921374
vt 0.471862 0.483414
vt 0.468783 0.889923
vt 0.286582 0.921374
vt 0.223789 0.951772
vt 0.933889 0.058073
vt 0.468783 0.715705
vt 0.223789 0.951772
vt 0.930809 0.406509
vt 0.238792 0.951772
vt 0.916680 0.632732
vt 0.251108 0.951772
vt 0.313667 0.884209
vt 0.910522 0.865023
vt 0.310588 0.884209
vt 0.292740 0.631010
vt 0.263032 0.951772
vt 0.935155 0.748877
vt 0.932076 0.923096
vt 0.948936 0.495898
vt 0.952363 0.000000
vt 0.916680 0.748877
vt 0.933889 0.116145
vt 0.949284 0.151993
vt 0.949284 0.121594
vt 0.753156 0.865023
vt 0.331749 0.884209
vt 0.949284 0.182391
vt 0.933889 0.406509
vt 0.952363 0.212790
vt 0.938234 0.574659
vt 0.952363 0.295812
vt 0.536502 0.953494
vt 0.946205 0.060797
vt 0.944392 0.779276
vt 0.936968 0.290364
vt 0.277345 0.744807
vt 0.947471 0.605057
vt 0.339216 0.946468
vt 0.289661 0.805228
vt 0.907443 0.748877
vt 0.342295 0.916070
vt 0.858962 0.865023
vt 0.354219 0.916070
vt 0.768552 0.923095
vt 0.943126 0.439632
vt 0.946205 0.356609
vt 0.809696 0.865023
vt 0.943126 0.146544
vt 0.873965 0.923095
vt 0.943126 0.060797
vt 0.880123 0.923095
vt 0.916680 0.806950
vt 0.392983 0.914613
vt 0.401828 0.945012
vt 0.474941 0.715705
vt 0.940047 0.116145
vt 0.304430 0.945006
vt 0.301350 0.945006
vt 0.916680 0.690804
vt 0.886281 0.865023
vt 0.319825 0.945006
vt 0.277345 0.686734
vt 0.331749 0.914608
vt 0.468783 0.773778
vt 0.298271 0.914608
vt 0.373685 0.914563
vt 0.722365 0.865023
vt 0.941313 0.925820
vt 0.916680 0.923096
vt 0.941313 0.895422
vt 0.921572 0.116145
vt 0.740840 0.865023
vt 0.944392 0.809674
vt 0.944392 0.696253
vt 0.731602 0.923095
vt 0.725444 0.865023
vt 0.515341 0.953494
vt 0.940047 0.409233
vt 0.904363 0.690804
vt 0.925917 0.690804
vt 0.943126 0.235015
vt 0.471862 0.773778
vt 0.383745 0.914613
vt 0.471862 0.541487
vt 0.536502 0.923095
vt 0.936620 0.495898
vt 0.278428 0.802880
vt 0.927382 0.495898
vt 0.924651 0.290364
vt 0.426461 0.920322
vt 0.924651 0.406509
vt 0.922838 0.748877
vt 0.423381 0.889923
vt 0.386825 0.914613
vt 0.925917 0.690804
vt 0.922838 0.516586
vt 0.459545 0.889923
vt 0.441463 0.920322
vt 0.904363 0.748877
vt 0.930809 0.000000
vt 0.462625 0.920322
vt 0.370606 0.826092
vt 0.468783 0.889923
vt 0.916680 0.574659
vt 0.441463 0.889924
vt 0.348453 0.885671
vt 0.910522 0.748877
vt 0.342295 0.916070
vt 0.928997 0.632732
vt 0.351140 0.916070
vt 0.928997 0.748877
vt 0.828171 0.865023
vt 0.357298 0.885671
vt 0.471862 0.889923
vt 0.930809 0.058073
vt 0.286582 0.689083
vt 0.840487 0.923095
vt 0.942778 0.495898
vt 0.933889 0.290364
vt 0.943126 0.060797
vt 0.916680 0.690805
vt 0.395669 0.945012
vt 0.831250 0.923095
vt 0.946205 0.295812
vt 0.947471 0.665855
vt 0.910522 0.574659
vt 0.325591 0.914608
vt 0.936968 0.348436
vt 0.275349 0.949424
vt 0.289661 0.747155
vt 0.278428 0.860952
vt 0.420302 0.920322
vt 0.512261 0.953494
vt 0.933889 0.348436
vt 0.936968 0.232291
vt 0.771631 0.923095
vt 0.545739 0.953494
vt 0.938234 0.516586
vt 0.153754 0.951772
vt 0.275349 0.860952
vt 0.177995 0.951772
vt 0.713128 0.923095
vt 0.307509 0.884209
vt 0.229947 0.921374
vt 0.940047 0.000000
vt 0.949284 0.356609
vt 0.289661 0.863301
vt 0.251108 0.951772
vt 0.289661 0.805228
vt 0.849725 0.865023
vt 0.187232 0.921374
vt 0.169150 0.921374
vt 0.208393 0.951772
vt 0.471862 0.889923
vt 0.159913 0.921374
vt 0.272270 0.860952
vt 0.822012 0.923095
vt 0.411065 0.920322
vt 0.417223 0.920322
vt 0.289661 0.863301
vt 0.950550 0.665855
vt 0.950550 0.577383
vt 0.852804 0.865022
vt 0.946205 0.265414
vt 0.910522 0.574659
vt 0.946205 0.295812
vt 0.948936 0.465499
vt 0.759315 0.865023
vt 0.944392 0.840073
vt 0.932076 0.748877
vt 0.398748 0.914613
vt 0.910522 0.806950
vt 0.780869 0.865023
vt 0.389904 0.914613
vt 0.334828 0.914608
vt 0.930809 0.290364
vt 0.846646 0.865023
vt 0.468783 0.657632
vt 0.435305 0.889923
vt 0.932076 0.865023
vt 0.336137 0.916070
vt 0.932076 0.806950
vt 0.354219 0.946469
vt 0.468783 0.599560
vt 0.360377 0.916070
vt 0.360377 0.885671
vt 0.940047 0.058073
vt 0.545739 0.923095
vt 0.331749 0.884209
vt 0.339216 0.916070
vt 0.373685 0.884164
vt 0.783948 0.865023
vt 0.478020 0.889923
vt 0.471862 0.920322
vt 0.392983 0.914613
vt 0.927730 0.290364
vt 0.435305 0.920322
vt 0.840487 0.865023
vt 0.834329 0.923095
vt 0.462625 0.889923
vt 0.392983 0.884215
vt 0.910522 0.516586
vt 0.407986 0.920322
vt 0.444543 0.920322
vt 0.928997 0.748877
vt 0.414144 0.889923
vt 0.919759 0.690805
vt 0.414144 0.920322
vt 0.420302 0.889923
vt 0.928997 0.516586
vt 0.423382 0.920322
vt 0.924651 0.348436
vt 0.447622 0.920322
vt 0.924651 0.232291
vt 0.922838 0.806950
vt 0.933540 0.465499
vt 0.936620 0.465499
vt 0.924651 0.174218
vt 0.694653 0.865023
vt 0.828171 0.923095
vt 0.940047 0.030399
vt 0.289661 0.689083
vt 0.380666 0.884215
vt 0.750077 0.865023
vt 0.940047 0.204617
vt 0.710048 0.923095
vt 0.940047 0.265414
vt 0.940047 0.295812
vt 0.940047 0.326211
vt 0.940047 0.378835
vt 0.925917 0.516586
vt 0.940047 0.439632
vt 0.921572 0.464582
vt 0.941313 0.605057
vt 0.941313 0.635456
vt 0.474941 0.889923
vt 0.941313 0.696253
vt 0.777789 0.865023
vt 0.944392 0.748877
vt 0.941313 0.779276
vt 0.921572 0.232291
vt 0.272269 0.686734
vt 0.734682 0.923095
vt 0.373685 0.944961
vt 0.286582 0.805228
vt 0.370606 0.914563
vt 0.862041 0.865023
vt 0.313667 0.914608
vt 0.886281 0.923095
vt 0.509182 0.923095
vt 0.380666 0.884215
vt 0.919759 0.574659
vt 0.316746 0.945006
vt 0.793185 0.923095
vt 0.322904 0.945006
vt 0.867807 0.923095
vt 0.768552 0.865023
vt 0.298271 0.914608
vt 0.377587 0.945012
vt 0.383745 0.914613
vt 0.907443 0.690804
vt 0.383745 0.945012
vt 0.799343 0.865023
vt 0.818933 0.923095
vt 0.401828 0.914613
vt 0.266111 0.951772
vt 0.904363 0.865023
vt 0.945857 0.465499
vt 0.943126 0.030399
vt 0.913601 0.574659
vt 0.943126 0.091196
vt 0.935155 0.806950
vt 0.943126 0.235015
vt 0.943126 0.176943
vt 0.478784 0.483414
vt 0.943126 0.295812
vt 0.277345 0.744807
vt 0.331749 0.884209
vt 0.910522 0.748877
vt 0.756236 0.865023
vt 0.345374 0.946469
vt 0.342295 0.946468
vt 0.904363 0.574659
vt 0.867807 0.865023
vt 0.697732 0.923095
vt 0.360377 0.916070
vt 0.940047 0.174218
vt 0.360377 0.916070
vt 0.883202 0.865023
vt 0.947471 0.516586
vt 0.919759 0.923096
vt 0.944392 0.577383
vt 0.947471 0.726651
vt 0.474941 0.541487
vt 0.947471 0.635456
vt 0.928997 0.806950
vt 0.944392 0.809674
vt 0.272270 0.860952
vt 0.478020 0.715705
vt 0.527657 0.923095
vt 0.325591 0.914608
vt 0.280424 0.802880
vt 0.936968 0.174218
vt 0.269190 0.802880
vt 0.949284 0.091196
vt 0.930809 0.348436
vt 0.949284 0.176943
vt 0.924651 0.232291
vt 0.407986 0.884215
vt 0.910522 0.923095
vt 0.949284 0.295812
vt 0.946205 0.387008
vt 0.812775 0.865022
vt 0.278428 0.949424
vt 0.799343 0.923095
vt 0.275349 0.919025
vt 0.802423 0.923095
vt 0.790106 0.865023
vt 0.950550 0.577383
vt 0.950550 0.638180
vt 0.938234 0.748877
vt 0.941313 0.632732
vt 0.913601 0.574659
vt 0.947471 0.779276
vt 0.873965 0.865023
vt 0.950550 0.779276
vt 0.289661 0.631010
vt 0.947471 0.925820
vt 0.898205 0.923095
vt 0.423382 0.950720
vt 0.316353 0.884209
vt 0.941313 0.865023
vt 0.435305 0.950721
vt 0.913601 0.923095
vt 0.456466 0.920322
vt 0.938234 0.806950
vt 0.731602 0.865023
vt 0.432226 0.950721
vt 0.420302 0.950721
vt 0.921572 0.406509
vt 0.474941 0.599560
vt 0.743919 0.923095
vt 0.447622 0.950720
vt 0.272270 0.802880
vt 0.459545 0.920322
vt 0.925917 0.632732
vt 0.468783 0.920322
vt 0.922838 0.923096
vt 0.478020 0.920322
vt 0.147596 0.951772
vt 0.907443 0.806950
vt 0.301350 0.884209
vt 0.283503 0.689083
vt 0.162992 0.921374
vt 0.924651 0.116145
vt 0.922838 0.574659
vt 0.174916 0.951772
vt 0.162992 0.951772
vt 0.925917 0.632732
vt 0.928997 0.690805
vt 0.289661 0.921374
vt 0.202235 0.951772
vt 0.181074 0.921374
vt 0.928997 0.865023
vt 0.927730 0.174218
vt 0.199156 0.951772
vt 0.930809 0.290364
vt 0.199156 0.921374
vt 0.289661 0.921374
vt 0.927730 0.464582
vt 0.907443 0.574659
vt 0.217631 0.921374
vt 0.217631 0.951772
vt 0.928997 0.574659
vt 0.933889 0.174218
vt 0.474941 0.657632
vt 0.765473 0.865023
vt 0.241871 0.951772
vt 0.289661 0.951772
vt 0.248029 0.921374
vt 0.935155 0.516586
vt 0.334828 0.884209
vt 0.932076 0.632732
vt 0.235713 0.921374
vt 0.932076 0.690804
vt 0.913601 0.632732
vt 0.259953 0.951772
vt 0.259953 0.921374
vt 0.932076 0.865023
vt 0.916680 0.574659
vt 0.952363 0.030399
vt 0.952363 0.091196
vt 0.916680 0.806950
vt 0.936968 0.116145
vt 0.703890 0.923095
vt 0.936968 0.406509
vt 0.949284 0.295812
vt 0.949284 0.243188
vt 0.952363 0.356609
vt 0.938234 0.632732
vt 0.404907 0.884215
vt 0.930809 0.174218
vt 0.542660 0.923095
vt 0.935155 0.865023
vt 0.478020 0.773778
vt 0.947471 0.895421
vt 0.316746 0.914608
vt 0.938234 0.574659
vt 0.762394 0.865023
vt 0.426461 0.950721
vt 0.941313 0.546985
vt 0.925917 0.865023
vt 0.815854 0.865023
vt 0.783948 0.923095
vt 0.927730 0.000000
vt 0.512262 0.923095
vt 0.873965 0.574659
vt 0.904364 0.632732
vt 0.873965 0.632732
vt 0.407986 0.831851
vt 0.438384 0.889923
vt 0.407986 0.889923
vt 0.721972 0.748877
vt 0.752371 0.806950
vt 0.721972 0.806950
vt 0.295192 0.884209
vt 0.325591 0.826137
vt 0.325591 0.884209
vt 0.600378 0.574659
vt 0.569979 0.516586
vt 0.600378 0.516586
vt 0.843566 0.865023
vt 0.873965 0.806950
vt 0.873965 0.865023
vt 0.752371 0.748877
vt 0.782769 0.806950
vt 0.752371 0.806950
vt 0.843566 0.632732
vt 0.873965 0.690804
vt 0.843566 0.690804
vt 0.843566 0.516586
vt 0.873965 0.574659
vt 0.843566 0.574659
vt 0.661175 0.923095
vt 0.691573 0.865023
vt 0.691573 0.923095
vt 0.843566 0.574659
vt 0.873965 0.632732
vt 0.843566 0.632732
vt 0.721972 0.806950
vt 0.752371 0.865023
vt 0.721972 0.865023
vt 0.752371 0.865023
vt 0.782769 0.806950
vt 0.782769 0.865023
vt 0.600378 0.574659
vt 0.630777 0.516586
vt 0.630777 0.574659
vt 0.407986 0.541487
vt 0.438384 0.599560
vt 0.407986 0.599560
vt 0.600378 0.574659
vt 0.630777 0.632732
vt 0.600378 0.632732
vt 0.177995 0.747155
vt 0.208393 0.805228
vt 0.177995 0.805228
vt 0.661175 0.632732
vt 0.630777 0.574659
vt 0.661175 0.574659
vt 0.630777 0.865023
vt 0.661175 0.923095
vt 0.630777 0.923095
vt 0.813168 0.865023
vt 0.843567 0.806950
vt 0.843567 0.865023
vt 0.569979 0.574659
vt 0.600378 0.632732
vt 0.569979 0.632732
vt 0.782769 0.632732
vt 0.813168 0.690804
vt 0.782769 0.690804
vt 0.600378 0.748877
vt 0.630777 0.806950
vt 0.600378 0.806950
vt 0.600378 0.806950
vt 0.630777 0.865023
vt 0.600378 0.865023
vt 0.661175 0.748877
vt 0.691574 0.806950
vt 0.661175 0.806950
vt 0.478784 0.632732
vt 0.509182 0.574659
vt 0.509182 0.632732
vt 0.238792 0.805228
vt 0.269190 0.863301
vt 0.238792 0.863301
vt 0.269190 0.805228
vt 0.238792 0.747155
vt 0.269190 0.747155
vt 0.782769 0.690804
vt 0.813168 0.748877
vt 0.782769 0.748877
vt 0.407986 0.599560
vt 0.438384 0.657632
vt 0.407986 0.657632
vt 0.177995 0.631010
vt 0.208393 0.689083
vt 0.177995 0.689083
vt 0.509182 0.690804
vt 0.539581 0.632732
vt 0.539581 0.690804
vt 0.569979 0.632732
vt 0.600378 0.690804
vt 0.569979 0.690804
vt 0.661175 0.690804
vt 0.630777 0.632732
vt 0.661175 0.632732
vt 0.630777 0.748877
vt 0.661175 0.806950
vt 0.630777 0.806950
vt 0.147596 0.863301
vt 0.177995 0.805228
vt 0.177995 0.863301
vt 0.468783 0.599560
vt 0.438384 0.541487
vt 0.468783 0.541487
vt 0.630777 0.806950
vt 0.661175 0.865023
vt 0.630777 0.865023
vt 0.407986 0.831851
vt 0.438384 0.773778
vt 0.438384 0.831851
vt 0.782769 0.865023
vt 0.813168 0.806950
vt 0.813168 0.865023
vt 0.569979 0.748877
vt 0.600378 0.806950
vt 0.569979 0.806950
vt 0.147596 0.747155
vt 0.177995 0.689083
vt 0.177995 0.747155
vt 0.752371 0.632732
vt 0.782769 0.690804
vt 0.752371 0.690804
vt 0.569979 0.806950
vt 0.539581 0.748877
vt 0.569979 0.748877
vt 0.336137 0.827599
vt 0.366536 0.885671
vt 0.336137 0.885671
vt 0.539581 0.574659
vt 0.569979 0.632732
vt 0.539581 0.632732
vt 0.509182 0.574659
vt 0.539581 0.632732
vt 0.509182 0.632732
vt 0.177995 0.747156
vt 0.208393 0.689083
vt 0.208393 0.747156
vt 0.438384 0.599560
vt 0.468783 0.657632
vt 0.438384 0.657632
vt 0.661175 0.574659
vt 0.630777 0.516586
vt 0.661175 0.516586
vt 0.539581 0.865023
vt 0.569979 0.923095
vt 0.539581 0.923095
vt 0.208393 0.805228
vt 0.238792 0.747155
vt 0.238792 0.805228
vt 0.691574 0.632732
vt 0.661175 0.574659
vt 0.691574 0.574659
vt 0.873965 0.806950
vt 0.904364 0.865023
vt 0.873965 0.865023
vt 0.147596 0.921374
vt 0.177995 0.863301
vt 0.177995 0.921374
vt 0.208393 0.921374
vt 0.238792 0.863301
vt 0.238792 0.921374
vt 0.147596 0.631010
vt 0.177995 0.689083
vt 0.147596 0.689083
vt 0.721972 0.574659
vt 0.752371 0.516586
vt 0.752371 0.574659
vt 0.873965 0.806950
vt 0.904364 0.748877
vt 0.904364 0.806950
vt 0.873965 0.748877
vt 0.904363 0.690804
vt 0.904363 0.748877
vt 0.478784 0.748877
vt 0.509182 0.806950
vt 0.478784 0.806950
vt 0.238792 0.689083
vt 0.208393 0.631010
vt 0.238792 0.631010
vt 0.238792 0.631010
vt 0.269190 0.689083
vt 0.238792 0.689083
vt 0.752371 0.574659
vt 0.782769 0.516586
vt 0.782769 0.574659
vt 0.407986 0.773778
vt 0.438384 0.715705
vt 0.438384 0.773778
vt 0.539581 0.516586
vt 0.569979 0.574659
vt 0.539581 0.574659
vt 0.509182 0.690804
vt 0.478784 0.632732
vt 0.509182 0.632732
vt 0.569979 0.690804
vt 0.539581 0.632732
vt 0.569979 0.632732
vt 0.721972 0.748877
vt 0.752371 0.690805
vt 0.752371 0.748877
vt 0.407986 0.483414
vt 0.438384 0.541487
vt 0.407986 0.541487
vt 0.509182 0.574659
vt 0.478784 0.516586
vt 0.509182 0.516586
vt 0.630777 0.690804
vt 0.600378 0.632732
vt 0.630777 0.632732
vt 0.661175 0.574659
vt 0.691574 0.516586
vt 0.691574 0.574659
vt 0.509182 0.516586
vt 0.539581 0.574659
vt 0.509182 0.574659
vt 0.691574 0.690804
vt 0.661175 0.632732
vt 0.691574 0.632732
vt 0.438384 0.657632
vt 0.468783 0.715705
vt 0.438384 0.715705
vt 0.721972 0.806950
vt 0.691574 0.748877
vt 0.721972 0.748877
vt 0.438384 0.715705
vt 0.407986 0.657632
vt 0.438384 0.657632
vt 0.752371 0.632732
vt 0.782769 0.574659
vt 0.782769 0.632732
vt 0.721972 0.574659
vt 0.691574 0.516586
vt 0.721972 0.516586
vt 0.569979 0.865023
vt 0.539581 0.806950
vt 0.569979 0.806950
vt 0.600378 0.865023
vt 0.569979 0.806950
vt 0.600378 0.806950
vt 0.691574 0.574659
vt 0.721972 0.632732
vt 0.691574 0.632732
vt 0.691574 0.690805
vt 0.721972 0.632732
vt 0.721972 0.690805
vt 0.438384 0.483414
vt 0.468783 0.541487
vt 0.438384 0.541487
vt 0.208393 0.921374
vt 0.177995 0.863301
vt 0.208393 0.863301
vt 0.238792 0.689083
vt 0.269190 0.747156
vt 0.238792 0.747156
vt 0.438384 0.773778
vt 0.509182 0.690804
vt 0.539581 0.748877
vt 0.509182 0.748877
vt 0.843566 0.632732
vt 0.813168 0.574659
vt 0.843566 0.574659
vt 0.630777 0.690804
vt 0.661175 0.748877
vt 0.630777 0.748877
vt 0.147596 0.805228
vt 0.177995 0.747155
vt 0.177995 0.805228
vt 0.600378 0.748877
vt 0.630777 0.690804
vt 0.630777 0.748877
vt 0.569979 0.748877
vt 0.600378 0.690804
vt 0.600378 0.748877
vt 0.661175 0.690804
vt 0.691574 0.748877
vt 0.661175 0.748877
vt 0.691574 0.690804
vt 0.721972 0.748877
vt 0.691574 0.748877
vt 0.691574 0.806950
vt 0.721972 0.865023
vt 0.691574 0.865023
vt 0.177995 0.805228
vt 0.208393 0.863301
vt 0.177995 0.863301
vt 0.600378 0.865023
vt 0.630776 0.923095
vt 0.600378 0.923095
vt 0.661175 0.806950
vt 0.691574 0.865023
vt 0.661175 0.865023
vt 0.407986 0.884215
vt 0.377587 0.826142
vt 0.407986 0.826142
vt 0.782769 0.574659
vt 0.813168 0.632732
vt 0.782769 0.632732
vt 0.569979 0.865023
vt 0.600378 0.923095
vt 0.569979 0.923095
vt 0.813168 0.690804
vt 0.843566 0.748877
vt 0.813168 0.748877
vt 0.539581 0.806950
vt 0.509182 0.748877
vt 0.539581 0.748877
vt 0.478784 0.806950
vt 0.509182 0.865023
vt 0.478784 0.865023
vt 0.509182 0.865023
vt 0.539581 0.923095
vt 0.509182 0.923095
vt 0.843566 0.748877
vt 0.873965 0.806950
vt 0.843566 0.806950
vt 0.721972 0.574659
vt 0.752371 0.632732
vt 0.721972 0.632732
vt 0.782769 0.748877
vt 0.752371 0.690804
vt 0.782769 0.690804
vt 0.721972 0.690804
vt 0.752371 0.632732
vt 0.752371 0.690804
vt 0.478784 0.865023
vt 0.509182 0.923095
vt 0.478784 0.923095
vt 0.438384 0.889924
vt 0.468783 0.831851
vt 0.468783 0.889924
vt 0.904363 0.516586
vt 0.873965 0.574659
vt 0.873965 0.516586
vt 0.904364 0.690804
vt 0.873965 0.632732
vt 0.904364 0.632732
vt 0.238792 0.863301
vt 0.269190 0.921374
vt 0.238792 0.921374
vt 0.539581 0.865023
vt 0.509182 0.806950
vt 0.539581 0.806950
vt 0.813168 0.516586
vt 0.782769 0.574659
vt 0.782769 0.516586
vt 0.569979 0.748877
vt 0.539581 0.690804
vt 0.569979 0.690804
vt 0.782769 0.748877
vt 0.813168 0.806950
vt 0.782769 0.806950
vt 0.468783 0.831851
vt 0.438384 0.773778
vt 0.468783 0.773778
vt 0.843566 0.516586
vt 0.813168 0.574659
vt 0.813168 0.516586
vt 0.509182 0.748877
vt 0.478784 0.690804
vt 0.509182 0.690804
vt 0.813168 0.632732
vt 0.843566 0.690804
vt 0.813168 0.690804
vt 0.813168 0.748877
vt 0.843566 0.806950
vt 0.813168 0.806950
vt 0.208393 0.747156
vt 0.238792 0.689083
vt 0.238792 0.747156
vt 0.238792 0.863301
vt 0.208393 0.805228
vt 0.238792 0.805228
vt 0.843566 0.690804
vt 0.873965 0.748877
vt 0.843566 0.748877
vt 0.904364 0.574659
vt 0.438384 0.831851
vt 0.752371 0.748877
vt 0.295192 0.826137
vt 0.569979 0.574659
vt 0.843566 0.806950
vt 0.782769 0.748877
vt 0.873965 0.632732
vt 0.873965 0.516586
vt 0.661175 0.865023
vt 0.873965 0.574659
vt 0.752371 0.806950
vt 0.752371 0.806950
vt 0.600378 0.516586
vt 0.438384 0.541487
vt 0.630777 0.574659
vt 0.208393 0.747155
vt 0.630777 0.632732
vt 0.661175 0.865023
vt 0.813168 0.806950
vt 0.600378 0.574659
vt 0.813168 0.632732
vt 0.630777 0.748877
vt 0.630777 0.806950
vt 0.691574 0.748877
vt 0.478784 0.574659
vt 0.269190 0.805228
vt 0.238792 0.805228
vt 0.813168 0.690804
vt 0.438384 0.599560
vt 0.208393 0.631010
vt 0.509182 0.632732
vt 0.600378 0.632732
vt 0.630777 0.690804
vt 0.661175 0.748877
vt 0.147596 0.805228
vt 0.438384 0.599560
vt 0.661175 0.806950
vt 0.407986 0.773778
vt 0.782769 0.806950
vt 0.600378 0.748877
vt 0.147596 0.689083
vt 0.782769 0.632732
vt 0.539581 0.806950
vt 0.366536 0.827599
vt 0.569979 0.574659
vt 0.539581 0.574659
vt 0.177995 0.689083
vt 0.468783 0.599560
vt 0.630777 0.574659
vt 0.569979 0.865023
vt 0.208393 0.747155
vt 0.661175 0.632732
vt 0.904364 0.806950
vt 0.147596 0.863301
vt 0.208393 0.863301
vt 0.177995 0.631010
vt 0.721972 0.516586
vt 0.873965 0.748877
vt 0.873965 0.690804
vt 0.509182 0.748877
vt 0.208393 0.689083
vt 0.269190 0.631010
vt 0.752371 0.516586
vt 0.407986 0.715705
vt 0.569979 0.516586
vt 0.478784 0.690804
vt 0.539581 0.690804
vt 0.721972 0.690804
vt 0.438384 0.483414
vt 0.478784 0.574659
vt 0.600378 0.690804
vt 0.661175 0.516586
vt 0.539581 0.516586
vt 0.661175 0.690804
vt 0.468783 0.657632
vt 0.691574 0.806950
vt 0.407986 0.715705
vt 0.752371 0.574659
vt 0.691574 0.574659
vt 0.539581 0.865023
vt 0.569979 0.865023
vt 0.721972 0.574659
vt 0.691574 0.632732
vt 0.468783 0.483414
vt 0.177995 0.921374
vt 0.269190 0.689083
vt 0.438384 0.715705
vt 0.539581 0.690804
vt 0.813168 0.632732
vt 0.661175 0.690804
vt 0.147596 0.747155
vt 0.600378 0.690804
vt 0.569979 0.690804
vt 0.691574 0.690804
vt 0.721972 0.690804
vt 0.721972 0.806950
vt 0.208393 0.805228
vt 0.630776 0.865023
vt 0.691574 0.806950
vt 0.377587 0.884215
vt 0.813168 0.574659
vt 0.600378 0.865023
vt 0.843566 0.690804
vt 0.509182 0.806950
vt 0.509182 0.806950
vt 0.539581 0.865023
vt 0.873965 0.748877
vt 0.752371 0.574659
vt 0.752371 0.748877
vt 0.721972 0.632732
vt 0.509182 0.865023
vt 0.438384 0.831851
vt 0.904363 0.574659
vt 0.873965 0.690804
vt 0.269190 0.863301
vt 0.509182 0.865023
vt 0.813168 0.574659
vt 0.539581 0.748877
vt 0.813168 0.748877
vt 0.438384 0.831851
vt 0.843566 0.574659
vt 0.478784 0.748877
vt 0.843566 0.632732
vt 0.843566 0.748877
vt 0.208393 0.689083
vt 0.208393 0.863301
vt 0.873965 0.690804
s off
f 8/1 108/2 9/3
f 17/4 174/5 16/6
f 16/7 50/8 20/9
f 249/10 39/11 135/12
f 249/10 138/13 39/11
f 249/10 137/14 138/13
f 80/15 133/16 26/17
f 85/18 135/12 84/19
f 243/20 248/21 81/22
f 243/23 136/24 248/25
f 248/25 136/24 24/26
f 136/24 76/27 24/26
f 28/28 78/29 237/30
f 138/13 42/31 179/32
f 137/14 255/33 138/13
f 178/34 138/13 179/32
f 139/35 140/36 75/37
f 141/38 41/39 42/31
f 141/38 143/40 41/39
f 142/41 143/40 141/38
f 143/40 56/42 41/39
f 222/43 71/44 30/45
f 44/46 144/47 145/48
f 44/46 145/48 147/49
f 208/50 33/51 64/52
f 60/53 2/54 33/51
f 146/55 150/56 145/48
f 147/49 152/57 154/58
f 180/59 149/60 148/61
f 151/62 155/63 150/56
f 156/64 157/65 154/66
f 153/67 157/68 47/69
f 157/65 155/70 36/71
f 305/72 296/73 9/3
f 296/73 295/74 9/3
f 49/75 159/76 158/77
f 158/77 159/76 79/78
f 79/78 159/76 243/23
f 159/76 68/79 243/23
f 160/80 230/81 21/82
f 161/83 73/84 160/80
f 73/84 162/85 74/86
f 164/87 220/88 69/89
f 163/90 164/87 69/89
f 282/91 87/92 97/93
f 167/94 168/95 204/96
f 94/97 170/98 171/99
f 170/98 13/100 169/101
f 83/102 14/103 13/100
f 86/104 83/102 253/105
f 55/106 203/107 19/108
f 172/109 59/110 203/107
f 132/111 174/112 173/113
f 50/8 55/106 20/9
f 175/114 177/115 200/116
f 176/117 179/32 177/115
f 177/115 179/32 42/31
f 191/118 42/31 41/39
f 147/49 154/58 153/67
f 180/59 153/67 47/69
f 195/119 182/120 181/121
f 58/122 172/109 182/120
f 172/109 284/123 182/120
f 20/9 55/106 183/124
f 184/125 39/11 178/34
f 39/11 138/13 178/34
f 199/126 187/127 186/128
f 186/128 187/127 184/125
f 54/129 56/42 188/130
f 56/42 143/40 44/46
f 3/131 188/130 147/49
f 201/132 54/129 188/130
f 4/133 57/134 53/135
f 50/8 189/136 172/109
f 55/106 50/8 172/109
f 173/113 254/137 189/136
f 62/138 200/116 215/139
f 192/140 148/61 2/54
f 148/61 193/141 180/59
f 193/141 201/132 3/131
f 167/94 59/110 58/122
f 58/122 59/110 172/109
f 190/142 197/143 175/114
f 197/143 198/144 176/117
f 200/116 54/129 215/139
f 211/145 201/132 60/53
f 60/53 201/132 193/141
f 196/146 4/133 199/126
f 203/107 204/96 65/147
f 19/108 203/107 65/147
f 206/148 205/149 204/96
f 206/148 163/90 205/149
f 166/150 206/148 168/95
f 205/149 163/90 69/89
f 204/96 205/149 65/147
f 66/151 207/152 215/139
f 216/153 207/152 66/151
f 209/154 60/53 33/51
f 210/155 211/145 209/154
f 218/156 207/152 216/153
f 212/157 190/142 207/152
f 213/158 190/142 212/157
f 63/159 202/160 214/161
f 168/95 63/159 166/150
f 166/150 63/159 67/162
f 219/163 214/161 202/160
f 208/50 225/164 210/155
f 225/164 215/139 210/155
f 225/164 66/151 215/139
f 70/165 67/162 162/85
f 162/85 67/162 219/163
f 221/166 160/80 21/82
f 221/166 70/165 160/80
f 220/88 120/167 69/89
f 70/165 221/166 220/88
f 232/168 226/169 68/79
f 222/43 223/170 71/44
f 224/171 208/50 64/52
f 71/44 64/52 31/172
f 234/173 217/174 66/151
f 226/169 213/158 236/175
f 236/175 213/158 212/157
f 68/79 226/169 236/175
f 72/176 241/177 234/173
f 216/153 217/174 241/177
f 74/86 49/75 73/84
f 73/178 231/179 230/180
f 230/180 231/179 21/181
f 74/86 232/168 159/76
f 233/182 30/45 75/37
f 235/183 234/173 233/182
f 244/184 236/175 76/27
f 78/185 238/186 237/187
f 239/188 238/186 78/185
f 77/189 240/190 78/185
f 239/188 241/177 238/186
f 241/177 72/176 238/186
f 240/190 227/191 239/188
f 239/188 227/191 241/177
f 238/192 72/193 237/30
f 228/194 227/191 242/195
f 76/27 218/156 228/194
f 81/22 79/196 243/20
f 136/24 244/184 76/27
f 136/24 243/23 244/184
f 68/79 244/184 243/23
f 76/27 228/194 247/197
f 133/198 245/199 134/200
f 133/198 80/201 247/197
f 134/202 246/203 28/28
f 134/202 245/204 242/205
f 245/199 247/197 242/195
f 246/203 77/206 28/28
f 248/21 24/207 81/22
f 249/10 91/208 261/209
f 137/14 261/209 89/210
f 135/12 85/18 91/208
f 85/18 264/211 91/208
f 264/211 99/212 91/208
f 250/213 90/214 265/215
f 144/47 250/213 257/216
f 250/213 265/215 258/217
f 257/216 250/213 258/217
f 54/129 211/145 215/139
f 48/218 52/219 252/220
f 252/220 181/121 251/221
f 52/219 181/121 252/220
f 284/123 251/221 182/120
f 86/104 253/105 51/222
f 253/105 254/137 51/222
f 86/104 51/222 14/103
f 137/14 89/210 92/223
f 92/223 256/224 142/41
f 141/38 255/33 142/41
f 146/55 257/216 46/225
f 35/226 46/225 93/227
f 284/123 172/109 189/136
f 189/228 254/229 253/230
f 84/19 260/231 271/232
f 271/232 52/219 48/218
f 260/231 52/219 271/232
f 261/209 273/233 89/210
f 273/233 277/234 89/210
f 276/235 89/210 277/234
f 99/212 273/233 261/209
f 265/215 262/236 266/237
f 82/238 95/239 252/220
f 272/240 82/238 251/221
f 263/241 256/224 279/242
f 256/224 268/243 279/242
f 262/236 279/242 101/244
f 90/214 263/241 262/236
f 264/211 273/233 99/212
f 264/211 274/245 273/233
f 45/246 266/237 100/247
f 266/237 267/248 100/247
f 266/237 45/246 269/249
f 256/224 92/223 268/243
f 269/249 45/246 93/227
f 83/102 259/250 253/105
f 96/251 85/18 271/232
f 282/91 272/240 283/252
f 100/247 267/248 281/253
f 285/254 96/251 286/255
f 286/255 96/251 95/239
f 98/256 88/257 293/258
f 293/258 272/240 294/259
f 272/240 88/257 82/238
f 88/257 95/239 82/238
f 274/245 277/234 273/233
f 274/245 275/260 277/234
f 275/260 288/261 268/243
f 279/242 268/243 278/262
f 279/242 278/262 101/244
f 101/244 278/262 290/263
f 280/264 290/263 281/253
f 266/237 101/244 267/248
f 267/248 280/264 281/253
f 282/91 170/98 87/92
f 283/252 170/98 282/91
f 283/252 284/123 170/98
f 284/123 171/99 170/98
f 286/255 275/260 274/245
f 288/261 275/260 300/265
f 103/266 98/256 297/267
f 287/268 286/255 98/256
f 297/267 293/258 102/269
f 98/256 293/258 297/267
f 103/266 106/270 275/260
f 104/271 298/272 290/263
f 102/269 292/273 291/274
f 102/269 294/259 292/273
f 292/273 282/91 97/93
f 294/259 282/91 292/273
f 292/273 97/93 12/275
f 43/276 281/253 290/263
f 305/72 297/267 296/73
f 295/74 291/274 11/277
f 296/73 102/269 291/274
f 306/278 297/267 305/72
f 298/272 104/271 38/279
f 104/271 105/280 299/281
f 299/281 302/282 38/279
f 300/265 106/270 107/283
f 300/265 107/283 304/284
f 105/280 300/265 304/284
f 303/285 308/286 109/287
f 110/288 302/289 304/290
f 304/290 107/291 110/288
f 107/283 303/285 307/292
f 306/278 305/72 108/2
f 301/293 103/266 306/278
f 109/294 6/295 307/296
f 307/296 6/295 110/297
f 6/295 308/298 8/299
f 7/300 6/295 8/299
f 5/301 7/300 8/299
f 5/301 9/302 111/303
f 111/303 295/304 112/305
f 12/306 112/305 11/307
f 10/308 12/309 169/310
f 10/308 169/310 113/311
f 169/310 13/312 113/311
f 14/313 17/4 115/314
f 115/314 17/4 15/315
f 19/316 116/317 183/318
f 116/317 20/319 183/318
f 117/320 65/321 205/322
f 118/323 205/322 69/324
f 118/325 120/326 119/327
f 120/326 21/181 119/327
f 120/326 118/325 69/328
f 119/327 231/179 121/329
f 121/329 231/179 229/330
f 23/331 121/329 229/330
f 81/22 22/332 23/331
f 25/333 24/207 1/334
f 25/333 1/334 26/17
f 28/28 122/335 26/17
f 122/335 25/333 26/17
f 122/335 237/30 27/336
f 27/336 139/337 29/338
f 27/336 237/30 139/337
f 123/339 29/338 30/340
f 31/341 123/339 30/340
f 29/338 75/342 30/340
f 123/343 33/344 32/345
f 124/346 32/345 2/347
f 149/348 124/346 2/347
f 125/349 47/350 157/65
f 126/351 157/65 36/71
f 128/352 127/353 100/354
f 127/353 45/355 100/354
f 129/356 128/352 100/354
f 129/356 100/354 281/357
f 8/1 40/358 108/2
f 301/293 108/2 40/358
f 6/295 131/359 110/297
f 132/360 16/6 174/5
f 50/8 16/7 132/111
f 26/17 1/334 80/15
f 135/12 39/11 187/127
f 26/17 133/16 134/202
f 28/28 26/17 134/202
f 84/19 135/12 187/127
f 24/26 76/27 247/197
f 80/201 24/26 247/197
f 77/206 78/29 28/28
f 138/13 255/33 42/31
f 237/30 72/193 139/337
f 140/361 139/337 72/193
f 255/33 141/38 42/31
f 142/41 44/46 143/40
f 44/46 142/41 144/47
f 142/41 250/213 144/47
f 71/44 31/172 30/45
f 31/172 64/52 33/51
f 60/53 192/140 2/54
f 147/49 145/48 152/57
f 144/47 146/55 145/48
f 152/57 145/48 150/56
f 149/60 2/54 148/61
f 180/59 47/69 149/60
f 146/362 151/363 150/364
f 154/58 152/57 156/365
f 146/362 36/71 151/363
f 150/56 155/63 152/57
f 151/363 36/71 155/70
f 152/57 155/63 156/365
f 154/66 157/65 153/366
f 156/64 155/70 157/65
f 49/75 74/86 159/76
f 23/367 158/77 79/78
f 11/277 291/274 12/275
f 70/165 162/85 161/83
f 160/80 73/84 230/81
f 161/83 162/85 73/84
f 70/165 161/83 160/80
f 163/90 206/148 166/150
f 163/90 166/150 164/87
f 164/87 165/368 220/88
f 164/87 166/150 165/368
f 220/88 165/368 70/165
f 165/368 166/150 67/162
f 70/165 165/368 67/162
f 97/93 87/92 12/275
f 59/110 167/94 204/96
f 167/94 194/369 168/95
f 204/96 168/95 206/148
f 94/97 13/100 170/98
f 86/370 14/371 83/372
f 55/106 172/109 203/107
f 50/8 132/111 173/113
f 51/373 174/5 17/4
f 14/313 51/373 17/4
f 175/114 176/117 177/115
f 176/117 178/34 179/32
f 200/116 177/115 191/118
f 56/42 54/129 191/118
f 191/118 177/115 42/31
f 56/42 191/118 41/39
f 3/131 147/49 153/67
f 180/59 3/131 153/67
f 57/134 195/119 181/121
f 52/219 57/134 181/121
f 183/124 55/106 19/108
f 176/117 198/144 178/34
f 198/144 184/125 178/34
f 175/114 197/143 176/117
f 184/125 187/127 39/11
f 199/126 185/374 187/127
f 198/144 186/128 184/125
f 188/130 56/42 44/46
f 201/132 188/130 3/131
f 188/130 44/46 147/49
f 185/374 4/133 53/135
f 185/374 53/135 260/231
f 53/135 52/219 260/231
f 185/374 260/231 187/127
f 199/126 4/133 185/374
f 53/135 57/134 52/219
f 50/8 173/113 189/136
f 190/142 175/114 62/138
f 207/152 190/142 62/138
f 62/138 175/114 200/116
f 54/129 200/116 191/118
f 192/140 193/141 148/61
f 180/59 193/141 3/131
f 192/140 60/53 193/141
f 194/369 195/119 61/375
f 61/375 195/119 57/134
f 194/369 58/122 195/119
f 58/122 182/120 195/119
f 167/94 58/122 194/369
f 197/143 213/158 198/144
f 213/158 197/143 190/142
f 213/158 196/146 198/144
f 196/146 199/126 198/144
f 199/126 186/128 198/144
f 196/146 202/160 4/133
f 203/107 59/110 204/96
f 120/167 221/166 21/82
f 208/50 210/155 209/154
f 209/154 211/145 60/53
f 33/51 208/50 209/154
f 210/155 215/139 211/145
f 218/156 212/157 207/152
f 219/163 67/162 214/161
f 67/162 63/159 214/161
f 63/159 61/375 202/160
f 168/95 194/369 63/159
f 63/159 194/369 61/375
f 213/158 219/163 202/160
f 213/158 202/160 196/146
f 62/138 215/139 207/152
f 217/174 216/153 66/151
f 228/194 218/156 216/153
f 218/156 76/27 212/157
f 220/88 221/166 120/167
f 158/77 23/367 229/376
f 226/169 162/85 219/163
f 213/158 226/169 219/163
f 71/44 224/171 64/52
f 71/44 223/170 224/171
f 223/170 225/164 224/171
f 224/171 225/164 208/50
f 223/170 234/173 66/151
f 234/173 241/177 217/174
f 223/170 66/151 225/164
f 222/43 234/173 223/170
f 76/27 236/175 212/157
f 227/191 216/153 241/177
f 227/191 228/194 216/153
f 73/178 49/377 231/179
f 229/376 49/75 158/77
f 49/75 229/376 231/378
f 233/182 140/36 235/183
f 159/76 232/168 68/79
f 74/86 226/169 232/168
f 74/86 162/85 226/169
f 72/176 234/173 235/183
f 30/45 233/182 222/43
f 233/182 234/173 222/43
f 140/36 233/182 75/37
f 72/176 235/183 140/36
f 68/79 236/175 244/184
f 78/185 240/190 239/188
f 77/189 227/191 240/190
f 242/195 227/191 77/189
f 247/197 228/194 242/195
f 81/379 23/367 79/78
f 80/15 1/334 24/207
f 134/202 242/205 246/203
f 245/199 133/198 247/197
f 246/203 242/205 77/206
f 93/227 258/217 269/249
f 137/14 249/10 261/209
f 249/10 135/12 91/208
f 265/215 90/214 262/236
f 95/239 48/218 252/220
f 251/221 181/121 182/120
f 254/137 174/112 51/222
f 254/137 173/113 174/112
f 142/41 255/33 92/223
f 255/33 137/14 92/223
f 250/213 142/41 256/224
f 250/213 256/224 90/214
f 90/214 256/224 263/241
f 46/225 257/216 258/217
f 46/225 258/217 93/227
f 146/55 144/47 257/216
f 46/380 36/71 146/362
f 46/225 35/226 36/381
f 284/123 189/136 259/250
f 259/250 189/136 253/105
f 271/232 85/18 84/19
f 84/19 187/127 260/231
f 91/208 99/212 261/209
f 266/237 262/236 101/244
f 251/221 82/238 252/220
f 284/123 283/252 251/221
f 262/236 263/241 279/242
f 258/217 265/215 269/249
f 92/223 89/210 276/235
f 171/99 284/123 259/250
f 94/97 171/99 270/382
f 94/97 270/382 13/100
f 13/100 270/382 83/102
f 270/382 171/99 259/250
f 83/102 270/382 259/250
f 95/239 96/251 271/232
f 271/232 48/218 95/239
f 264/211 85/18 96/251
f 283/252 272/240 251/221
f 43/276 290/263 298/272
f 88/257 286/255 95/239
f 98/256 286/255 88/257
f 285/254 264/211 96/251
f 293/258 88/257 272/240
f 277/234 275/260 268/243
f 276/235 277/234 268/243
f 268/243 92/223 276/235
f 268/243 288/261 278/262
f 290/263 278/262 289/383
f 267/248 101/244 280/264
f 280/264 101/244 290/263
f 87/92 170/98 169/101
f 285/254 286/255 274/245
f 286/255 287/268 275/260
f 264/211 285/254 274/245
f 105/280 288/261 300/265
f 300/265 275/260 106/270
f 103/266 287/268 98/256
f 278/262 288/261 105/280
f 278/262 105/280 104/271
f 287/268 103/266 275/260
f 290/263 289/383 104/271
f 289/383 278/262 104/271
f 291/274 292/273 12/275
f 102/269 293/258 294/259
f 294/259 272/240 282/91
f 103/266 301/293 106/270
f 106/270 301/293 303/285
f 306/278 103/266 297/267
f 295/74 296/73 291/274
f 296/73 297/267 102/269
f 299/281 38/279 104/271
f 299/281 105/280 302/282
f 302/282 105/280 304/284
f 106/270 303/285 107/283
f 301/293 40/358 303/285
f 303/285 40/358 308/286
f 40/358 8/1 308/286
f 110/384 38/279 302/282
f 307/292 303/285 109/287
f 110/384 107/283 307/292
f 108/2 305/72 9/3
f 108/2 301/293 306/278
f 6/295 109/294 308/298
f 8/299 9/302 5/301
f 112/305 295/304 11/307
f 111/303 9/302 295/304
f 10/385 112/305 12/306
f 13/312 114/386 113/311
f 115/314 114/386 13/312
f 115/314 13/312 14/313
f 16/6 20/319 15/315
f 18/387 15/315 20/319
f 15/315 17/4 16/6
f 116/317 18/387 20/319
f 65/321 116/317 19/316
f 65/321 117/320 116/317
f 118/323 117/320 205/322
f 119/327 21/181 231/179
f 23/331 22/332 121/329
f 24/207 22/332 81/22
f 25/333 22/332 24/207
f 237/30 122/335 28/28
f 29/338 139/337 75/342
f 31/388 33/344 123/343
f 32/345 33/344 2/347
f 124/346 149/348 125/349
f 47/350 125/349 149/348
f 125/349 157/65 34/389
f 157/65 126/351 34/389
f 127/353 35/390 93/391
f 126/351 36/71 127/353
f 127/353 36/71 35/390
f 127/353 93/391 45/355
f 129/392 281/393 37/394
f 37/394 281/393 43/395
f 130/396 37/394 43/395
f 130/396 43/395 298/397
f 38/398 130/396 298/397
f 38/398 131/359 130/396
f 131/359 38/398 110/297
f 7/300 131/359 6/295
f 169/101 12/275 87/92
f 61/375 4/133 202/160
f 269/249 265/215 266/237
f 54/129 201/132 211/145
f 61/375 57/134 4/133
f 703/399 1246/400 702/401
f 497/402 1041/403 496/404
f 598/405 1144/406 601/407
f 909/408 1421/409 908/410
f 496/411 1038/412 495/413
f 599/414 1142/415 598/416
f 908/417 1419/418 907/419
f 494/420 1040/421 497/422
f 805/423 1317/424 804/425
f 906/426 1420/427 909/428
f 495/429 1039/430 494/431
f 804/432 1314/433 803/434
f 907/435 1418/436 906/437
f 701/438 1245/439 700/440
f 802/441 1316/442 805/443
f 700/444 1243/445 699/446
f 803/447 1315/448 802/449
f 597/450 1141/451 596/452
f 698/453 1244/454 701/455
f 596/456 1139/457 595/458
f 699/459 1242/460 698/461
f 493/462 1037/463 492/464
f 594/465 1140/466 597/467
f 905/468 1417/469 904/470
f 492/471 1035/472 491/473
f 595/474 1138/475 594/476
f 904/477 1415/478 903/479
f 490/480 1036/481 493/482
f 801/483 1313/484 800/485
f 902/486 1416/487 905/488
f 491/489 1034/490 490/491
f 799/492 1313/493 1311/494
f 903/495 1414/496 902/497
f 697/498 1241/499 696/500
f 798/501 1312/502 801/503
f 696/504 1238/505 695/506
f 799/507 1310/508 798/509
f 593/510 1137/511 592/512
f 694/513 1240/514 697/515
f 592/516 1135/517 591/518
f 695/519 1239/520 694/521
f 489/522 1033/523 488/524
f 590/525 1136/526 593/527
f 901/528 1413/529 900/530
f 488/531 1031/532 487/533
f 591/534 1134/535 590/536
f 900/537 1411/538 899/539
f 486/540 1032/541 489/542
f 797/543 1309/544 796/545
f 901/546 1410/547 1412/548
f 487/549 1030/550 486/551
f 796/552 1307/553 795/554
f 899/555 1410/556 898/557
f 693/558 1237/559 692/560
f 794/561 1308/562 797/563
f 692/564 1234/565 691/566
f 795/567 1306/568 794/569
f 589/570 1133/571 588/572
f 690/573 1236/574 693/575
f 588/576 1131/577 587/578
f 691/579 1235/580 690/581
f 485/582 1029/583 484/584
f 586/585 1132/586 589/587
f 897/588 1409/589 896/590
f 389/591 393/592 392/593
f 391/594 393/592 390/595
f 393/592 395/596 392/593
f 394/597 396/598 393/592
f 334/599 341/600 316/601
f 333/602 389/591 334/599
f 332/603 390/595 333/602
f 312/604 391/594 332/603
f 325/605 394/597 391/594
f 324/606 397/607 394/597
f 323/608 352/609 397/607
f 397/607 351/610 396/598
f 396/598 350/611 395/596
f 395/596 314/612 343/613
f 392/593 343/613 342/614
f 389/591 342/614 341/600
f 484/615 1027/616 483/617
f 587/618 1130/619 586/620
f 895/621 1409/622 1407/623
f 482/624 1028/625 485/626
f 793/627 1305/628 792/629
f 894/630 1408/631 897/632
f 483/633 1026/634 482/635
f 792/636 1303/637 791/638
f 894/639 1407/640 1406/641
f 689/642 1233/643 688/644
f 793/645 1302/646 1304/647
f 688/648 1230/649 687/650
f 791/651 1302/652 790/653
f 585/654 1129/655 584/656
f 686/657 1232/658 689/659
f 584/660 1127/661 583/662
f 687/663 1231/664 686/665
f 481/666 1025/667 480/668
f 582/669 1128/670 585/671
f 893/672 1405/673 892/674
f 480/675 1023/676 479/677
f 583/678 1126/679 582/680
f 892/681 1403/682 891/683
f 478/684 1024/685 481/686
f 789/687 1301/688 788/689
f 890/690 1404/691 893/692
f 479/693 1022/694 478/695
f 788/696 1298/697 787/698
f 891/699 1402/700 890/701
f 685/702 1229/703 684/704
f 786/705 1300/706 789/707
f 684/708 1226/709 683/710
f 787/711 1299/712 786/713
f 581/714 1125/715 580/716
f 682/717 1228/718 685/719
f 579/720 1125/721 1123/722
f 683/723 1227/724 682/725
f 477/726 1021/727 476/728
f 578/729 1124/730 581/731
f 889/732 1401/733 888/734
f 476/735 1019/736 475/737
f 579/738 1122/739 578/740
f 887/741 1401/742 1399/743
f 474/744 1020/745 477/746
f 785/747 1297/748 784/749
f 886/750 1400/751 889/752
f 475/753 1018/754 474/755
f 784/756 1295/757 783/758
f 887/759 1398/760 886/761
f 681/762 1225/763 680/764
f 782/765 1296/766 785/767
f 680/768 1222/769 679/770
f 783/771 1294/772 782/773
f 577/774 1121/775 576/776
f 678/777 1224/778 681/779
f 576/780 1119/781 575/782
f 679/783 1223/784 678/785
f 472/786 1016/787 1017/788
f 574/789 1120/790 577/791
f 885/792 1397/793 884/794
f 471/795 1017/796 1015/797
f 575/798 1118/799 574/800
f 884/801 1394/802 883/803
f 470/804 1016/805 473/806
f 354/807 462/808 418/809
f 357/810 463/811 354/807
f 419/812 464/813 357/810
f 418/809 465/814 419/812
f 355/815 466/816 434/817
f 358/818 467/819 355/815
f 435/820 468/821 358/818
f 435/820 466/816 469/822
f 357/810 470/823 419/812
f 360/824 471/825 357/810
f 360/824 473/826 472/827
f 420/828 470/823 473/826
f 435/820 475/829 474/830
f 358/818 476/831 475/829
f 436/832 476/831 361/833
f 435/820 477/834 436/832
f 398/835 479/836 478/837
f 353/838 479/836 320/839
f 404/840 480/841 353/838
f 398/835 481/842 404/840
f 321/843 482/844 414/845
f 354/807 483/846 321/843
f 418/809 484/847 354/807
f 414/845 485/848 418/809
f 322/849 486/850 430/851
f 355/815 487/852 322/849
f 434/817 488/853 355/815
f 430/851 489/854 434/817
f 310/855 490/856 446/857
f 323/858 491/859 310/855
f 450/860 492/861 323/858
f 446/857 493/862 450/860
f 323/858 494/863 450/860
f 324/864 495/865 323/858
f 324/864 497/866 496/867
f 451/868 494/863 497/866
f 324/864 498/869 451/868
f 325/870 499/871 324/864
f 325/870 501/872 500/873
f 451/868 501/872 452/874
f 325/870 502/875 452/874
f 312/876 503/877 325/870
f 312/876 505/878 504/879
f 452/874 505/878 447/880
f 361/833 506/881 436/832
f 326/882 507/883 361/833
f 431/884 508/885 326/882
f 431/884 506/881 509/886
f 360/824 510/887 420/828
f 327/888 511/889 360/824
f 415/890 512/891 327/888
f 420/828 513/892 415/890
f 402/893 515/894 514/895
f 328/896 515/894 359/897
f 399/898 516/899 328/896
f 402/893 517/900 399/898
f 356/901 518/902 403/903
f 359/897 519/904 356/901
f 402/893 520/905 359/897
f 402/893 518/902 521/906
f 353/838 522/907 404/840
f 356/901 523/908 353/838
f 403/903 524/909 356/901
f 404/840 525/910 403/903
f 363/911 526/912 421/913
f 363/911 528/914 527/915
f 366/916 529/917 528/914
f 422/918 526/912 529/917
f 437/919 531/920 530/921
f 364/922 532/923 531/920
f 438/924 532/923 367/925
f 438/924 530/921 533/926
f 366/916 534/927 422/918
f 366/916 536/928 535/929
f 369/930 537/931 536/928
f 422/918 537/931 423/932
f 367/925 538/933 438/924
f 370/934 539/935 367/925
f 439/936 540/937 370/934
f 438/924 541/938 439/936
f 328/896 542/939 399/898
f 362/940 543/941 328/896
f 407/942 544/943 362/940
f 399/898 545/944 407/942
f 327/888 546/945 415/890
f 363/911 547/946 327/888
f 421/913 548/947 363/911
f 415/890 549/948 421/913
f 431/884 551/949 550/950
f 364/922 551/949 326/882
f 437/919 552/951 364/922
f 431/884 553/952 437/919
f 312/876 554/953 447/880
f 332/954 555/955 312/876
f 332/954 557/956 556/957
f 447/880 557/956 453/958
f 332/954 558/959 453/958
f 333/960 559/961 332/954
f 333/960 561/962 560/963
f 454/964 558/959 561/962
f 333/960 562/965 454/964
f 334/966 563/967 333/960
f 334/966 565/968 564/969
f 454/964 565/968 455/970
f 334/966 566/971 455/970
f 316/972 567/973 334/966
f 316/972 569/974 568/975
f 448/976 566/971 569/974
f 439/936 571/977 570/978
f 370/934 572/979 571/977
f 432/980 572/979 335/981
f 439/936 573/982 432/980
f 369/930 574/983 423/932
f 336/984 575/985 369/930
f 336/984 577/986 576/987
f 423/932 577/986 416/988
f 368/989 578/990 405/991
f 337/992 579/993 368/989
f 400/994 580/995 337/992
f 405/991 581/996 400/994
f 365/997 582/998 406/999
f 368/989 583/1000 365/997
f 405/991 584/1001 368/989
f 406/999 585/1002 405/991
f 407/942 587/1003 586/1004
f 365/997 587/1003 362/940
f 406/999 588/1005 365/997
f 407/942 589/1006 406/999
f 372/1007 590/1008 424/1009
f 372/1007 592/1010 591/1011
f 375/1012 593/1013 592/1010
f 425/1014 590/1008 593/1013
f 440/1015 595/1016 594/1017
f 373/1018 596/1019 595/1016
f 441/1020 596/1019 376/1021
f 441/1020 594/1017 597/1022
f 375/1012 598/1023 425/1014
f 375/1012 600/1024 599/1025
f 378/1026 601/1027 600/1024
f 425/1014 601/1027 426/1028
f 376/1021 602/1029 441/1020
f 379/1030 603/1031 376/1021
f 442/1032 604/1033 379/1030
f 441/1020 605/1034 442/1032
f 337/992 606/1035 400/994
f 337/992 608/1036 607/1037
f 410/1038 608/1036 371/1039
f 410/1038 606/1035 609/1040
f 336/984 610/1041 416/988
f 372/1007 611/1042 336/984
f 424/1009 612/1043 372/1007
f 416/988 613/1044 424/1009
f 335/981 614/1045 432/980
f 373/1018 615/1046 335/981
f 440/1015 616/1047 373/1018
f 432/980 617/1048 440/1015
f 316/972 618/1049 448/976
f 341/1050 619/1051 316/972
f 341/1050 621/1052 620/1053
f 448/976 621/1052 456/1054
f 341/1050 622/1055 456/1054
f 342/1056 623/1057 341/1050
f 342/1056 625/1058 624/1059
f 457/1060 622/1055 625/1058
f 342/1056 626/1061 457/1060
f 343/1062 627/1063 342/1056
f 343/1062 629/1064 628/1065
f 457/1060 629/1064 458/1066
f 343/1062 630/1067 458/1066
f 314/1068 631/1069 343/1062
f 314/1068 633/1070 632/1071
f 449/1072 630/1067 633/1070
f 442/1032 635/1073 634/1074
f 379/1030 636/1075 635/1073
f 433/1076 636/1075 344/1077
f 442/1032 637/1078 433/1076
f 378/1026 638/1079 426/1028
f 345/1080 639/1081 378/1026
f 345/1080 641/1082 640/1083
f 426/1028 641/1082 417/1084
f 377/1085 642/1086 408/1087
f 346/1088 643/1089 377/1085
f 401/1090 644/1091 346/1088
f 408/1087 645/1092 401/1090
f 374/1093 646/1094 409/1095
f 377/1085 647/1096 374/1093
f 408/1087 648/1097 377/1085
f 409/1095 649/1098 408/1087
f 410/1038 651/1099 650/1100
f 374/1093 651/1099 371/1039
f 409/1095 652/1101 374/1093
f 410/1038 653/1102 409/1095
f 381/1103 654/1104 427/1105
f 381/1103 656/1106 655/1107
f 384/1108 657/1109 656/1106
f 428/1110 654/1104 657/1109
f 443/1111 659/1112 658/1113
f 382/1114 660/1115 659/1112
f 444/1116 660/1115 385/1117
f 444/1116 658/1113 661/1118
f 384/1108 662/1119 428/1110
f 384/1108 664/1120 663/1121
f 387/1122 665/1123 664/1120
f 428/1110 665/1123 429/1124
f 385/1117 666/1125 444/1116
f 388/1126 667/1127 385/1117
f 445/1128 668/1129 388/1126
f 444/1116 669/1130 445/1128
f 346/1131 670/1132 401/1133
f 346/1131 672/1134 671/1135
f 413/1136 672/1134 380/1137
f 413/1136 670/1132 673/1138
f 345/1139 674/1140 417/1141
f 381/1103 675/1142 345/1139
f 427/1105 676/1143 381/1103
f 417/1141 677/1144 427/1105
f 344/1145 678/1146 433/1147
f 382/1114 679/1148 344/1145
f 443/1111 680/1149 382/1114
f 433/1147 681/1150 443/1111
f 314/1151 682/1152 449/1153
f 350/1154 683/1155 314/1151
f 350/1154 685/1156 684/1157
f 449/1153 685/1156 459/1158
f 350/1154 686/1159 459/1158
f 351/1160 687/1161 350/1154
f 351/1160 689/1162 688/1163
f 460/1164 686/1159 689/1162
f 351/1160 690/1165 460/1164
f 352/1166 691/1167 351/1160
f 352/1166 693/1168 692/1169
f 460/1164 693/1168 461/1170
f 352/1166 694/1171 461/1170
f 310/1172 695/1173 352/1166
f 446/1174 696/1175 310/1172
f 461/1170 697/1176 446/1174
f 445/1128 699/1177 698/1178
f 388/1126 700/1179 699/1177
f 430/1180 700/1179 322/1181
f 445/1128 701/1182 430/1180
f 387/1122 702/1183 429/1124
f 321/1184 703/1185 387/1122
f 321/1184 705/1186 704/1187
f 414/1188 702/1183 705/1186
f 386/1189 706/1190 411/1191
f 320/1192 707/1193 386/1189
f 398/1194 708/1195 320/1192
f 398/1194 706/1190 709/1196
f 383/1197 710/1198 412/1199
f 386/1189 711/1200 383/1197
f 411/1191 712/1201 386/1189
f 412/1199 713/1202 411/1191
f 413/1136 715/1203 714/1204
f 383/1197 715/1203 380/1137
f 412/1199 716/1205 383/1197
f 413/1136 717/1206 412/1199
f 413/1136 718/1207 349/1208
f 412/1199 719/1209 413/1136
f 348/1210 720/1211 412/1199
f 349/1208 721/1212 348/1210
f 412/1199 722/1213 348/1210
f 412/1199 724/1214 723/1215
f 347/1216 724/1214 411/1191
f 348/1210 725/1217 347/1216
f 411/1191 726/1218 347/1216
f 411/1191 728/1219 727/1220
f 398/1194 729/1221 728/1219
f 347/1216 729/1221 309/1222
f 401/1133 730/1223 313/1224
f 401/1133 732/1225 731/1226
f 349/1208 732/1225 413/1136
f 313/1224 733/1227 349/1208
f 410/1038 734/1228 340/1229
f 409/1095 735/1230 410/1038
f 339/1231 736/1232 409/1095
f 340/1229 737/1233 339/1231
f 409/1095 738/1234 339/1231
f 409/1095 740/1235 739/1236
f 338/1237 740/1235 408/1087
f 339/1231 741/1238 338/1237
f 408/1087 742/1239 338/1237
f 401/1090 743/1240 408/1087
f 313/1241 744/1242 401/1090
f 338/1237 745/1243 313/1241
f 400/994 746/1244 315/1245
f 400/994 748/1246 747/1247
f 340/1229 748/1246 410/1038
f 315/1245 749/1248 340/1229
f 407/942 750/1249 331/1250
f 406/999 751/1251 407/942
f 330/1252 752/1253 406/999
f 331/1250 753/1254 330/1252
f 406/999 754/1255 330/1252
f 406/999 756/1256 755/1257
f 329/1258 756/1256 405/991
f 330/1252 757/1259 329/1258
f 405/991 758/1260 329/1258
f 400/994 759/1261 405/991
f 315/1245 760/1262 400/994
f 329/1258 761/1263 315/1245
f 399/898 762/1264 311/1265
f 407/942 763/1266 399/898
f 331/1250 764/1267 407/942
f 311/1265 765/1268 331/1250
f 404/840 766/1269 319/1270
f 403/903 767/1271 404/840
f 318/1272 768/1273 403/903
f 318/1272 766/1269 769/1274
f 403/903 770/1275 318/1272
f 403/903 772/1276 771/1277
f 317/1278 772/1276 402/893
f 318/1272 773/1279 317/1278
f 402/893 774/1280 317/1278
f 399/898 775/1281 402/893
f 399/898 777/1282 776/1283
f 311/1265 774/1280 777/1282
f 398/835 778/1284 309/1285
f 404/840 779/1286 398/835
f 319/1270 780/1287 404/840
f 309/1285 781/1288 319/1270
f 429/1124 782/1289 386/1189
f 429/1124 784/1290 783/1291
f 320/1192 784/1290 414/1188
f 386/1189 785/1292 320/1192
f 417/1141 786/1293 346/1131
f 427/1105 787/1294 417/1141
f 380/1137 788/1295 427/1105
f 380/1137 786/1293 789/1296
f 428/1110 790/1297 383/1197
f 428/1110 792/1298 791/1299
f 429/1124 793/1300 792/1298
f 383/1197 793/1300 386/1189
f 427/1105 794/1301 380/1137
f 427/1105 796/1302 795/1303
f 428/1110 797/1304 796/1302
f 380/1137 797/1304 383/1197
f 426/1028 798/1305 377/1085
f 417/1084 799/1306 426/1028
f 346/1088 800/1307 417/1084
f 377/1085 801/1308 346/1088
f 416/988 802/1309 337/992
f 424/1009 803/1310 416/988
f 371/1039 804/1311 424/1009
f 371/1039 802/1309 805/1312
f 425/1014 806/1313 374/1093
f 425/1014 808/1314 807/1315
f 426/1028 809/1316 808/1314
f 374/1093 809/1316 377/1085
f 424/1009 810/1317 371/1039
f 424/1009 812/1318 811/1319
f 425/1014 813/1320 812/1318
f 371/1039 813/1320 374/1093
f 423/932 814/1321 368/989
f 416/988 815/1322 423/932
f 337/992 816/1323 416/988
f 368/989 817/1324 337/992
f 415/890 818/1325 328/896
f 421/913 819/1326 415/890
f 362/940 820/1327 421/913
f 328/896 821/1328 362/940
f 422/918 822/1329 365/997
f 422/918 824/1330 823/1331
f 423/932 825/1332 824/1330
f 365/997 825/1332 368/989
f 421/913 826/1333 362/940
f 421/913 828/1334 827/1335
f 422/918 829/1336 828/1334
f 362/940 829/1336 365/997
f 420/828 830/1337 359/897
f 415/890 831/1338 420/828
f 328/896 832/1339 415/890
f 359/897 833/1340 328/896
f 414/845 834/1341 320/839
f 418/809 835/1342 414/845
f 353/838 836/1343 418/809
f 320/839 837/1344 353/838
f 419/812 838/1345 356/901
f 420/828 839/1346 419/812
f 420/828 841/1347 840/1348
f 356/901 841/1347 359/897
f 418/809 842/1349 353/838
f 419/812 843/1350 418/809
f 419/812 845/1351 844/1352
f 353/838 845/1351 356/901
f 387/1122 847/1353 846/1354
f 445/1128 848/1355 847/1353
f 321/1184 848/1355 430/1180
f 387/1122 849/1356 321/1184
f 345/1139 851/1357 850/1358
f 443/1111 851/1357 433/1147
f 381/1103 852/1359 443/1111
f 345/1139 853/1360 381/1103
f 384/1108 855/1361 854/1362
f 445/1128 855/1361 444/1116
f 387/1122 856/1363 445/1128
f 384/1108 857/1364 387/1122
f 381/1103 859/1365 858/1366
f 443/1111 860/1367 859/1365
f 384/1108 860/1367 444/1116
f 384/1108 858/1366 861/1368
f 378/1026 863/1369 862/1370
f 433/1076 863/1369 442/1032
f 345/1080 864/1371 433/1076
f 378/1026 865/1372 345/1080
f 336/984 867/1373 866/1374
f 440/1015 867/1373 432/980
f 372/1007 868/1375 440/1015
f 336/984 869/1376 372/1007
f 375/1012 871/1377 870/1378
f 442/1032 871/1377 441/1020
f 378/1026 872/1379 442/1032
f 375/1012 873/1380 378/1026
f 372/1007 875/1381 874/1382
f 440/1015 876/1383 875/1381
f 375/1012 876/1383 441/1020
f 375/1012 874/1382 877/1384
f 369/930 879/1385 878/1386
f 432/980 879/1385 439/936
f 336/984 880/1387 432/980
f 369/930 881/1388 336/984
f 327/888 883/1389 882/1390
f 437/919 883/1389 431/884
f 363/911 884/1391 437/919
f 327/888 885/1392 363/911
f 366/916 887/1393 886/1394
f 439/936 887/1393 438/924
f 369/930 888/1395 439/936
f 366/916 889/1396 369/930
f 363/911 891/1397 890/1398
f 437/919 892/1399 891/1397
f 366/916 892/1399 438/924
f 366/916 890/1398 893/1400
f 436/832 894/1401 360/824
f 431/884 895/1402 436/832
f 327/888 896/1403 431/884
f 360/824 897/1404 327/888
f 430/851 898/1405 321/843
f 434/817 899/1406 430/851
f 434/817 901/1407 900/1408
f 354/807 898/1405 901/1407
f 357/810 903/1409 902/1410
f 435/820 904/1411 903/1409
f 360/824 904/1411 436/832
f 357/810 905/1412 360/824
f 434/817 906/1413 354/807
f 435/820 907/1414 434/817
f 357/810 908/1415 435/820
f 354/807 909/1416 357/810
f 461/1170 910/1417 388/1126
f 446/1174 911/1418 461/1170
f 322/1181 912/1419 446/1174
f 388/1126 913/1420 322/1181
f 460/1164 914/1421 385/1117
f 461/1170 915/1422 460/1164
f 388/1126 916/1423 461/1170
f 385/1117 917/1424 388/1126
f 459/1158 918/1425 382/1114
f 459/1158 920/1426 919/1427
f 460/1164 921/1428 920/1426
f 382/1114 921/1428 385/1117
f 449/1153 922/1429 344/1145
f 459/1158 923/1430 449/1153
f 382/1114 924/1431 459/1158
f 344/1145 925/1432 382/1114
f 458/1066 926/1433 379/1030
f 458/1066 928/1434 927/1435
f 449/1072 929/1436 928/1434
f 379/1030 929/1436 344/1077
f 457/1060 930/1437 376/1021
f 458/1066 931/1438 457/1060
f 379/1030 932/1439 458/1066
f 376/1021 933/1440 379/1030
f 456/1054 934/1441 373/1018
f 456/1054 936/1442 935/1443
f 457/1060 937/1444 936/1442
f 373/1018 937/1444 376/1021
f 448/976 938/1445 335/981
f 456/1054 939/1446 448/976
f 373/1018 940/1447 456/1054
f 335/981 941/1448 373/1018
f 455/970 942/1449 370/934
f 455/970 944/1450 943/1451
f 448/976 945/1452 944/1450
f 370/934 945/1452 335/981
f 454/964 946/1453 367/925
f 455/970 947/1454 454/964
f 370/934 948/1455 455/970
f 367/925 949/1456 370/934
f 453/958 950/1457 364/922
f 453/958 952/1458 951/1459
f 454/964 953/1460 952/1458
f 364/922 953/1460 367/925
f 447/880 954/1461 326/882
f 453/958 955/1462 447/880
f 364/922 956/1463 453/958
f 326/882 957/1464 364/922
f 452/874 958/1465 361/833
f 447/880 959/1466 452/874
f 326/882 960/1467 447/880
f 326/882 958/1465 961/1468
f 451/868 962/1469 358/818
f 452/874 963/1470 451/868
f 361/833 964/1471 452/874
f 358/818 965/1472 361/833
f 355/815 967/1473 966/1474
f 450/860 968/1475 967/1473
f 358/818 968/1475 451/868
f 358/818 966/1474 969/1476
f 322/849 971/1477 970/1478
f 450/860 971/1477 446/857
f 355/815 972/1479 450/860
f 322/849 973/1480 355/815
f 600/1481 1143/1482 599/1483
f 702/1484 1248/1485 705/1486
f 601/1487 1145/1488 600/1489
f 807/1490 1318/1491 806/1492
f 704/1493 1247/1494 703/1495
f 809/1496 1318/1497 1320/1498
f 704/1499 1248/1500 1249/1501
f 911/1502 1423/1503 910/1504
f 808/1505 1319/1506 807/1507
f 499/1508 1043/1509 498/1510
f 910/1511 1424/1512 913/1513
f 809/1514 1321/1515 808/1516
f 498/1517 1044/1518 501/1519
f 912/1520 1422/1521 911/1522
f 603/1523 1146/1524 602/1525
f 500/1526 1042/1527 499/1528
f 913/1529 1425/1530 912/1531
f 602/1532 1148/1533 605/1534
f 500/1535 1044/1536 1045/1537
f 707/1538 1250/1539 706/1540
f 604/1541 1147/1542 603/1543
f 706/1544 1252/1545 709/1546
f 605/1547 1149/1548 604/1549
f 811/1550 1322/1551 810/1552
f 708/1553 1251/1554 707/1555
f 810/1556 1324/1557 813/1558
f 709/1559 1253/1560 708/1561
f 915/1562 1427/1563 914/1564
f 812/1565 1323/1566 811/1567
f 503/1568 1047/1569 502/1570
f 914/1571 1428/1572 917/1573
f 813/1574 1325/1575 812/1576
f 502/1577 1048/1578 505/1579
f 916/1580 1426/1581 915/1582
f 607/1583 1151/1584 606/1585
f 504/1586 1046/1587 503/1588
f 917/1589 1429/1590 916/1591
f 606/1592 1152/1593 609/1594
f 505/1595 1049/1596 504/1597
f 711/1598 1254/1599 710/1600
f 608/1601 1150/1602 607/1603
f 710/1604 1256/1605 713/1606
f 609/1607 1153/1608 608/1609
f 815/1610 1326/1611 814/1612
f 712/1613 1255/1614 711/1615
f 814/1616 1328/1617 817/1618
f 713/1619 1257/1620 712/1621
f 919/1622 1431/1623 918/1624
f 815/1625 1329/1626 1327/1627
f 507/1628 1050/1629 506/1630
f 918/1631 1432/1632 921/1633
f 817/1634 1329/1635 816/1636
f 506/1637 1052/1638 509/1639
f 920/1640 1430/1641 919/1642
f 611/1643 1155/1644 610/1645
f 507/1646 1053/1647 1051/1648
f 921/1649 1433/1650 920/1651
f 610/1652 1156/1653 613/1654
f 509/1655 1053/1656 508/1657
f 715/1658 1258/1659 714/1660
f 612/1661 1154/1662 611/1663
f 714/1664 1260/1665 717/1666
f 613/1667 1157/1668 612/1669
f 819/1670 1331/1671 818/1672
f 716/1673 1259/1674 715/1675
f 818/1676 1332/1677 821/1678
f 717/1679 1261/1680 716/1681
f 923/1682 1435/1683 922/1684
f 820/1685 1330/1686 819/1687
f 511/1688 1054/1689 510/1690
f 922/1691 1436/1692 925/1693
f 821/1694 1333/1695 820/1696
f 510/1697 1056/1698 513/1699
f 924/1700 1434/1701 923/1702
f 615/1703 1159/1704 614/1705
f 512/1706 1055/1707 511/1708
f 925/1709 1437/1710 924/1711
f 614/1712 1160/1713 617/1714
f 513/1715 1057/1716 512/1717
f 719/1718 1003/1719 718/1720
f 616/1721 1158/1722 615/1723
f 720/1724 1262/1725 719/1726
f 617/1727 1161/1728 616/1729
f 823/1730 1334/1731 822/1732
f 721/1733 1263/1734 720/1735
f 825/1736 1334/1737 1336/1738
f 927/1739 1439/1740 926/1741
f 824/1742 1335/1743 823/1744
f 515/1745 1058/1746 514/1747
f 926/1748 1440/1749 929/1750
f 825/1751 1337/1752 824/1753
f 514/1754 1060/1755 517/1756
f 928/1757 1438/1758 927/1759
f 619/1760 1163/1761 618/1762
f 515/1763 1061/1764 1059/1765
f 929/1766 1441/1767 928/1768
f 618/1769 1164/1770 621/1771
f 517/1772 1061/1773 516/1774
f 723/1775 1001/1776 722/1777
f 620/1778 1162/1779 619/1780
f 724/1781 1264/1782 723/1783
f 621/1784 1165/1785 620/1786
f 827/1787 1338/1788 826/1789
f 725/1790 1265/1791 724/1792
f 826/1793 1340/1794 829/1795
f 931/1796 1443/1797 930/1798
f 828/1799 1339/1800 827/1801
f 519/1802 1062/1803 518/1804
f 930/1805 1444/1806 933/1807
f 829/1808 1341/1809 828/1810
f 518/1811 1064/1812 521/1813
f 932/1814 1442/1815 931/1816
f 623/1817 1167/1818 622/1819
f 520/1820 1063/1821 519/1822
f 933/1823 1445/1824 932/1825
f 622/1826 1168/1827 625/1828
f 521/1829 1065/1830 520/1831
f 727/1832 999/1833 726/1834
f 624/1835 1166/1836 623/1837
f 774/1838 974/1839 777/1840
f 728/1841 1266/1842 727/1843
f 625/1844 1169/1845 624/1846
f 770/1847 976/1848 773/1849
f 831/1850 1342/1851 830/1852
f 729/1853 1267/1854 728/1855
f 766/1856 978/1857 769/1858
f 830/1859 1344/1860 833/1861
f 935/1862 1447/1863 934/1864
f 778/1865 980/1866 781/1867
f 831/1868 1345/1869 1343/1870
f 523/1871 1066/1872 522/1873
f 934/1874 1448/1875 937/1876
f 833/1877 1345/1878 832/1879
f 522/1880 1068/1881 525/1882
f 936/1883 1446/1884 935/1885
f 627/1886 1171/1887 626/1888
f 523/1889 1069/1890 1067/1891
f 937/1892 1449/1893 936/1894
f 626/1895 1172/1896 629/1897
f 525/1898 1069/1899 524/1900
f 731/1901 1005/1902 730/1903
f 628/1904 1170/1905 627/1906
f 732/1907 1268/1908 731/1909
f 629/1910 1173/1911 628/1912
f 835/1913 1346/1914 834/1915
f 733/1916 1269/1917 732/1918
f 834/1919 1348/1920 837/1921
f 939/1922 1451/1923 938/1924
f 836/1925 1347/1926 835/1927
f 527/1928 1070/1929 526/1930
f 938/1931 1452/1932 941/1933
f 837/1934 1349/1935 836/1936
f 526/1937 1072/1938 529/1939
f 940/1940 1450/1941 939/1942
f 631/1943 1175/1944 630/1945
f 528/1946 1071/1947 527/1948
f 941/1949 1453/1950 940/1951
f 630/1952 1176/1953 633/1954
f 529/1955 1073/1956 528/1957
f 735/1958 995/1959 734/1960
f 632/1961 1174/1962 631/1963
f 758/1964 982/1965 761/1966
f 736/1967 1270/1968 735/1969
f 633/1970 1177/1971 632/1972
f 754/1973 984/1974 757/1975
f 839/1976 1350/1977 838/1978
f 737/1979 1271/1980 736/1981
f 750/1982 986/1983 753/1984
f 838/1985 1352/1986 841/1987
f 943/1988 1455/1989 942/1990
f 762/1991 988/1992 765/1993
f 840/1994 1351/1995 839/1996
f 531/1997 1074/1998 530/1999
f 942/2000 1456/2001 945/2002
f 841/2003 1353/2004 840/2005
f 530/2006 1076/2007 533/2008
f 944/2009 1454/2010 943/2011
f 635/2012 1178/2013 634/2014
f 532/2015 1075/2016 531/2017
f 945/2018 1457/2019 944/2020
f 634/2021 1180/2022 637/2023
f 533/2024 1077/2025 532/2026
f 739/2027 993/2028 738/2029
f 636/2030 1179/2031 635/2032
f 740/2033 1272/2034 739/2035
f 637/2036 1181/2037 636/2038
f 843/2039 1354/2040 842/2041
f 741/2042 1273/2043 740/2044
f 842/2045 1356/2046 845/2047
f 947/2048 1459/2049 946/2050
f 843/2051 1357/2052 1355/2053
f 535/2054 1078/2055 534/2056
f 946/2057 1460/2058 949/2059
f 845/2060 1357/2061 844/2062
f 742/2063 990/2064 745/2065
f 534/2066 1080/2067 537/2068
f 948/2069 1458/2070 947/2071
f 738/2072 992/2073 741/2074
f 639/2075 1182/2076 638/2077
f 536/2078 1079/2079 535/2080
f 949/2081 1461/2082 948/2083
f 734/2084 994/2085 737/2086
f 638/2087 1184/2088 641/2089
f 537/2090 1081/2091 536/2092
f 746/2093 996/2094 749/2095
f 743/2096 991/2097 742/2098
f 640/2099 1183/2100 639/2101
f 743/2102 1275/2103 1274/2104
f 641/2105 1185/2106 640/2107
f 847/2108 1358/2109 846/2110
f 745/2111 1275/2112 744/2113
f 846/2114 1360/2115 849/2116
f 951/2117 1463/2118 950/2119
f 848/2120 1359/2121 847/2122
f 539/2123 1082/2124 538/2125
f 950/2126 1464/2127 953/2128
f 849/2129 1361/2130 848/2131
f 538/2132 1084/2133 541/2134
f 952/2135 1462/2136 951/2137
f 643/2138 1186/2139 642/2140
f 540/2141 1083/2142 539/2143
f 953/2144 1465/2145 952/2146
f 642/2147 1188/2148 645/2149
f 541/2150 1085/2151 540/2152
f 747/2153 997/2154 746/2155
f 643/2156 1189/2157 1187/2158
f 726/2159 998/2160 729/2161
f 748/2162 1276/2163 747/2164
f 645/2165 1189/2166 644/2167
f 722/2168 1000/2169 725/2170
f 851/2171 1363/2172 850/2173
f 749/2174 1277/2175 748/2176
f 718/2177 1002/2178 721/2179
f 850/2180 1364/2181 853/2182
f 955/2183 1467/2184 954/2185
f 730/2186 1004/2187 733/2188
f 852/2189 1362/2190 851/2191
f 543/2192 1087/2193 542/2194
f 954/2195 1468/2196 957/2197
f 853/2198 1365/2199 852/2200
f 542/2201 1088/2202 545/2203
f 956/2204 1466/2205 955/2206
f 647/2207 1190/2208 646/2209
f 544/2210 1086/2211 543/2212
f 957/2213 1469/2214 956/2215
f 646/2216 1192/2217 649/2218
f 545/2219 1089/2220 544/2221
f 751/2222 987/2223 750/2224
f 648/2225 1191/2226 647/2227
f 752/2228 1278/2229 751/2230
f 649/2231 1193/2232 648/2233
f 855/2234 1366/2235 854/2236
f 753/2237 1279/2238 752/2239
f 854/2240 1368/2241 857/2242
f 959/2243 1471/2244 958/2245
f 855/2246 1369/2247 1367/2248
f 547/2249 1091/2250 546/2251
f 958/2252 1472/2253 961/2254
f 857/2255 1369/2256 856/2257
f 546/2258 1092/2259 549/2260
f 959/2261 1473/2262 1470/2263
f 651/2264 1194/2265 650/2266
f 548/2267 1090/2268 547/2269
f 961/2270 1473/2271 960/2272
f 650/2273 1196/2274 653/2275
f 549/2276 1093/2277 548/2278
f 755/2279 985/2280 754/2281
f 652/2282 1195/2283 651/2284
f 756/2285 1280/2286 755/2287
f 653/2288 1197/2289 652/2290
f 859/2291 1370/2292 858/2293
f 757/2294 1281/2295 756/2296
f 858/2297 1372/2298 861/2299
f 963/2300 1475/2301 962/2302
f 860/2303 1371/2304 859/2305
f 551/2306 1095/2307 550/2308
f 962/2309 1476/2310 965/2311
f 861/2312 1373/2313 860/2314
f 550/2315 1096/2316 553/2317
f 964/2318 1474/2319 963/2320
f 655/2321 1198/2322 654/2323
f 552/2324 1094/2325 551/2326
f 965/2327 1477/2328 964/2329
f 654/2330 1200/2331 657/2332
f 553/2333 1097/2334 552/2335
f 759/2336 983/2337 758/2338
f 656/2339 1199/2340 655/2341
f 759/2342 1283/2343 1282/2344
f 657/2345 1201/2346 656/2347
f 863/2348 1374/2349 862/2350
f 761/2351 1283/2352 760/2353
f 862/2354 1376/2355 865/2356
f 967/2357 1479/2358 966/2359
f 864/2360 1375/2361 863/2362
f 555/2363 1099/2364 554/2365
f 966/2366 1480/2367 969/2368
f 865/2369 1377/2370 864/2371
f 554/2372 1100/2373 557/2374
f 967/2375 1481/2376 1478/2377
f 659/2378 1202/2379 658/2380
f 556/2381 1098/2382 555/2383
f 969/2384 1481/2385 968/2386
f 658/2387 1204/2388 661/2389
f 557/2390 1101/2391 556/2392
f 763/2393 989/2394 762/2395
f 660/2396 1203/2397 659/2398
f 764/2399 1284/2400 763/2401
f 661/2402 1205/2403 660/2404
f 867/2405 1379/2406 866/2407
f 765/2408 1285/2409 764/2410
f 866/2411 1380/2412 869/2413
f 971/2414 1482/2415 970/2416
f 868/2417 1378/2418 867/2419
f 559/2420 1103/2421 558/2422
f 970/2423 1484/2424 973/2425
f 869/2426 1381/2427 868/2428
f 558/2429 1104/2430 561/2431
f 972/2432 1483/2433 971/2434
f 663/2435 1206/2436 662/2437
f 560/2438 1102/2439 559/2440
f 973/2441 1485/2442 972/2443
f 662/2444 1208/2445 665/2446
f 561/2447 1105/2448 560/2449
f 767/2450 979/2451 766/2452
f 664/2453 1207/2454 663/2455
f 768/2456 1286/2457 767/2458
f 665/2459 1209/2460 664/2461
f 871/2462 1382/2463 870/2464
f 769/2465 1287/2466 768/2467
f 870/2468 1384/2469 873/2470
f 871/2471 1385/2472 1383/2473
f 563/2474 1107/2475 562/2476
f 873/2477 1385/2478 872/2479
f 562/2480 1108/2481 565/2482
f 667/2483 1210/2484 666/2485
f 564/2486 1106/2487 563/2488
f 666/2489 1212/2490 669/2491
f 565/2492 1109/2493 564/2494
f 771/2495 977/2496 770/2497
f 668/2498 1211/2499 667/2500
f 772/2501 1288/2502 771/2503
f 669/2504 1213/2505 668/2506
f 875/2507 1386/2508 874/2509
f 773/2510 1289/2511 772/2512
f 463/2513 1006/2514 462/2515
f 874/2516 1388/2517 877/2518
f 462/2519 1008/2520 465/2521
f 876/2522 1387/2523 875/2524
f 567/2525 1111/2526 566/2527
f 464/2528 1007/2529 463/2530
f 877/2531 1389/2532 876/2533
f 566/2534 1112/2535 569/2536
f 465/2537 1009/2538 464/2539
f 671/2540 1215/2541 670/2542
f 568/2543 1110/2544 567/2545
f 670/2546 1216/2547 673/2548
f 569/2549 1113/2550 568/2551
f 775/2552 975/2553 774/2554
f 672/2555 1214/2556 671/2557
f 775/2558 1291/2559 1290/2560
f 673/2561 1217/2562 672/2563
f 879/2564 1390/2565 878/2566
f 777/2567 1291/2568 776/2569
f 467/2570 1010/2571 466/2572
f 878/2573 1392/2574 881/2575
f 466/2576 1012/2577 469/2578
f 880/2579 1391/2580 879/2581
f 571/2582 1114/2583 570/2584
f 468/2585 1011/2586 467/2587
f 881/2588 1393/2589 880/2590
f 570/2591 1116/2592 573/2593
f 469/2594 1013/2595 468/2596
f 675/2597 1219/2598 674/2599
f 572/2600 1115/2601 571/2602
f 674/2603 1220/2604 677/2605
f 573/2606 1117/2607 572/2608
f 779/2609 981/2610 778/2611
f 676/2612 1218/2613 675/2614
f 780/2615 1292/2616 779/2617
f 677/2618 1221/2619 676/2620
f 883/2621 1395/2622 882/2623
f 781/2624 1293/2625 780/2626
f 471/2627 1014/2628 470/2629
f 882/2630 1396/2631 885/2632
f 703/399 1247/2633 1246/400
f 497/402 1040/2634 1041/403
f 598/405 1142/2635 1144/406
f 909/408 1420/2636 1421/409
f 496/411 1041/2637 1038/412
f 599/414 1143/2638 1142/415
f 908/417 1421/2639 1419/418
f 494/420 1039/2640 1040/421
f 805/423 1316/2641 1317/424
f 906/426 1418/2642 1420/427
f 495/429 1038/2643 1039/430
f 804/432 1317/2644 1314/433
f 907/435 1419/2645 1418/436
f 701/438 1244/2646 1245/439
f 802/441 1315/2647 1316/442
f 700/444 1245/2648 1243/445
f 803/447 1314/2649 1315/448
f 597/450 1140/2650 1141/451
f 698/453 1242/2651 1244/454
f 596/456 1141/2652 1139/457
f 699/459 1243/2653 1242/460
f 493/462 1036/2654 1037/463
f 594/465 1138/2655 1140/466
f 905/468 1416/2656 1417/469
f 492/471 1037/2657 1035/472
f 595/474 1139/2658 1138/475
f 904/477 1417/2659 1415/478
f 490/480 1034/2660 1036/481
f 801/483 1312/2661 1313/484
f 902/486 1414/2662 1416/487
f 491/489 1035/2663 1034/490
f 799/492 800/2664 1313/493
f 903/495 1415/2665 1414/496
f 697/498 1240/2666 1241/499
f 798/501 1310/2667 1312/502
f 696/504 1241/2668 1238/505
f 799/507 1311/2669 1310/508
f 593/510 1136/2670 1137/511
f 694/513 1239/2671 1240/514
f 592/516 1137/2672 1135/517
f 695/519 1238/2673 1239/520
f 489/522 1032/2674 1033/523
f 590/525 1134/2675 1136/526
f 901/528 1412/2676 1413/529
f 488/531 1033/2677 1031/532
f 591/534 1135/2678 1134/535
f 900/537 1413/2679 1411/538
f 486/540 1030/2680 1032/541
f 797/543 1308/2681 1309/544
f 901/546 898/2682 1410/547
f 487/549 1031/2683 1030/550
f 796/552 1309/2684 1307/553
f 899/555 1411/2685 1410/556
f 693/558 1236/2686 1237/559
f 794/561 1306/2687 1308/562
f 692/564 1237/2688 1234/565
f 795/567 1307/2689 1306/568
f 589/570 1132/2690 1133/571
f 690/573 1235/2691 1236/574
f 588/576 1133/2692 1131/577
f 691/579 1234/2693 1235/580
f 485/582 1028/2694 1029/583
f 586/585 1130/2695 1132/586
f 897/588 1408/2696 1409/589
f 389/591 390/595 393/592
f 391/594 394/597 393/592
f 393/592 396/598 395/596
f 394/597 397/607 396/598
f 334/599 389/591 341/600
f 333/602 390/595 389/591
f 332/603 391/594 390/595
f 312/604 325/605 391/594
f 325/605 324/606 394/597
f 324/606 323/608 397/607
f 323/608 310/2697 352/609
f 397/607 352/609 351/610
f 396/598 351/610 350/611
f 395/596 350/611 314/612
f 392/593 395/596 343/613
f 389/591 392/593 342/614
f 484/615 1029/2698 1027/616
f 587/618 1131/2699 1130/619
f 895/621 896/2700 1409/622
f 482/624 1026/2701 1028/625
f 793/627 1304/2702 1305/628
f 894/630 1406/2703 1408/631
f 483/633 1027/2704 1026/634
f 792/636 1305/2705 1303/637
f 894/639 895/2706 1407/640
f 689/642 1232/2707 1233/643
f 793/645 790/2708 1302/646
f 688/648 1233/2709 1230/649
f 791/651 1303/2710 1302/652
f 585/654 1128/2711 1129/655
f 686/657 1231/2712 1232/658
f 584/660 1129/2713 1127/661
f 687/663 1230/2714 1231/664
f 481/666 1024/2715 1025/667
f 582/669 1126/2716 1128/670
f 893/672 1404/2717 1405/673
f 480/675 1025/2718 1023/676
f 583/678 1127/2719 1126/679
f 892/681 1405/2720 1403/682
f 478/684 1022/2721 1024/685
f 789/687 1300/2722 1301/688
f 890/690 1402/2723 1404/691
f 479/693 1023/2724 1022/694
f 788/696 1301/2725 1298/697
f 891/699 1403/2726 1402/700
f 685/702 1228/2727 1229/703
f 786/705 1299/2728 1300/706
f 684/708 1229/2729 1226/709
f 787/711 1298/2730 1299/712
f 581/714 1124/2731 1125/715
f 682/717 1227/2732 1228/718
f 579/720 580/2733 1125/721
f 683/723 1226/2734 1227/724
f 477/726 1020/2735 1021/727
f 578/729 1122/2736 1124/730
f 889/732 1400/2737 1401/733
f 476/735 1021/2738 1019/736
f 579/738 1123/2739 1122/739
f 887/741 888/2740 1401/742
f 474/744 1018/2741 1020/745
f 785/747 1296/2742 1297/748
f 886/750 1398/2743 1400/751
f 475/753 1019/2744 1018/754
f 784/756 1297/2745 1295/757
f 887/759 1399/2746 1398/760
f 681/762 1224/2747 1225/763
f 782/765 1294/2748 1296/766
f 680/768 1225/2749 1222/769
f 783/771 1295/2750 1294/772
f 577/774 1120/2751 1121/775
f 678/777 1223/2752 1224/778
f 576/780 1121/2753 1119/781
f 679/783 1222/2754 1223/784
f 472/786 473/2755 1016/787
f 574/789 1118/2756 1120/790
f 885/792 1396/2757 1397/793
f 471/795 472/2758 1017/796
f 575/798 1119/2759 1118/799
f 884/801 1397/2760 1394/802
f 470/804 1014/2761 1016/805
f 354/807 463/811 462/808
f 357/810 464/813 463/811
f 419/812 465/814 464/813
f 418/809 462/808 465/814
f 355/815 467/819 466/816
f 358/818 468/821 467/819
f 435/820 469/822 468/821
f 435/820 434/817 466/816
f 357/810 471/825 470/823
f 360/824 472/827 471/825
f 360/824 420/828 473/826
f 420/828 419/812 470/823
f 435/820 358/818 475/829
f 358/818 361/833 476/831
f 436/832 477/834 476/831
f 435/820 474/830 477/834
f 398/835 320/839 479/836
f 353/838 480/841 479/836
f 404/840 481/842 480/841
f 398/835 478/837 481/842
f 321/843 483/846 482/844
f 354/807 484/847 483/846
f 418/809 485/848 484/847
f 414/845 482/844 485/848
f 322/849 487/852 486/850
f 355/815 488/853 487/852
f 434/817 489/854 488/853
f 430/851 486/850 489/854
f 310/855 491/859 490/856
f 323/858 492/861 491/859
f 450/860 493/862 492/861
f 446/857 490/856 493/862
f 323/858 495/865 494/863
f 324/864 496/867 495/865
f 324/864 451/868 497/866
f 451/868 450/860 494/863
f 324/864 499/871 498/869
f 325/870 500/873 499/871
f 325/870 452/874 501/872
f 451/868 498/869 501/872
f 325/870 503/877 502/875
f 312/876 504/879 503/877
f 312/876 447/880 505/878
f 452/874 502/875 505/878
f 361/833 507/883 506/881
f 326/882 508/885 507/883
f 431/884 509/886 508/885
f 431/884 436/832 506/881
f 360/824 511/889 510/887
f 327/888 512/891 511/889
f 415/890 513/892 512/891
f 420/828 510/887 513/892
f 402/893 359/897 515/894
f 328/896 516/899 515/894
f 399/898 517/900 516/899
f 402/893 514/895 517/900
f 356/901 519/904 518/902
f 359/897 520/905 519/904
f 402/893 521/906 520/905
f 402/893 403/903 518/902
f 353/838 523/908 522/907
f 356/901 524/909 523/908
f 403/903 525/910 524/909
f 404/840 522/907 525/910
f 363/911 527/915 526/912
f 363/911 366/916 528/914
f 366/916 422/918 529/917
f 422/918 421/913 526/912
f 437/919 364/922 531/920
f 364/922 367/925 532/923
f 438/924 533/926 532/923
f 438/924 437/919 530/921
f 366/916 535/929 534/927
f 366/916 369/930 536/928
f 369/930 423/932 537/931
f 422/918 534/927 537/931
f 367/925 539/935 538/933
f 370/934 540/937 539/935
f 439/936 541/938 540/937
f 438/924 538/933 541/938
f 328/896 543/941 542/939
f 362/940 544/943 543/941
f 407/942 545/944 544/943
f 399/898 542/939 545/944
f 327/888 547/946 546/945
f 363/911 548/947 547/946
f 421/913 549/948 548/947
f 415/890 546/945 549/948
f 431/884 326/882 551/949
f 364/922 552/951 551/949
f 437/919 553/952 552/951
f 431/884 550/950 553/952
f 312/876 555/955 554/953
f 332/954 556/957 555/955
f 332/954 453/958 557/956
f 447/880 554/953 557/956
f 332/954 559/961 558/959
f 333/960 560/963 559/961
f 333/960 454/964 561/962
f 454/964 453/958 558/959
f 333/960 563/967 562/965
f 334/966 564/969 563/967
f 334/966 455/970 565/968
f 454/964 562/965 565/968
f 334/966 567/973 566/971
f 316/972 568/975 567/973
f 316/972 448/976 569/974
f 448/976 455/970 566/971
f 439/936 370/934 571/977
f 370/934 335/981 572/979
f 432/980 573/982 572/979
f 439/936 570/978 573/982
f 369/930 575/985 574/983
f 336/984 576/987 575/985
f 336/984 416/988 577/986
f 423/932 574/983 577/986
f 368/989 579/993 578/990
f 337/992 580/995 579/993
f 400/994 581/996 580/995
f 405/991 578/990 581/996
f 365/997 583/1000 582/998
f 368/989 584/1001 583/1000
f 405/991 585/1002 584/1001
f 406/999 582/998 585/1002
f 407/942 362/940 587/1003
f 365/997 588/1005 587/1003
f 406/999 589/1006 588/1005
f 407/942 586/1004 589/1006
f 372/1007 591/1011 590/1008
f 372/1007 375/1012 592/1010
f 375/1012 425/1014 593/1013
f 425/1014 424/1009 590/1008
f 440/1015 373/1018 595/1016
f 373/1018 376/1021 596/1019
f 441/1020 597/1022 596/1019
f 441/1020 440/1015 594/1017
f 375/1012 599/1025 598/1023
f 375/1012 378/1026 600/1024
f 378/1026 426/1028 601/1027
f 425/1014 598/1023 601/1027
f 376/1021 603/1031 602/1029
f 379/1030 604/1033 603/1031
f 442/1032 605/1034 604/1033
f 441/1020 602/1029 605/1034
f 337/992 607/1037 606/1035
f 337/992 371/1039 608/1036
f 410/1038 609/1040 608/1036
f 410/1038 400/994 606/1035
f 336/984 611/1042 610/1041
f 372/1007 612/1043 611/1042
f 424/1009 613/1044 612/1043
f 416/988 610/1041 613/1044
f 335/981 615/1046 614/1045
f 373/1018 616/1047 615/1046
f 440/1015 617/1048 616/1047
f 432/980 614/1045 617/1048
f 316/972 619/1051 618/1049
f 341/1050 620/1053 619/1051
f 341/1050 456/1054 621/1052
f 448/976 618/1049 621/1052
f 341/1050 623/1057 622/1055
f 342/1056 624/1059 623/1057
f 342/1056 457/1060 625/1058
f 457/1060 456/1054 622/1055
f 342/1056 627/1063 626/1061
f 343/1062 628/1065 627/1063
f 343/1062 458/1066 629/1064
f 457/1060 626/1061 629/1064
f 343/1062 631/1069 630/1067
f 314/1068 632/1071 631/1069
f 314/1068 449/1072 633/1070
f 449/1072 458/1066 630/1067
f 442/1032 379/1030 635/1073
f 379/1030 344/1077 636/1075
f 433/1076 637/1078 636/1075
f 442/1032 634/1074 637/1078
f 378/1026 639/1081 638/1079
f 345/1080 640/1083 639/1081
f 345/1080 417/1084 641/1082
f 426/1028 638/1079 641/1082
f 377/1085 643/1089 642/1086
f 346/1088 644/1091 643/1089
f 401/1090 645/1092 644/1091
f 408/1087 642/1086 645/1092
f 374/1093 647/1096 646/1094
f 377/1085 648/1097 647/1096
f 408/1087 649/1098 648/1097
f 409/1095 646/1094 649/1098
f 410/1038 371/1039 651/1099
f 374/1093 652/1101 651/1099
f 409/1095 653/1102 652/1101
f 410/1038 650/1100 653/1102
f 381/1103 655/1107 654/1104
f 381/1103 384/1108 656/1106
f 384/1108 428/1110 657/1109
f 428/1110 427/1105 654/1104
f 443/1111 382/1114 659/1112
f 382/1114 385/1117 660/1115
f 444/1116 661/1118 660/1115
f 444/1116 443/1111 658/1113
f 384/1108 663/1121 662/1119
f 384/1108 387/1122 664/1120
f 387/1122 429/1124 665/1123
f 428/1110 662/1119 665/1123
f 385/1117 667/1127 666/1125
f 388/1126 668/1129 667/1127
f 445/1128 669/1130 668/1129
f 444/1116 666/1125 669/1130
f 346/1131 671/1135 670/1132
f 346/1131 380/1137 672/1134
f 413/1136 673/1138 672/1134
f 413/1136 401/1133 670/1132
f 345/1139 675/1142 674/1140
f 381/1103 676/1143 675/1142
f 427/1105 677/1144 676/1143
f 417/1141 674/1140 677/1144
f 344/1145 679/1148 678/1146
f 382/1114 680/1149 679/1148
f 443/1111 681/1150 680/1149
f 433/1147 678/1146 681/1150
f 314/1151 683/1155 682/1152
f 350/1154 684/1157 683/1155
f 350/1154 459/1158 685/1156
f 449/1153 682/1152 685/1156
f 350/1154 687/1161 686/1159
f 351/1160 688/1163 687/1161
f 351/1160 460/1164 689/1162
f 460/1164 459/1158 686/1159
f 351/1160 691/1167 690/1165
f 352/1166 692/1169 691/1167
f 352/1166 461/1170 693/1168
f 460/1164 690/1165 693/1168
f 352/1166 695/1173 694/1171
f 310/1172 696/1175 695/1173
f 446/1174 697/1176 696/1175
f 461/1170 694/1171 697/1176
f 445/1128 388/1126 699/1177
f 388/1126 322/1181 700/1179
f 430/1180 701/1182 700/1179
f 445/1128 698/1178 701/1182
f 387/1122 703/1185 702/1183
f 321/1184 704/1187 703/1185
f 321/1184 414/1188 705/1186
f 414/1188 429/1124 702/1183
f 386/1189 707/1193 706/1190
f 320/1192 708/1195 707/1193
f 398/1194 709/1196 708/1195
f 398/1194 411/1191 706/1190
f 383/1197 711/1200 710/1198
f 386/1189 712/1201 711/1200
f 411/1191 713/1202 712/1201
f 412/1199 710/1198 713/1202
f 413/1136 380/1137 715/1203
f 383/1197 716/1205 715/1203
f 412/1199 717/1206 716/1205
f 413/1136 714/1204 717/1206
f 413/1136 719/1209 718/1207
f 412/1199 720/1211 719/1209
f 348/1210 721/1212 720/1211
f 349/1208 718/1207 721/1212
f 412/1199 723/1215 722/1213
f 412/1199 411/1191 724/1214
f 347/1216 725/1217 724/1214
f 348/1210 722/1213 725/1217
f 411/1191 727/1220 726/1218
f 411/1191 398/1194 728/1219
f 398/1194 309/1222 729/1221
f 347/1216 726/1218 729/1221
f 401/1133 731/1226 730/1223
f 401/1133 413/1136 732/1225
f 349/1208 733/1227 732/1225
f 313/1224 730/1223 733/1227
f 410/1038 735/1230 734/1228
f 409/1095 736/1232 735/1230
f 339/1231 737/1233 736/1232
f 340/1229 734/1228 737/1233
f 409/1095 739/1236 738/1234
f 409/1095 408/1087 740/1235
f 338/1237 741/1238 740/1235
f 339/1231 738/1234 741/1238
f 408/1087 743/1240 742/1239
f 401/1090 744/1242 743/1240
f 313/1241 745/1243 744/1242
f 338/1237 742/1239 745/1243
f 400/994 747/1247 746/1244
f 400/994 410/1038 748/1246
f 340/1229 749/1248 748/1246
f 315/1245 746/1244 749/1248
f 407/942 751/1251 750/1249
f 406/999 752/1253 751/1251
f 330/1252 753/1254 752/1253
f 331/1250 750/1249 753/1254
f 406/999 755/1257 754/1255
f 406/999 405/991 756/1256
f 329/1258 757/1259 756/1256
f 330/1252 754/1255 757/1259
f 405/991 759/1261 758/1260
f 400/994 760/1262 759/1261
f 315/1245 761/1263 760/1262
f 329/1258 758/1260 761/1263
f 399/898 763/1266 762/1264
f 407/942 764/1267 763/1266
f 331/1250 765/1268 764/1267
f 311/1265 762/1264 765/1268
f 404/840 767/1271 766/1269
f 403/903 768/1273 767/1271
f 318/1272 769/1274 768/1273
f 318/1272 319/1270 766/1269
f 403/903 771/1277 770/1275
f 403/903 402/893 772/1276
f 317/1278 773/1279 772/1276
f 318/1272 770/1275 773/1279
f 402/893 775/1281 774/1280
f 399/898 776/1283 775/1281
f 399/898 311/1265 777/1282
f 311/1265 317/1278 774/1280
f 398/835 779/1286 778/1284
f 404/840 780/1287 779/1286
f 319/1270 781/1288 780/1287
f 309/1285 778/1284 781/1288
f 429/1124 783/1291 782/1289
f 429/1124 414/1188 784/1290
f 320/1192 785/1292 784/1290
f 386/1189 782/1289 785/1292
f 417/1141 787/1294 786/1293
f 427/1105 788/1295 787/1294
f 380/1137 789/1296 788/1295
f 380/1137 346/1131 786/1293
f 428/1110 791/1299 790/1297
f 428/1110 429/1124 792/1298
f 429/1124 386/1189 793/1300
f 383/1197 790/1297 793/1300
f 427/1105 795/1303 794/1301
f 427/1105 428/1110 796/1302
f 428/1110 383/1197 797/1304
f 380/1137 794/1301 797/1304
f 426/1028 799/1306 798/1305
f 417/1084 800/1307 799/1306
f 346/1088 801/1308 800/1307
f 377/1085 798/1305 801/1308
f 416/988 803/1310 802/1309
f 424/1009 804/1311 803/1310
f 371/1039 805/1312 804/1311
f 371/1039 337/992 802/1309
f 425/1014 807/1315 806/1313
f 425/1014 426/1028 808/1314
f 426/1028 377/1085 809/1316
f 374/1093 806/1313 809/1316
f 424/1009 811/1319 810/1317
f 424/1009 425/1014 812/1318
f 425/1014 374/1093 813/1320
f 371/1039 810/1317 813/1320
f 423/932 815/1322 814/1321
f 416/988 816/1323 815/1322
f 337/992 817/1324 816/1323
f 368/989 814/1321 817/1324
f 415/890 819/1326 818/1325
f 421/913 820/1327 819/1326
f 362/940 821/1328 820/1327
f 328/896 818/1325 821/1328
f 422/918 823/1331 822/1329
f 422/918 423/932 824/1330
f 423/932 368/989 825/1332
f 365/997 822/1329 825/1332
f 421/913 827/1335 826/1333
f 421/913 422/918 828/1334
f 422/918 365/997 829/1336
f 362/940 826/1333 829/1336
f 420/828 831/1338 830/1337
f 415/890 832/1339 831/1338
f 328/896 833/1340 832/1339
f 359/897 830/1337 833/1340
f 414/845 835/1342 834/1341
f 418/809 836/1343 835/1342
f 353/838 837/1344 836/1343
f 320/839 834/1341 837/1344
f 419/812 839/1346 838/1345
f 420/828 840/1348 839/1346
f 420/828 359/897 841/1347
f 356/901 838/1345 841/1347
f 418/809 843/1350 842/1349
f 419/812 844/1352 843/1350
f 419/812 356/901 845/1351
f 353/838 842/1349 845/1351
f 387/1122 445/1128 847/1353
f 445/1128 430/1180 848/1355
f 321/1184 849/1356 848/1355
f 387/1122 846/1354 849/1356
f 345/1139 433/1147 851/1357
f 443/1111 852/1359 851/1357
f 381/1103 853/1360 852/1359
f 345/1139 850/1358 853/1360
f 384/1108 444/1116 855/1361
f 445/1128 856/1363 855/1361
f 387/1122 857/1364 856/1363
f 384/1108 854/1362 857/1364
f 381/1103 443/1111 859/1365
f 443/1111 444/1116 860/1367
f 384/1108 861/1368 860/1367
f 384/1108 381/1103 858/1366
f 378/1026 442/1032 863/1369
f 433/1076 864/1371 863/1369
f 345/1080 865/1372 864/1371
f 378/1026 862/1370 865/1372
f 336/984 432/980 867/1373
f 440/1015 868/1375 867/1373
f 372/1007 869/1376 868/1375
f 336/984 866/1374 869/1376
f 375/1012 441/1020 871/1377
f 442/1032 872/1379 871/1377
f 378/1026 873/1380 872/1379
f 375/1012 870/1378 873/1380
f 372/1007 440/1015 875/1381
f 440/1015 441/1020 876/1383
f 375/1012 877/1384 876/1383
f 375/1012 372/1007 874/1382
f 369/930 439/936 879/1385
f 432/980 880/1387 879/1385
f 336/984 881/1388 880/1387
f 369/930 878/1386 881/1388
f 327/888 431/884 883/1389
f 437/919 884/1391 883/1389
f 363/911 885/1392 884/1391
f 327/888 882/1390 885/1392
f 366/916 438/924 887/1393
f 439/936 888/1395 887/1393
f 369/930 889/1396 888/1395
f 366/916 886/1394 889/1396
f 363/911 437/919 891/1397
f 437/919 438/924 892/1399
f 366/916 893/1400 892/1399
f 366/916 363/911 890/1398
f 436/832 895/1402 894/1401
f 431/884 896/1403 895/1402
f 327/888 897/1404 896/1403
f 360/824 894/1401 897/1404
f 430/851 899/1406 898/1405
f 434/817 900/1408 899/1406
f 434/817 354/807 901/1407
f 354/807 321/843 898/1405
f 357/810 435/820 903/1409
f 435/820 436/832 904/1411
f 360/824 905/1412 904/1411
f 357/810 902/1410 905/1412
f 434/817 907/1414 906/1413
f 435/820 908/1415 907/1414
f 357/810 909/1416 908/1415
f 354/807 906/1413 909/1416
f 461/1170 911/1418 910/1417
f 446/1174 912/1419 911/1418
f 322/1181 913/1420 912/1419
f 388/1126 910/1417 913/1420
f 460/1164 915/1422 914/1421
f 461/1170 916/1423 915/1422
f 388/1126 917/1424 916/1423
f 385/1117 914/1421 917/1424
f 459/1158 919/1427 918/1425
f 459/1158 460/1164 920/1426
f 460/1164 385/1117 921/1428
f 382/1114 918/1425 921/1428
f 449/1153 923/1430 922/1429
f 459/1158 924/1431 923/1430
f 382/1114 925/1432 924/1431
f 344/1145 922/1429 925/1432
f 458/1066 927/1435 926/1433
f 458/1066 449/1072 928/1434
f 449/1072 344/1077 929/1436
f 379/1030 926/1433 929/1436
f 457/1060 931/1438 930/1437
f 458/1066 932/1439 931/1438
f 379/1030 933/1440 932/1439
f 376/1021 930/1437 933/1440
f 456/1054 935/1443 934/1441
f 456/1054 457/1060 936/1442
f 457/1060 376/1021 937/1444
f 373/1018 934/1441 937/1444
f 448/976 939/1446 938/1445
f 456/1054 940/1447 939/1446
f 373/1018 941/1448 940/1447
f 335/981 938/1445 941/1448
f 455/970 943/1451 942/1449
f 455/970 448/976 944/1450
f 448/976 335/981 945/1452
f 370/934 942/1449 945/1452
f 454/964 947/1454 946/1453
f 455/970 948/1455 947/1454
f 370/934 949/1456 948/1455
f 367/925 946/1453 949/1456
f 453/958 951/1459 950/1457
f 453/958 454/964 952/1458
f 454/964 367/925 953/1460
f 364/922 950/1457 953/1460
f 447/880 955/1462 954/1461
f 453/958 956/1463 955/1462
f 364/922 957/1464 956/1463
f 326/882 954/1461 957/1464
f 452/874 959/1466 958/1465
f 447/880 960/1467 959/1466
f 326/882 961/1468 960/1467
f 326/882 361/833 958/1465
f 451/868 963/1470 962/1469
f 452/874 964/1471 963/1470
f 361/833 965/1472 964/1471
f 358/818 962/1469 965/1472
f 355/815 450/860 967/1473
f 450/860 451/868 968/1475
f 358/818 969/1476 968/1475
f 358/818 355/815 966/1474
f 322/849 446/857 971/1477
f 450/860 972/1479 971/1477
f 355/815 973/1480 972/1479
f 322/849 970/1478 973/1480
f 600/1481 1145/2762 1143/1482
f 702/1484 1246/2763 1248/1485
f 601/1487 1144/2764 1145/1488
f 807/1490 1319/2765 1318/1491
f 704/1493 1249/2766 1247/1494
f 809/1496 806/2767 1318/1497
f 704/1499 705/2768 1248/1500
f 911/1502 1422/2769 1423/1503
f 808/1505 1321/2770 1319/1506
f 499/1508 1042/2771 1043/1509
f 910/1511 1423/2772 1424/1512
f 809/1514 1320/2773 1321/1515
f 498/1517 1043/2774 1044/1518
f 912/1520 1425/2775 1422/1521
f 603/1523 1147/2776 1146/1524
f 500/1526 1045/2777 1042/1527
f 913/1529 1424/2778 1425/1530
f 602/1532 1146/2779 1148/1533
f 500/1535 501/2780 1044/1536
f 707/1538 1251/2781 1250/1539
f 604/1541 1149/2782 1147/1542
f 706/1544 1250/2783 1252/1545
f 605/1547 1148/2784 1149/1548
f 811/1550 1323/2785 1322/1551
f 708/1553 1253/2786 1251/1554
f 810/1556 1322/2787 1324/1557
f 709/1559 1252/2788 1253/1560
f 915/1562 1426/2789 1427/1563
f 812/1565 1325/2790 1323/1566
f 503/1568 1046/2791 1047/1569
f 914/1571 1427/2792 1428/1572
f 813/1574 1324/2793 1325/1575
f 502/1577 1047/2794 1048/1578
f 916/1580 1429/2795 1426/1581
f 607/1583 1150/2796 1151/1584
f 504/1586 1049/2797 1046/1587
f 917/1589 1428/2798 1429/1590
f 606/1592 1151/2799 1152/1593
f 505/1595 1048/2800 1049/1596
f 711/1598 1255/2801 1254/1599
f 608/1601 1153/2802 1150/1602
f 710/1604 1254/2803 1256/1605
f 609/1607 1152/2804 1153/1608
f 815/1610 1327/2805 1326/1611
f 712/1613 1257/2806 1255/1614
f 814/1616 1326/2807 1328/1617
f 713/1619 1256/2808 1257/1620
f 919/1622 1430/2809 1431/1623
f 815/1625 816/2810 1329/1626
f 507/1628 1051/2811 1050/1629
f 918/1631 1431/2812 1432/1632
f 817/1634 1328/2813 1329/1635
f 506/1637 1050/2814 1052/1638
f 920/1640 1433/2815 1430/1641
f 611/1643 1154/2816 1155/1644
f 507/1646 508/2817 1053/1647
f 921/1649 1432/2818 1433/1650
f 610/1652 1155/2819 1156/1653
f 509/1655 1052/2820 1053/1656
f 715/1658 1259/2821 1258/1659
f 612/1661 1157/2822 1154/1662
f 714/1664 1258/2823 1260/1665
f 613/1667 1156/2824 1157/1668
f 819/1670 1330/2825 1331/1671
f 716/1673 1261/2826 1259/1674
f 818/1676 1331/2827 1332/1677
f 717/1679 1260/2828 1261/1680
f 923/1682 1434/2829 1435/1683
f 820/1685 1333/2830 1330/1686
f 511/1688 1055/2831 1054/1689
f 922/1691 1435/2832 1436/1692
f 821/1694 1332/2833 1333/1695
f 510/1697 1054/2834 1056/1698
f 924/1700 1437/2835 1434/1701
f 615/1703 1158/2836 1159/1704
f 512/1706 1057/2837 1055/1707
f 925/1709 1436/2838 1437/1710
f 614/1712 1159/2839 1160/1713
f 513/1715 1056/2840 1057/1716
f 719/1718 1262/2841 1003/1719
f 616/1721 1161/2842 1158/1722
f 720/1724 1263/2843 1262/1725
f 617/1727 1160/2844 1161/1728
f 823/1730 1335/2845 1334/1731
f 721/1733 1002/2846 1263/1734
f 825/1736 822/2847 1334/1737
f 927/1739 1438/2848 1439/1740
f 824/1742 1337/2849 1335/1743
f 515/1745 1059/2850 1058/1746
f 926/1748 1439/2851 1440/1749
f 825/1751 1336/2852 1337/1752
f 514/1754 1058/2853 1060/1755
f 928/1757 1441/2854 1438/1758
f 619/1760 1162/2855 1163/1761
f 515/1763 516/2856 1061/1764
f 929/1766 1440/2857 1441/1767
f 618/1769 1163/2858 1164/1770
f 517/1772 1060/2859 1061/1773
f 723/1775 1264/2860 1001/1776
f 620/1778 1165/2861 1162/1779
f 724/1781 1265/2862 1264/1782
f 621/1784 1164/2863 1165/1785
f 827/1787 1339/2864 1338/1788
f 725/1790 1000/2865 1265/1791
f 826/1793 1338/2866 1340/1794
f 931/1796 1442/2867 1443/1797
f 828/1799 1341/2868 1339/1800
f 519/1802 1063/2869 1062/1803
f 930/1805 1443/2870 1444/1806
f 829/1808 1340/2871 1341/1809
f 518/1811 1062/2872 1064/1812
f 932/1814 1445/2873 1442/1815
f 623/1817 1166/2874 1167/1818
f 520/1820 1065/2875 1063/1821
f 933/1823 1444/2876 1445/1824
f 622/1826 1167/2877 1168/1827
f 521/1829 1064/2878 1065/1830
f 727/1832 1266/2879 999/1833
f 624/1835 1169/2880 1166/1836
f 774/1838 975/2881 974/1839
f 728/1841 1267/2882 1266/1842
f 625/1844 1168/2883 1169/1845
f 770/1847 977/2884 976/1848
f 831/1850 1343/2885 1342/1851
f 729/1853 998/2886 1267/1854
f 766/1856 979/2887 978/1857
f 830/1859 1342/2888 1344/1860
f 935/1862 1446/2889 1447/1863
f 778/1865 981/2890 980/1866
f 831/1868 832/2891 1345/1869
f 523/1871 1067/2892 1066/1872
f 934/1874 1447/2893 1448/1875
f 833/1877 1344/2894 1345/1878
f 522/1880 1066/2895 1068/1881
f 936/1883 1449/2896 1446/1884
f 627/1886 1170/2897 1171/1887
f 523/1889 524/2898 1069/1890
f 937/1892 1448/2899 1449/1893
f 626/1895 1171/2900 1172/1896
f 525/1898 1068/2901 1069/1899
f 731/1901 1268/2902 1005/1902
f 628/1904 1173/2903 1170/1905
f 732/1907 1269/2904 1268/1908
f 629/1910 1172/2905 1173/1911
f 835/1913 1347/2906 1346/1914
f 733/1916 1004/2907 1269/1917
f 834/1919 1346/2908 1348/1920
f 939/1922 1450/2909 1451/1923
f 836/1925 1349/2910 1347/1926
f 527/1928 1071/2911 1070/1929
f 938/1931 1451/2912 1452/1932
f 837/1934 1348/2913 1349/1935
f 526/1937 1070/2914 1072/1938
f 940/1940 1453/2915 1450/1941
f 631/1943 1174/2916 1175/1944
f 528/1946 1073/2917 1071/1947
f 941/1949 1452/2918 1453/1950
f 630/1952 1175/2919 1176/1953
f 529/1955 1072/2920 1073/1956
f 735/1958 1270/2921 995/1959
f 632/1961 1177/2922 1174/1962
f 758/1964 983/2923 982/1965
f 736/1967 1271/2924 1270/1968
f 633/1970 1176/2925 1177/1971
f 754/1973 985/2926 984/1974
f 839/1976 1351/2927 1350/1977
f 737/1979 994/2928 1271/1980
f 750/1982 987/2929 986/1983
f 838/1985 1350/2930 1352/1986
f 943/1988 1454/2931 1455/1989
f 762/1991 989/2932 988/1992
f 840/1994 1353/2933 1351/1995
f 531/1997 1075/2934 1074/1998
f 942/2000 1455/2935 1456/2001
f 841/2003 1352/2936 1353/2004
f 530/2006 1074/2937 1076/2007
f 944/2009 1457/2938 1454/2010
f 635/2012 1179/2939 1178/2013
f 532/2015 1077/2940 1075/2016
f 945/2018 1456/2941 1457/2019
f 634/2021 1178/2942 1180/2022
f 533/2024 1076/2943 1077/2025
f 739/2027 1272/2944 993/2028
f 636/2030 1181/2945 1179/2031
f 740/2033 1273/2946 1272/2034
f 637/2036 1180/2947 1181/2037
f 843/2039 1355/2948 1354/2040
f 741/2042 992/2949 1273/2043
f 842/2045 1354/2950 1356/2046
f 947/2048 1458/2951 1459/2049
f 843/2051 844/2952 1357/2052
f 535/2054 1079/2953 1078/2055
f 946/2057 1459/2954 1460/2058
f 845/2060 1356/2955 1357/2061
f 742/2063 991/2956 990/2064
f 534/2066 1078/2957 1080/2067
f 948/2069 1461/2958 1458/2070
f 738/2072 993/2959 992/2073
f 639/2075 1183/2960 1182/2076
f 536/2078 1081/2961 1079/2079
f 949/2081 1460/2962 1461/2082
f 734/2084 995/2963 994/2085
f 638/2087 1182/2964 1184/2088
f 537/2090 1080/2965 1081/2091
f 746/2093 997/2966 996/2094
f 743/2096 1274/2967 991/2097
f 640/2099 1185/2968 1183/2100
f 743/2102 744/2969 1275/2103
f 641/2105 1184/2970 1185/2106
f 847/2108 1359/2971 1358/2109
f 745/2111 990/2972 1275/2112
f 846/2114 1358/2973 1360/2115
f 951/2117 1462/2974 1463/2118
f 848/2120 1361/2975 1359/2121
f 539/2123 1083/2976 1082/2124
f 950/2126 1463/2977 1464/2127
f 849/2129 1360/2978 1361/2130
f 538/2132 1082/2979 1084/2133
f 952/2135 1465/2980 1462/2136
f 643/2138 1187/2981 1186/2139
f 540/2141 1085/2982 1083/2142
f 953/2144 1464/2983 1465/2145
f 642/2147 1186/2984 1188/2148
f 541/2150 1084/2985 1085/2151
f 747/2153 1276/2986 997/2154
f 643/2156 644/2987 1189/2157
f 726/2159 999/2988 998/2160
f 748/2162 1277/2989 1276/2163
f 645/2165 1188/2990 1189/2166
f 722/2168 1001/2991 1000/2169
f 851/2171 1362/2992 1363/2172
f 749/2174 996/2993 1277/2175
f 718/2177 1003/2994 1002/2178
f 850/2180 1363/2995 1364/2181
f 955/2183 1466/2996 1467/2184
f 730/2186 1005/2997 1004/2187
f 852/2189 1365/2998 1362/2190
f 543/2192 1086/2999 1087/2193
f 954/2195 1467/3000 1468/2196
f 853/2198 1364/3001 1365/2199
f 542/2201 1087/3002 1088/2202
f 956/2204 1469/3003 1466/2205
f 647/2207 1191/3004 1190/2208
f 544/2210 1089/3005 1086/2211
f 957/2213 1468/3006 1469/2214
f 646/2216 1190/3007 1192/2217
f 545/2219 1088/3008 1089/2220
f 751/2222 1278/3009 987/2223
f 648/2225 1193/3010 1191/2226
f 752/2228 1279/3011 1278/2229
f 649/2231 1192/3012 1193/2232
f 855/2234 1367/3013 1366/2235
f 753/2237 986/3014 1279/2238
f 854/2240 1366/3015 1368/2241
f 959/2243 1470/3016 1471/2244
f 855/2246 856/3017 1369/2247
f 547/2249 1090/3018 1091/2250
f 958/2252 1471/3019 1472/2253
f 857/2255 1368/3020 1369/2256
f 546/2258 1091/3021 1092/2259
f 959/2261 960/3022 1473/2262
f 651/2264 1195/3023 1194/2265
f 548/2267 1093/3024 1090/2268
f 961/2270 1472/3025 1473/2271
f 650/2273 1194/3026 1196/2274
f 549/2276 1092/3027 1093/2277
f 755/2279 1280/3028 985/2280
f 652/2282 1197/3029 1195/2283
f 756/2285 1281/3030 1280/2286
f 653/2288 1196/3031 1197/2289
f 859/2291 1371/3032 1370/2292
f 757/2294 984/3033 1281/2295
f 858/2297 1370/3034 1372/2298
f 963/2300 1474/3035 1475/2301
f 860/2303 1373/3036 1371/2304
f 551/2306 1094/3037 1095/2307
f 962/2309 1475/3038 1476/2310
f 861/2312 1372/3039 1373/2313
f 550/2315 1095/3040 1096/2316
f 964/2318 1477/3041 1474/2319
f 655/2321 1199/3042 1198/2322
f 552/2324 1097/3043 1094/2325
f 965/2327 1476/3044 1477/2328
f 654/2330 1198/3045 1200/2331
f 553/2333 1096/3046 1097/2334
f 759/2336 1282/3047 983/2337
f 656/2339 1201/3048 1199/2340
f 759/2342 760/3049 1283/2343
f 657/2345 1200/3050 1201/2346
f 863/2348 1375/3051 1374/2349
f 761/2351 982/3052 1283/2352
f 862/2354 1374/3053 1376/2355
f 967/2357 1478/3054 1479/2358
f 864/2360 1377/3055 1375/2361
f 555/2363 1098/3056 1099/2364
f 966/2366 1479/3057 1480/2367
f 865/2369 1376/3058 1377/2370
f 554/2372 1099/3059 1100/2373
f 967/2375 968/3060 1481/2376
f 659/2378 1203/3061 1202/2379
f 556/2381 1101/3062 1098/2382
f 969/2384 1480/3063 1481/2385
f 658/2387 1202/3064 1204/2388
f 557/2390 1100/3065 1101/2391
f 763/2393 1284/3066 989/2394
f 660/2396 1205/3067 1203/2397
f 764/2399 1285/3068 1284/2400
f 661/2402 1204/3069 1205/2403
f 867/2405 1378/3070 1379/2406
f 765/2408 988/3071 1285/2409
f 866/2411 1379/3072 1380/2412
f 971/2414 1483/3073 1482/2415
f 868/2417 1381/3074 1378/2418
f 559/2420 1102/3075 1103/2421
f 970/2423 1482/3076 1484/2424
f 869/2426 1380/3077 1381/2427
f 558/2429 1103/3078 1104/2430
f 972/2432 1485/3079 1483/2433
f 663/2435 1207/3080 1206/2436
f 560/2438 1105/3081 1102/2439
f 973/2441 1484/3082 1485/2442
f 662/2444 1206/3083 1208/2445
f 561/2447 1104/3084 1105/2448
f 767/2450 1286/3085 979/2451
f 664/2453 1209/3086 1207/2454
f 768/2456 1287/3087 1286/2457
f 665/2459 1208/3088 1209/2460
f 871/2462 1383/3089 1382/2463
f 769/2465 978/3090 1287/2466
f 870/2468 1382/3091 1384/2469
f 871/2471 872/3092 1385/2472
f 563/2474 1106/3093 1107/2475
f 873/2477 1384/3094 1385/2478
f 562/2480 1107/3095 1108/2481
f 667/2483 1211/3096 1210/2484
f 564/2486 1109/3097 1106/2487
f 666/2489 1210/3098 1212/2490
f 565/2492 1108/3099 1109/2493
f 771/2495 1288/3100 977/2496
f 668/2498 1213/3101 1211/2499
f 772/2501 1289/3102 1288/2502
f 669/2504 1212/3103 1213/2505
f 875/2507 1387/3104 1386/2508
f 773/2510 976/3105 1289/2511
f 463/2513 1007/3106 1006/2514
f 874/2516 1386/3107 1388/2517
f 462/2519 1006/3108 1008/2520
f 876/2522 1389/3109 1387/2523
f 567/2525 1110/3110 1111/2526
f 464/2528 1009/3111 1007/2529
f 877/2531 1388/3112 1389/2532
f 566/2534 1111/3113 1112/2535
f 465/2537 1008/3114 1009/2538
f 671/2540 1214/3115 1215/2541
f 568/2543 1113/3116 1110/2544
f 670/2546 1215/3117 1216/2547
f 569/2549 1112/3118 1113/2550
f 775/2552 1290/3119 975/2553
f 672/2555 1217/3120 1214/2556
f 775/2558 776/3121 1291/2559
f 673/2561 1216/3122 1217/2562
f 879/2564 1391/3123 1390/2565
f 777/2567 974/3124 1291/2568
f 467/2570 1011/3125 1010/2571
f 878/2573 1390/3126 1392/2574
f 466/2576 1010/3127 1012/2577
f 880/2579 1393/3128 1391/2580
f 571/2582 1115/3129 1114/2583
f 468/2585 1013/3130 1011/2586
f 881/2588 1392/3131 1393/2589
f 570/2591 1114/3132 1116/2592
f 469/2594 1012/3133 1013/2595
f 675/2597 1218/3134 1219/2598
f 572/2600 1117/3135 1115/2601
f 674/2603 1219/3136 1220/2604
f 573/2606 1116/3137 1117/2607
f 779/2609 1292/3138 981/2610
f 676/2612 1221/3139 1218/2613
f 780/2615 1293/3140 1292/2616
f 677/2618 1220/3141 1221/2619
f 883/2621 1394/3142 1395/2622
f 781/2624 980/3143 1293/2625
f 471/2627 1015/3144 1014/2628
f 882/2630 1395/3145 1396/2631
f 1007/3146 1008/3147 1006/3148
f 1011/3149 1012/3150 1010/3151
f 1015/3152 1016/3153 1014/3154
f 1018/3155 1021/3156 1020/3157
f 1023/3158 1024/3159 1022/3160
f 1026/3161 1029/3162 1028/3163
f 1031/3164 1032/3165 1030/3166
f 1035/3167 1036/3168 1034/3169
f 1038/3170 1040/3171 1039/3172
f 1043/3173 1045/3174 1044/3175
f 1046/3176 1048/3177 1047/3178
f 1051/3179 1052/3180 1050/3181
f 1054/3182 1057/3183 1056/3184
f 1058/3185 1061/3186 1060/3187
f 1063/3188 1064/3189 1062/3190
f 1067/3191 1068/3192 1066/3193
f 1071/3194 1072/3195 1070/3196
f 1075/3197 1076/3198 1074/3199
f 1079/3200 1080/3201 1078/3202
f 1082/3203 1085/3204 1084/3205
f 1086/3206 1088/3207 1087/3208
f 1090/3209 1092/3210 1091/3211
f 1094/3212 1096/3213 1095/3214
f 1098/3215 1100/3216 1099/3217
f 1102/3218 1104/3219 1103/3220
f 1107/3221 1109/3222 1108/3223
f 1110/3224 1112/3225 1111/3226
f 1115/3227 1116/3228 1114/3229
f 1119/3230 1120/3231 1118/3232
f 1123/3233 1124/3234 1122/3235
f 1127/3236 1128/3237 1126/3238
f 1130/3239 1133/3240 1132/3241
f 1135/3242 1136/3243 1134/3244
f 1139/3245 1140/3246 1138/3247
f 1143/3248 1144/3249 1142/3250
f 1146/3251 1149/3252 1148/3253
f 1150/3254 1152/3255 1151/3256
f 1154/3257 1156/3258 1155/3259
f 1159/3260 1161/3261 1160/3262
f 1163/3263 1165/3264 1164/3265
f 1166/3266 1168/3267 1167/3268
f 1171/3269 1173/3270 1172/3271
f 1174/3272 1176/3273 1175/3274
f 1179/3275 1180/3276 1178/3277
f 1183/3278 1184/3279 1182/3280
f 1187/3281 1188/3282 1186/3283
f 1191/3284 1192/3285 1190/3286
f 1194/3287 1197/3288 1196/3289
f 1199/3290 1200/3291 1198/3292
f 1203/3293 1204/3294 1202/3295
f 1207/3296 1208/3297 1206/3298
f 1210/3299 1213/3300 1212/3301
f 1214/3302 1216/3303 1215/3304
f 1218/3305 1220/3306 1219/3307
f 1223/3308 1225/3309 1224/3310
f 1227/3311 1229/3312 1228/3313
f 1230/3314 1232/3315 1231/3316
f 1235/3317 1237/3318 1236/3319
f 1239/3320 1241/3321 1240/3322
f 1242/3323 1245/3324 1244/3325
f 1247/3326 1248/3327 1246/3328
f 1251/3329 1252/3330 1250/3331
f 1255/3332 1256/3333 1254/3334
f 1258/3335 1261/3336 1260/3337
f 1003/3338 1263/3339 1002/3340
f 1264/3341 1000/3342 1001/3343
f 1266/3344 998/3345 999/3346
f 1268/3347 1004/3348 1005/3349
f 995/3350 1271/3351 994/3352
f 1272/3353 992/3354 993/3355
f 1274/3356 990/3357 991/3358
f 1276/3359 996/3360 997/3361
f 987/3362 1279/3363 986/3364
f 1280/3365 984/3366 985/3367
f 1282/3368 982/3369 983/3370
f 1284/3371 988/3372 989/3373
f 1286/3374 978/3375 979/3376
f 1288/3377 976/3378 977/3379
f 975/3380 1291/3381 974/3382
f 1292/3383 980/3384 981/3385
f 1295/3386 1296/3387 1294/3388
f 1298/3389 1300/3390 1299/3391
f 1303/3392 1304/3393 1302/3394
f 1306/3395 1309/3396 1308/3397
f 1311/3398 1312/3399 1310/3400
f 1314/3401 1316/3402 1315/3403
f 1319/3404 1320/3405 1318/3406
f 1322/3407 1325/1575 1324/2793
f 1327/3408 1328/3409 1326/3410
f 1330/3411 1332/3412 1331/3413
f 1335/3414 1336/3415 1334/3416
f 1338/3417 1341/3418 1340/3419
f 1342/3420 1345/3421 1344/3422
f 1346/3423 1349/3424 1348/3425
f 1351/3426 1352/3427 1350/3428
f 1355/3429 1356/3430 1354/3431
f 1359/3432 1360/3433 1358/3434
f 1362/3435 1364/3436 1363/3437
f 1367/3438 1368/3439 1366/3440
f 1371/3441 1372/3442 1370/3443
f 1375/3444 1376/3445 1374/3446
f 1378/3447 1380/3448 1379/3449
f 1383/3450 1384/3451 1382/3452
f 1387/3453 1388/3454 1386/3455
f 1391/3456 1392/3457 1390/3458
f 1394/3459 1396/3460 1395/3461
f 1399/3462 1400/3463 1398/3464
f 1403/3465 1404/3466 1402/3467
f 1407/3468 1408/3469 1406/3470
f 1411/3471 1412/3472 1410/3473
f 1414/3474 1417/3475 1416/3476
f 1419/3477 1420/3478 1418/3479
f 1423/3480 1425/3481 1424/3482
f 1427/3483 1429/3484 1428/3485
f 1430/3486 1432/3487 1431/3488
f 1434/3489 1436/3490 1435/3491
f 1438/3492 1440/3493 1439/3494
f 1443/3495 1445/3496 1444/3497
f 1446/3498 1448/3499 1447/3500
f 1450/3501 1452/3502 1451/3503
f 1454/3504 1456/3505 1455/3506
f 1459/3507 1461/3508 1460/3509
f 1462/3510 1464/3511 1463/3512
f 1466/3513 1468/3514 1467/3515
f 1470/3516 1472/3517 1471/3518
f 1475/3519 1477/3520 1476/3521
f 1478/3522 1480/3523 1479/3524
f 1483/3525 1484/3526 1482/3527
f 1007/3146 1009/3528 1008/3147
f 1011/3149 1013/3529 1012/3150
f 1015/3152 1017/3530 1016/3153
f 1018/3155 1019/3531 1021/3156
f 1023/3158 1025/3532 1024/3159
f 1026/3161 1027/3533 1029/3162
f 1031/3164 1033/3534 1032/3165
f 1035/3167 1037/3535 1036/3168
f 1038/3170 1041/3536 1040/3171
f 1043/3173 1042/3537 1045/3174
f 1046/3176 1049/3538 1048/3177
f 1051/3179 1053/3539 1052/3180
f 1054/3182 1055/3540 1057/3183
f 1058/3185 1059/3541 1061/3186
f 1063/3188 1065/3542 1064/3189
f 1067/3191 1069/3543 1068/3192
f 1071/3194 1073/3544 1072/3195
f 1075/3197 1077/3545 1076/3198
f 1079/3200 1081/3546 1080/3201
f 1082/3203 1083/3547 1085/3204
f 1086/3206 1089/3548 1088/3207
f 1090/3209 1093/3549 1092/3210
f 1094/3212 1097/3550 1096/3213
f 1098/3215 1101/3551 1100/3216
f 1102/3218 1105/3552 1104/3219
f 1107/3221 1106/3553 1109/3222
f 1110/3224 1113/3554 1112/3225
f 1115/3227 1117/3555 1116/3228
f 1119/3230 1121/3556 1120/3231
f 1123/3233 1125/3557 1124/3234
f 1127/3236 1129/3558 1128/3237
f 1130/3239 1131/3559 1133/3240
f 1135/3242 1137/3560 1136/3243
f 1139/3245 1141/3561 1140/3246
f 1143/3248 1145/3562 1144/3249
f 1146/3251 1147/3563 1149/3252
f 1150/3254 1153/3564 1152/3255
f 1154/3257 1157/3565 1156/3258
f 1159/3260 1158/3566 1161/3261
f 1163/3263 1162/3567 1165/3264
f 1166/3266 1169/3568 1168/3267
f 1171/3269 1170/3569 1173/3270
f 1174/3272 1177/3570 1176/3273
f 1179/3275 1181/3571 1180/3276
f 1183/3278 1185/3572 1184/3279
f 1187/3281 1189/3573 1188/3282
f 1191/3284 1193/3574 1192/3285
f 1194/3287 1195/3575 1197/3288
f 1199/3290 1201/3576 1200/3291
f 1203/3293 1205/3577 1204/3294
f 1207/3296 1209/3578 1208/3297
f 1210/3299 1211/3579 1213/3300
f 1214/3302 1217/3580 1216/3303
f 1218/3305 1221/3581 1220/3306
f 1223/3308 1222/3582 1225/3309
f 1227/3311 1226/3583 1229/3312
f 1230/3314 1233/3584 1232/3315
f 1235/3317 1234/3585 1237/3318
f 1239/3320 1238/3586 1241/3321
f 1242/3323 1243/3587 1245/3324
f 1247/3326 1249/3588 1248/3327
f 1251/3329 1253/3589 1252/3330
f 1255/3332 1257/3590 1256/3333
f 1258/3335 1259/3591 1261/3336
f 1003/3338 1262/3592 1263/3339
f 1264/3341 1265/3593 1000/3342
f 1266/3344 1267/3594 998/3345
f 1268/3347 1269/3595 1004/3348
f 995/3350 1270/3596 1271/3351
f 1272/3353 1273/3597 992/3354
f 1274/3356 1275/3598 990/3357
f 1276/3359 1277/3599 996/3360
f 987/3362 1278/3600 1279/3363
f 1280/3365 1281/3601 984/3366
f 1282/3368 1283/3602 982/3369
f 1284/3371 1285/3603 988/3372
f 1286/3374 1287/3604 978/3375
f 1288/3377 1289/3605 976/3378
f 975/3380 1290/3606 1291/3381
f 1292/3383 1293/3607 980/3384
f 1295/3386 1297/3608 1296/3387
f 1298/3389 1301/3609 1300/3390
f 1303/3392 1305/3610 1304/3393
f 1306/3395 1307/3611 1309/3396
f 1311/3398 1313/3612 1312/3399
f 1314/3401 1317/3613 1316/3402
f 1319/3404 1321/3614 1320/3405
f 1322/3407 1323/3615 1325/1575
f 1327/3408 1329/3616 1328/3409
f 1330/3411 1333/3617 1332/3412
f 1335/3414 1337/3618 1336/3415
f 1338/3417 1339/3619 1341/3418
f 1342/3420 1343/3620 1345/3421
f 1346/3423 1347/3621 1349/3424
f 1351/3426 1353/3622 1352/3427
f 1355/3429 1357/3623 1356/3430
f 1359/3432 1361/3624 1360/3433
f 1362/3435 1365/3625 1364/3436
f 1367/3438 1369/3626 1368/3439
f 1371/3441 1373/3627 1372/3442
f 1375/3444 1377/3628 1376/3445
f 1378/3447 1381/3629 1380/3448
f 1383/3450 1385/3630 1384/3451
f 1387/3453 1389/3631 1388/3454
f 1391/3456 1393/3632 1392/3457
f 1394/3459 1397/3633 1396/3460
f 1399/3462 1401/3634 1400/3463
f 1403/3465 1405/3635 1404/3466
f 1407/3468 1409/3636 1408/3469
f 1411/3471 1413/3637 1412/3472
f 1414/3474 1415/3638 1417/3475
f 1419/3477 1421/3639 1420/3478
f 1423/3480 1422/3640 1425/3481
f 1427/3483 1426/3641 1429/3484
f 1430/3486 1433/3642 1432/3487
f 1434/3489 1437/3643 1436/3490
f 1438/3492 1441/3644 1440/3493
f 1443/3495 1442/3645 1445/3496
f 1446/3498 1449/3646 1448/3499
f 1450/3501 1453/3647 1452/3502
f 1454/3504 1457/3648 1456/3505
f 1459/3507 1458/3649 1461/3508
f 1462/3510 1465/3650 1464/3511
f 1466/3513 1469/3651 1468/3514
f 1470/3516 1473/3652 1472/3517
f 1475/3519 1474/3653 1477/3520
f 1478/3522 1481/3654 1480/3523
f 1483/3525 1485/3655 1484/3526
