# Blender v3.1.2 OBJ File: 'HeavenRush.blend'
# www.blender.org
o HangingGardens_Sphere
v -0.215671 6.651396 0.057789
v -0.781700 6.338174 0.209456
v -0.919182 6.164742 0.246294
v -1.021340 5.966876 0.273667
v -1.084249 5.752177 0.290524
v -1.105491 5.528899 0.296215
v -0.215671 6.651396 -0.057789
v -0.423053 6.586268 -0.113357
v -0.614178 6.480506 -0.164568
v -0.781700 6.338174 -0.209456
v -0.919182 6.164742 -0.246294
v -1.021340 5.966876 -0.273667
v -1.084249 5.752177 -0.290524
v -1.105491 5.528899 -0.296215
v -0.157882 6.651396 -0.157882
v -0.309696 6.586268 -0.309696
v -0.449609 6.480506 -0.449609
v -0.572244 6.338174 -0.572244
v -0.672888 6.164742 -0.672888
v -0.747673 5.966876 -0.747673
v -0.793725 5.752177 -0.793725
v -0.809276 5.528899 -0.809275
v -0.057789 6.651396 -0.215671
v -0.113357 6.586268 -0.423053
v -0.164568 6.480506 -0.614178
v -0.209456 6.338174 -0.781700
v -0.246294 6.164742 -0.919182
v -0.273667 5.966876 -1.021340
v -0.290524 5.752177 -1.084249
v -0.296215 5.528899 -1.105491
v 0.057789 6.651396 -0.215671
v 0.113357 6.586268 -0.423053
v 0.164568 6.480506 -0.614178
v 0.209456 6.338174 -0.781700
v 0.246294 6.164742 -0.919182
v 0.273667 5.966876 -1.021340
v 0.290524 5.752177 -1.084249
v 0.296215 5.528899 -1.105491
v 0.157882 6.651396 -0.157882
v 0.309696 6.586268 -0.309696
v 0.449609 6.480506 -0.449609
v 0.572244 6.338174 -0.572244
v 0.672888 6.164742 -0.672888
v 0.747673 5.966876 -0.747673
v 0.793725 5.752177 -0.793726
v 0.809276 5.528899 -0.809276
v 0.215671 6.651396 -0.057789
v 0.423053 6.586268 -0.113357
v 0.614178 6.480506 -0.164569
v 0.781700 6.338174 -0.209456
v 0.919182 6.164742 -0.246294
v 1.021340 5.966876 -0.273667
v 1.084249 5.752177 -0.290524
v 1.105491 5.528899 -0.296215
v 0.215671 6.651396 0.057789
v 0.423053 6.586268 0.113357
v 0.614178 6.480506 0.164568
v 0.781700 6.338174 0.209456
v 0.919182 6.164742 0.246294
v 1.021340 5.966876 0.273667
v 1.084249 5.752177 0.290524
v 1.105491 5.528899 0.296215
v 0.157882 6.651396 0.157882
v 0.309696 6.586268 0.309696
v 0.449609 6.480506 0.449609
v 0.572244 6.338174 0.572244
v 0.672888 6.164742 0.672888
v 0.747673 5.966876 0.747673
v 0.793726 5.752177 0.793725
v 0.809275 5.528899 0.809275
v 0.057789 6.651396 0.215671
v 0.113357 6.586268 0.423053
v 0.164569 6.480506 0.614178
v 0.209456 6.338174 0.781700
v 0.246294 6.164742 0.919182
v 0.273667 5.966876 1.021340
v 0.290524 5.752177 1.084249
v 0.296215 5.528899 1.105491
v -0.057789 6.651396 0.215671
v -0.113357 6.586268 0.423053
v -0.164568 6.480506 0.614178
v -0.209456 6.338174 0.781700
v -0.246294 6.164742 0.919182
v -0.273667 5.966876 1.021340
v -0.290524 5.752177 1.084249
v -0.296215 5.528899 1.105491
v -0.157882 6.651396 0.157882
v -0.309696 6.586268 0.309696
v -0.449609 6.480506 0.449609
v -0.572244 6.338174 0.572244
v -0.672888 6.164742 0.672888
v -0.747673 5.966876 0.747673
v -0.793725 5.752177 0.793725
v -0.809275 5.528899 0.809275
v -0.423053 6.586268 0.113357
v -0.614178 6.480506 0.164568
v -1.015248 5.037630 0.272035
v -1.015248 5.037630 -0.272035
v -0.743213 5.037630 -0.743213
v -0.272035 5.037630 -1.015248
v 0.272035 5.037630 -1.015248
v 0.743213 5.037630 -0.743213
v 1.015248 5.037630 -0.272035
v 1.015248 5.037630 0.272035
v 0.743213 5.037630 0.743213
v 0.272035 5.037630 1.015248
v -0.272035 5.037630 1.015248
v -0.743213 5.037630 0.743213
v 0.926561 5.343805 0.248271
v 0.926561 5.252653 0.248271
v -0.248271 5.343805 0.926561
v -0.248271 5.252653 0.926561
v -0.678290 5.343805 -0.678290
v -0.678290 5.252653 -0.678290
v 0.678290 5.343805 -0.678290
v 0.678290 5.252653 -0.678290
v 0.678290 5.343805 0.678290
v 0.678290 5.252653 0.678290
v -0.248271 5.343805 -0.926561
v -0.248271 5.252653 -0.926561
v -0.678290 5.343805 0.678290
v -0.678290 5.252653 0.678290
v -0.926561 5.343805 0.248271
v -0.926561 5.252653 0.248271
v -0.926561 5.252654 -0.248271
v 0.248271 5.252654 0.926561
v 0.248271 5.252654 -0.926561
v 0.926561 5.252654 -0.248271
v 0.926561 5.343805 -0.248271
v 0.248271 5.343805 0.926561
v -0.926561 5.343805 -0.248271
v 0.248271 5.343805 -0.926561
v 0.000000 5.037631 -0.000000
v -0.806503 5.037630 -0.216102
v -0.806503 5.037630 0.216102
v -0.590401 5.037630 -0.590401
v -0.216102 5.037630 -0.806503
v 0.590401 5.037630 -0.590401
v 0.216102 5.037630 -0.806503
v 0.806503 5.037630 0.216102
v 0.806503 5.037630 -0.216102
v 0.216102 5.037630 0.806503
v 0.590401 5.037630 0.590401
v -0.590401 5.037630 0.590401
v -0.216102 5.037630 0.806503
v 0.989044 5.252654 -0.265014
v 1.015248 5.226449 -0.272035
v 1.015248 5.226449 0.272035
v 0.989044 5.252653 0.265013
v 0.265014 5.252654 0.989044
v 0.272035 5.226449 1.015248
v -0.272035 5.226449 1.015248
v -0.265013 5.252653 0.989044
v -0.989044 5.252654 -0.265013
v -1.015248 5.226449 -0.272035
v -0.743213 5.226449 -0.743213
v -0.724030 5.252653 -0.724030
v 0.265014 5.252654 -0.989044
v 0.272035 5.226449 -1.015248
v 0.743213 5.226449 -0.743213
v 0.724030 5.252653 -0.724030
v 0.743213 5.226449 0.743213
v 0.724030 5.252653 0.724030
v -0.272035 5.226449 -1.015248
v -0.265013 5.252653 -0.989044
v -0.743213 5.226449 0.743213
v -0.724030 5.252653 0.724030
v -1.015248 5.226449 0.272035
v -0.989044 5.252653 0.265014
v 1.079378 5.356629 -0.289219
v 1.105491 5.385025 -0.296215
v 0.289219 5.356629 1.079378
v 0.296215 5.385025 1.105491
v -1.079378 5.356629 -0.289219
v -1.105491 5.385025 -0.296215
v 0.289219 5.356629 -1.079378
v 0.296215 5.385025 -1.105491
v 1.105491 5.385025 0.296215
v 1.079378 5.356629 0.289219
v -0.296215 5.385025 1.105491
v -0.289219 5.356629 1.079378
v -0.809276 5.385025 -0.809275
v -0.790160 5.356629 -0.790160
v 0.809276 5.385025 -0.809276
v 0.790160 5.356629 -0.790160
v 0.809275 5.385025 0.809275
v 0.790160 5.356629 0.790160
v -0.296215 5.385025 -1.105491
v -0.289219 5.356629 -1.079378
v -0.809275 5.385025 0.809275
v -0.790160 5.356629 0.790160
v -1.105491 5.385025 0.296215
v -1.079378 5.356629 0.289219
v -0.861945 5.037630 0.199764
v -0.836633 5.037630 0.166778
v -0.815844 5.037630 0.208934
v -0.836633 5.037630 -0.166778
v -0.861945 5.037630 -0.199764
v -0.815844 5.037630 -0.208934
v -0.603973 5.037630 -0.646584
v -0.562751 5.037630 -0.641157
v -0.588865 5.037630 -0.602075
v -0.273883 5.037630 -0.807935
v -0.257971 5.037630 -0.846348
v -0.226980 5.037630 -0.811009
v 0.257971 5.037630 -0.846348
v 0.273883 5.037630 -0.807935
v 0.226980 5.037630 -0.811009
v 0.562751 5.037630 -0.641157
v 0.603974 5.037630 -0.646584
v 0.588865 5.037630 -0.602075
v 0.861945 5.037630 -0.199764
v 0.836633 5.037630 -0.166778
v 0.815844 5.037630 -0.208934
v 0.836633 5.037630 0.166778
v 0.861945 5.037630 0.199764
v 0.815844 5.037630 0.208934
v 0.603973 5.037630 0.646584
v 0.562751 5.037630 0.641157
v 0.588865 5.037630 0.602075
v 0.273883 5.037630 0.807935
v 0.257971 5.037630 0.846348
v 0.226980 5.037630 0.811009
v -0.257971 5.037630 0.846348
v -0.273883 5.037630 0.807935
v -0.226980 5.037630 0.811009
v -0.562751 5.037630 0.641157
v -0.603973 5.037630 0.646584
v -0.588865 5.037630 0.602074
v -0.959807 5.037630 -0.225986
v -0.985118 5.037630 -0.206564
v -1.001070 5.037630 -0.253558
v -0.985118 5.037630 0.206564
v -0.959807 5.037630 0.225986
v -1.001070 5.037630 0.253558
v -0.671449 5.037630 -0.749855
v -0.675613 5.037630 -0.718224
v -0.720123 5.037630 -0.740173
v -0.284193 5.037630 -0.944210
v -0.313669 5.037630 -0.956419
v -0.280948 5.037630 -0.993731
v 0.313669 5.037630 -0.956419
v 0.284193 5.037630 -0.944210
v 0.280948 5.037630 -0.993731
v 0.675613 5.037630 -0.718224
v 0.671449 5.037630 -0.749855
v 0.720123 5.037630 -0.740173
v 0.985118 5.037630 -0.206564
v 0.959807 5.037630 -0.225986
v 1.001070 5.037630 -0.253558
v 0.959807 5.037630 0.225986
v 0.985118 5.037630 0.206564
v 1.001070 5.037630 0.253558
v 0.671449 5.037630 0.749855
v 0.675613 5.037630 0.718224
v 0.720123 5.037630 0.740173
v 0.284193 5.037630 0.944210
v 0.313669 5.037630 0.956419
v 0.280948 5.037630 0.993731
v -0.313669 5.037630 0.956419
v -0.284193 5.037630 0.944210
v -0.280948 5.037630 0.993731
v -0.675613 5.037630 0.718224
v -0.671449 5.037630 0.749855
v -0.720123 5.037630 0.740173
v -1.015248 5.037630 -0.272035
v -0.989044 5.037630 -0.265014
v -0.989044 5.037630 0.265014
v -1.015248 5.037630 0.272035
v -0.743213 5.037630 -0.743213
v -0.724030 5.037630 -0.724030
v -0.272035 5.037630 -1.015248
v -0.265014 5.037630 -0.989044
v 0.743213 5.037630 -0.743213
v 0.724030 5.037630 -0.724030
v 0.272035 5.037630 -1.015248
v 0.265014 5.037630 -0.989044
v 1.015248 5.037630 0.272035
v 0.989044 5.037630 0.265014
v 1.015248 5.037630 -0.272035
v 0.989044 5.037630 -0.265014
v 0.272035 5.037630 1.015248
v 0.265014 5.037630 0.989044
v 0.743213 5.037630 0.743213
v 0.724030 5.037630 0.724030
v -0.743213 5.037630 0.743213
v -0.724030 5.037630 0.724030
v -0.272035 5.037630 1.015248
v -0.265014 5.037630 0.989044
v -0.985118 3.531648 -0.206564
v -0.959807 3.531648 -0.225986
v -0.959807 3.531648 0.225986
v -0.985118 3.531648 0.206564
v -0.675613 3.531648 -0.718224
v -0.671449 3.531648 -0.749855
v -0.313669 3.531648 -0.956419
v -0.284193 3.531648 -0.944210
v 0.671449 3.531648 -0.749855
v 0.675613 3.531648 -0.718224
v 0.284193 3.531648 -0.944210
v 0.313669 3.531648 -0.956419
v 0.985118 3.531648 0.206564
v 0.959807 3.531648 0.225986
v 0.959807 3.531648 -0.225986
v 0.985118 3.531648 -0.206564
v 0.313669 3.531648 0.956419
v 0.284193 3.531648 0.944210
v 0.675613 3.531648 0.718224
v 0.671449 3.531648 0.749855
v -0.671449 3.531648 0.749855
v -0.675613 3.531648 0.718224
v -0.284193 3.531648 0.944210
v -0.313669 3.531648 0.956419
v -0.861945 3.531648 -0.199764
v -0.836633 3.531648 -0.166778
v -0.836633 3.531648 0.166778
v -0.861945 3.531648 0.199764
v -0.562751 3.531648 -0.641157
v -0.603973 3.531648 -0.646584
v -0.257971 3.531648 -0.846348
v -0.273883 3.531648 -0.807935
v 0.603974 3.531648 -0.646584
v 0.562751 3.531648 -0.641157
v 0.273883 3.531648 -0.807935
v 0.257971 3.531648 -0.846348
v 0.861945 3.531648 0.199764
v 0.836633 3.531648 0.166778
v 0.836633 3.531648 -0.166778
v 0.861945 3.531648 -0.199764
v 0.257971 3.531648 0.846348
v 0.273883 3.531648 0.807935
v 0.562751 3.531648 0.641157
v 0.603973 3.531648 0.646584
v -0.603973 3.531648 0.646584
v -0.562751 3.531648 0.641157
v -0.273883 3.531648 0.807935
v -0.257971 3.531648 0.846348
v 4.000008 0.200447 -0.000526
v 1.530644 0.200017 3.695537
v 0.554372 0.375172 3.290979
v 1.171424 0.302635 -1.462018
v -3.923141 0.000001 -0.780361
v -4.000013 0.199060 -0.000306
v -4.000000 0.000001 0.000000
v -3.923025 0.200347 -0.781052
v -3.695608 0.199670 -1.530428
v -2.828427 0.000001 -2.828427
v -3.325888 0.200305 -2.222266
v -2.827621 0.199123 -2.829236
v -1.531120 0.200674 -3.695305
v -0.780927 0.202236 -3.922978
v 0.000001 0.000001 -4.000000
v 0.182267 0.200859 -3.982019
v -0.004485 0.193975 -3.999555
v 0.780360 0.000001 -3.923141
v 1.530202 0.201136 -3.695657
v 0.779152 0.199659 -3.923268
v 3.326110 0.200162 -2.221925
v 3.923141 0.000001 -0.780361
v 3.695837 0.201055 -1.529724
v 3.977688 0.202318 -0.224980
v 4.000000 0.000001 0.000000
v 3.987168 0.196536 0.129905
v 3.695518 0.000001 1.530733
v 3.924412 0.208049 0.770756
v 3.325878 0.000001 2.222281
v 3.238843 0.201403 2.328187
v 2.828423 0.199938 2.828431
v 2.222282 0.000001 3.325877
v 2.224047 0.200369 3.324435
v 0.000000 0.000001 4.000000
v -1.172138 0.200074 3.804287
v -0.784336 0.202150 3.922526
v -3.325878 0.000001 2.222281
v -3.695359 0.198371 1.530976
v -0.316881 0.156569 0.554665
v -3.825479 0.232325 -0.772915
v 0.092031 0.287435 1.909700
v 0.070827 0.033941 1.361391
v -3.325876 0.199678 2.222282
v -0.265332 0.624348 2.821557
v -1.917664 0.199760 3.488693
v -1.238960 0.274642 3.701433
v 0.781380 0.199025 3.922910
v -0.496557 0.476299 -1.392017
v 3.493076 0.279597 -1.617107
v 0.467166 0.210381 -3.922404
v -0.471667 0.285664 -3.925645
v 0.207150 0.383846 -1.927472
v 0.297662 0.591653 -1.356897
v 1.056652 0.370968 2.756368
v 0.916480 0.192350 -3.828434
v 0.462280 0.366073 2.483164
v 0.900616 0.213746 -2.128416
v 1.015399 -0.038918 -3.022097
v 1.335773 0.039418 -3.297338
v 1.533158 0.458831 3.334074
v 1.487800 0.179537 -2.102707
v 1.327079 0.279397 1.865086
v 1.896051 0.262486 -2.167839
v 2.603072 0.238935 2.850953
v 2.222254 0.199853 -3.325892
v 2.145030 0.421167 1.674040
v 2.605636 0.551352 -2.154692
v 2.984437 0.217953 -0.821190
v 2.830064 0.199653 -2.826869
v 2.838241 0.579536 -2.212607
v 2.813422 0.248499 2.616114
v 3.325415 0.664452 1.516034
v 3.320649 0.433384 -1.765486
v 3.279676 0.443269 -1.533684
v 3.327414 0.198966 2.219542
v 3.363059 0.178257 -0.211103
v 3.696087 0.637548 0.780816
v 3.696763 0.612652 0.983262
v 3.714267 0.186766 -1.383644
v 3.922682 0.324468 0.023802
v 3.922617 0.197703 -0.782113
v -1.187834 0.143089 -2.036012
v -0.990626 0.308831 -3.723879
v -0.316034 0.647243 -0.781068
v -1.094069 0.507840 -0.629953
v -0.815400 0.260142 -3.854887
v -2.289034 0.182901 -3.160703
v -1.967748 0.566134 -1.580191
v -1.849334 0.246282 0.466938
v -1.265582 0.454802 2.300859
v -1.316651 0.233877 -0.036083
v -1.781640 0.398678 1.150479
v -1.530755 0.200207 3.695467
v -1.515239 0.226285 -3.593400
v -1.125238 0.456964 -1.375305
v -1.447042 0.573458 -1.038697
v -2.451086 0.132426 -2.833150
v -2.387026 0.634449 -1.342556
v -1.733310 0.277532 -0.109978
v -2.222304 0.200812 3.325852
v -2.263994 0.229805 2.336261
v -2.835114 0.134251 -2.231371
v -3.121588 0.614305 -0.758011
v -3.444485 0.219429 1.649838
v -3.286289 0.523965 0.885902
v -3.335206 0.654489 -0.200450
v -3.688859 0.479076 0.404338
v -3.722695 0.221164 -1.097175
v -3.921399 0.341787 0.008629
v -3.923177 0.199477 0.780144
v -3.695518 0.000001 -1.530733
v -3.325878 0.000001 -2.222281
v -2.222282 0.000001 -3.325877
v -1.530734 0.000001 -3.695518
v -0.780362 0.000001 -3.923140
v 1.530734 0.000001 -3.695518
v 2.222280 0.000001 -3.325878
v 2.828427 0.000001 -2.828427
v 3.325878 0.000001 -2.222281
v 3.000901 0.200142 -2.618210
v 3.695518 0.000001 -1.530734
v 3.923141 0.000001 0.780360
v 2.828427 0.000001 2.828427
v 1.530734 0.000001 3.695518
v 0.780362 0.000001 3.923140
v -0.780360 0.000001 3.923141
v -1.530734 0.000001 3.695518
v -2.222280 0.000001 3.325879
v -2.828427 0.000001 2.828427
v -3.695518 0.000001 1.530733
v -3.923141 0.000001 0.780360
v 0.235637 0.231855 -3.940450
v 3.923164 0.377249 0.232500
v 3.922827 0.353404 0.481580
v -0.451063 0.553127 -0.444473
v 3.701933 0.050945 -0.486820
v -0.854463 0.196503 0.810728
v -0.530551 0.138942 0.818473
v 3.616004 0.201788 1.679287
v 3.326110 0.355061 1.885192
v -0.563152 0.465704 1.837144
v -0.890664 0.525065 1.878688
v -0.193506 0.554283 2.463781
v -0.638091 0.614028 3.006758
v -0.313363 0.600131 3.200242
v -0.766914 0.518254 3.694792
v 0.197347 0.453662 3.207703
v 1.141090 0.276544 3.698756
v 1.101301 0.199646 3.825748
v -0.426847 0.517821 3.700150
v -0.638658 0.368412 3.823961
v -0.254299 0.486261 3.701478
v 0.398578 0.231372 3.917397
v 0.246818 0.266680 3.918030
v -0.389604 0.338192 3.925254
v -0.073581 0.383019 3.922956
v 0.002287 0.201193 3.999998
v 3.585675 0.215230 -1.475037
v 3.333490 0.135763 -1.046030
v 3.220342 0.313684 -2.209499
v 3.065547 0.537211 -2.037109
v 2.809690 0.561740 -1.932250
v 2.526015 0.207436 -2.980592
v 2.634245 0.293440 -2.712688
v 2.542673 0.453671 -2.434960
v 2.311889 0.312866 -2.625448
v 1.512085 0.029422 -3.032070
v 2.068134 0.154969 -2.898708
v -2.222274 0.200113 -3.325881
v -1.923286 0.201331 -3.394404
v -1.636356 0.200108 -3.408457
v 0.723499 -0.024464 -3.352723
v 0.225006 0.204021 -3.811118
v -0.070069 0.326196 -3.927959
v 0.790879 -0.026047 1.022551
v 0.494963 -0.073023 0.877137
v 0.419418 -0.018311 1.336174
v 0.245907 -0.022872 0.684673
v 0.180055 -0.054275 1.063464
v 0.684197 0.286262 3.718093
v 0.193003 0.041289 -2.689436
v 0.001557 -0.030854 -2.981978
v 1.100504 0.200317 -3.826016
v 0.384578 0.183860 0.144543
v 0.344367 0.618150 -0.953871
v 0.768091 0.332358 -0.469570
v 0.026284 0.619385 -0.620007
v 0.411519 0.421025 2.961661
v -0.001817 0.050474 -3.401595
v 1.503817 0.243186 0.450456
v 0.548934 0.183057 1.875411
v 1.491347 0.291396 3.563785
v 1.132397 0.384298 3.385668
v 1.543464 0.051380 -2.691308
v 1.049384 0.015754 -2.667162
v 1.436736 0.267437 -0.710768
v 1.235247 0.171724 0.226110
v 0.900954 0.165271 0.031196
v 1.052542 0.349833 -0.865369
v 0.923260 0.176417 1.800077
v 0.995103 0.395300 3.097137
v 1.660424 0.264003 -1.441940
v 1.521431 0.181482 -3.562549
v 1.916567 0.159664 -3.274630
v 2.478424 0.200327 -3.115661
v 2.312817 0.191653 -2.986672
v 1.841640 0.417839 1.099312
v 2.213578 0.411236 2.832112
v 1.945102 0.372436 3.125033
v 1.917014 0.455598 2.836433
v 1.545191 0.459724 3.087641
v 1.953056 0.287158 0.097025
v 2.050944 0.291208 -0.478488
v 1.980194 0.339059 -1.719223
v 1.771186 0.377178 2.239645
v 2.413339 0.435732 0.863718
v 2.481570 0.500534 1.305626
v 2.526754 0.313331 0.267954
v 2.160412 0.398911 -1.363616
v 2.814642 0.348202 -2.578100
v 3.046414 0.324309 -2.400385
v 2.837357 0.425884 2.219435
v 2.529360 0.410638 2.233430
v 2.499646 0.334282 2.557109
v 2.296986 0.385647 2.414083
v 2.425639 0.391027 -1.050464
v 3.371912 0.691620 0.845198
v 2.972628 0.417700 0.421657
v 3.627727 0.199614 -1.657469
v 3.323015 0.374299 -1.952265
v 3.500968 0.199210 -1.894592
v 2.946905 0.381952 -1.209516
v 3.030474 0.430671 1.949032
v 2.864539 0.558733 1.650280
v 3.137691 0.488773 1.763878
v 2.710811 0.220489 -0.375467
v 3.695852 0.198183 1.529589
v 3.562483 0.495477 1.303352
v 3.497213 0.650330 1.075591
v 3.522240 0.686648 0.891372
v 3.325052 0.690661 1.180675
v 3.696547 0.634092 0.579734
v 3.700042 -0.031980 -0.795954
v 3.325186 0.095335 -0.524218
v 3.806187 0.449952 0.352416
v 3.815680 0.468229 0.666184
v 3.765330 0.364502 0.137574
v 3.926286 0.143267 -0.493338
v -0.789306 0.201390 0.395715
v -0.969882 0.530964 2.540861
v -0.876066 -0.055677 -2.531633
v -0.673342 0.152942 -1.939524
v -0.790463 0.349544 -3.716287
v -0.612210 0.330172 -3.692374
v -0.902253 0.311192 1.224900
v -1.708057 0.467773 1.593975
v -0.856003 0.529159 3.365277
v -1.416372 0.306182 3.346615
v -1.005910 0.205435 -3.430921
v 0.015531 0.663706 -1.112635
v -1.628903 0.191640 0.198115
v -1.836348 0.200974 2.546982
v -1.786418 0.420249 1.917565
v -1.719216 0.530856 -0.668177
v -1.666816 0.187741 2.931913
v -1.914576 0.129839 2.884212
v -2.220977 0.142748 2.828891
v -2.525485 0.456598 1.129409
v -1.677447 0.211437 3.483132
v -1.321907 0.243504 -3.538427
v -0.901501 0.560012 -1.011050
v -1.945086 0.192927 -2.350087
v -1.991221 0.309521 -0.008423
v -2.512255 0.639028 -0.223772
v -2.823696 0.746076 -0.326574
v -2.198061 0.425275 0.887755
v -2.453135 0.497920 0.569704
v -2.710805 0.392642 1.374960
v -2.129167 0.414405 1.845868
v -2.499745 0.156209 2.551354
v -2.854116 0.201488 2.797156
v -2.201977 0.085844 -2.801935
v -1.863178 0.076635 -2.800840
v -1.055243 -0.015825 -2.937816
v -2.175075 0.694717 -0.794111
v -2.074776 0.711155 -1.147447
v -2.526467 0.719679 -0.932829
v -2.971481 0.655803 0.454713
v -2.938223 0.185400 1.891666
v -2.882571 0.126955 2.185507
v -2.846655 0.147789 -2.427904
v -2.553130 0.133510 -2.526935
v -2.302201 0.313996 -2.015356
v -2.324947 0.188058 -2.317294
v -3.448393 0.198316 -1.993041
v -3.293923 0.170457 -1.847613
v -2.938861 0.205626 -1.792912
v -3.504763 0.200057 1.887562
v -3.492780 0.252136 1.502754
v -3.300773 0.638834 0.302911
v -3.704185 0.312912 -0.801990
v -3.707604 0.243416 1.301467
v -3.725918 0.451015 -0.087029
v -3.686306 0.454834 0.779067
v -3.463860 0.204603 -1.487727
v -3.346383 0.259130 -1.373808
v -3.918872 0.268948 0.518729
v -3.927891 0.244618 -0.407448
v 1.000000 -0.149742 0.700661
v 0.700661 -0.149742 1.000000
v 0.959896 -0.149742 0.850330
v 0.850331 -0.149742 0.959896
v 0.700661 3.734770 1.000000
v 1.000000 3.734770 0.700661
v 0.850331 3.734770 0.959896
v 0.959896 3.734770 0.850330
v -0.700661 -0.149742 1.000000
v -1.000000 -0.149742 0.700661
v -0.850330 -0.149742 0.959896
v -0.959896 -0.149742 0.850331
v -1.000000 3.734770 0.700661
v -0.700661 3.734770 1.000000
v -0.959896 3.734770 0.850331
v -0.850330 3.734770 0.959896
v 0.700661 -0.149742 -1.000000
v 1.000000 -0.149742 -0.700661
v 0.850330 -0.149742 -0.959896
v 0.959896 -0.149742 -0.850331
v 1.000000 3.734770 -0.700661
v 0.700661 3.734770 -1.000000
v 0.959896 3.734770 -0.850331
v 0.850330 3.734770 -0.959896
v -1.000000 -0.149742 -0.700661
v -0.700661 -0.149742 -1.000000
v -0.959896 -0.149742 -0.850330
v -0.850331 -0.149742 -0.959896
v -0.700661 3.734770 -1.000000
v -1.000000 3.734770 -0.700661
v -0.850331 3.734770 -0.959896
v -0.959896 3.734770 -0.850330
v 1.000000 1.792514 0.700661
v 0.959896 1.792514 0.850330
v 0.850331 1.792514 0.959896
v 0.700661 1.792514 1.000000
v -1.000000 1.792514 0.700661
v -0.959896 1.792514 0.850331
v -0.850330 1.792514 0.959896
v -0.700661 1.792514 1.000000
v -0.700661 1.792514 -1.000000
v -0.850331 1.792514 -0.959896
v -0.959896 1.792514 -0.850330
v -1.000000 1.792514 -0.700661
v 1.000000 1.792514 -0.700661
v 0.959896 1.792514 -0.850331
v 0.850330 1.792514 -0.959896
v 0.700661 1.792514 -1.000000
v 1.000000 2.763642 0.700661
v -0.959896 2.763642 0.850331
v -0.850330 2.763642 0.959896
v -0.700661 2.763642 1.000000
v -0.850331 2.763642 -0.959896
v -0.959896 2.763642 -0.850330
v -1.000000 2.763642 -0.700661
v 0.959896 2.763642 -0.850331
v 0.850330 2.763642 -0.959896
v 0.700661 2.763642 -1.000000
v 0.959896 2.763642 0.850330
v 0.850331 2.763642 0.959896
v 0.700661 2.763642 1.000000
v -1.000000 2.763642 0.700661
v -0.700661 2.763642 -1.000000
v 1.000000 2.763642 -0.700661
v 0.959896 0.821386 0.850330
v 0.850331 0.821386 0.959896
v 0.700661 0.821386 1.000000
v -1.000000 0.821386 0.700661
v -0.700661 0.821386 -1.000000
v 1.000000 0.821386 -0.700661
v 1.000000 0.821386 0.700661
v -0.959896 0.821386 0.850331
v -0.850330 0.821386 0.959896
v -0.700661 0.821386 1.000000
v -0.850331 0.821386 -0.959896
v -0.959896 0.821386 -0.850330
v -1.000000 0.821386 -0.700661
v 0.959896 0.821386 -0.850331
v 0.850330 0.821386 -0.959896
v 0.700661 0.821386 -1.000000
v 1.000000 0.921666 0.700661
v -0.959896 0.921666 0.850331
v -0.850330 0.921666 0.959896
v -0.700661 0.921666 1.000000
v -0.850331 0.921666 -0.959896
v -0.959896 0.921666 -0.850330
v -1.000000 0.921666 -0.700661
v 0.959896 0.921666 -0.850331
v 0.850330 0.921666 -0.959896
v 0.700661 0.921666 -1.000000
v 0.959896 0.921666 0.850330
v 0.850331 0.921666 0.959896
v 0.700661 0.921666 1.000000
v -1.000000 0.921666 0.700661
v -0.700661 0.921666 -1.000000
v 1.000000 0.921666 -0.700661
v 0.959896 1.894738 0.850330
v 0.850331 1.894738 0.959896
v 0.700661 1.894738 1.000000
v -1.000000 1.894738 0.700661
v -0.700661 1.894738 -1.000000
v 1.000000 1.894738 -0.700661
v 1.000000 1.894738 0.700661
v -0.959896 1.894738 0.850331
v -0.850330 1.894738 0.959896
v -0.700661 1.894738 1.000000
v -0.850331 1.894738 -0.959896
v -0.959896 1.894738 -0.850330
v -1.000000 1.894738 -0.700661
v 0.959896 1.894738 -0.850331
v 0.850330 1.894738 -0.959896
v 0.700661 1.894738 -1.000000
v 1.000000 2.864801 0.700661
v -0.959896 2.864801 0.850331
v -0.850330 2.864801 0.959896
v -0.700661 2.864801 1.000000
v -0.850331 2.864801 -0.959896
v -0.959896 2.864801 -0.850330
v -1.000000 2.864801 -0.700661
v 0.959896 2.864801 -0.850331
v 0.850330 2.864801 -0.959896
v 0.700661 2.864801 -1.000000
v 0.959896 2.864801 0.850330
v 0.850331 2.864801 0.959896
v 0.700661 2.864801 1.000000
v -1.000000 2.864801 0.700661
v -0.700661 2.864801 -1.000000
v 1.000000 2.864801 -0.700661
v 0.959896 1.894738 0.850330
v 0.959896 1.792514 0.850330
v 0.850331 1.894738 0.959896
v 0.850331 1.792514 0.959896
v 0.700661 1.894738 1.000000
v 0.700661 1.792514 1.000000
v -1.000000 1.894738 0.700661
v -1.000000 1.792514 0.700661
v -0.700661 1.894738 -1.000000
v -0.700661 1.792514 -1.000000
v 1.000000 1.894738 -0.700661
v 1.000000 1.792514 -0.700661
v 0.850330 1.792514 -0.959896
v 0.700661 1.792514 -1.000000
v 0.959896 1.792514 -0.850331
v -0.959896 1.792514 -0.850330
v -1.000000 1.792514 -0.700661
v -0.850331 1.792514 -0.959896
v -0.850330 1.792514 0.959896
v -0.700661 1.792514 1.000000
v -0.959896 1.792514 0.850331
v 1.000000 1.792514 0.700661
v 0.959896 2.864801 0.850330
v 0.959896 2.763642 0.850330
v 0.850331 2.864801 0.959896
v 0.850331 2.763642 0.959896
v 0.700661 2.864801 1.000000
v 0.700661 2.763642 1.000000
v -1.000000 2.864801 0.700661
v -1.000000 2.763642 0.700661
v -0.700661 2.864801 -1.000000
v -0.700661 2.763642 -1.000000
v 1.000000 2.864801 -0.700661
v 1.000000 2.763642 -0.700661
v -0.959896 2.763642 0.850331
v -0.850330 2.763642 0.959896
v -0.700661 2.763642 1.000000
v -0.850331 2.763642 -0.959896
v -0.959896 2.763642 -0.850330
v -1.000000 2.763642 -0.700661
v 0.959896 2.763642 -0.850331
v 0.850330 2.763642 -0.959896
v 0.700661 2.763642 -1.000000
v 1.000000 2.763642 0.700661
v 0.959896 0.921666 0.850330
v 0.959896 0.821386 0.850330
v 0.850331 0.921666 0.959896
v 0.850331 0.821386 0.959896
v 0.700661 0.921666 1.000000
v 0.700661 0.821386 1.000000
v -1.000000 0.921666 0.700661
v -1.000000 0.821386 0.700661
v -0.700661 0.921666 -1.000000
v -0.700661 0.821386 -1.000000
v 1.000000 0.921666 -0.700661
v 1.000000 0.821386 -0.700661
v 1.000000 0.821386 0.700661
v 0.700661 0.821386 -1.000000
v -0.700661 0.821386 1.000000
v -1.000000 0.821386 -0.700661
v 0.850330 0.821386 -0.959896
v 0.959896 0.821386 -0.850331
v -0.959896 0.821386 -0.850330
v -0.850331 0.821386 -0.959896
v -0.850330 0.821386 0.959896
v -0.959896 0.821386 0.850331
v 1.000000 0.921666 0.700661
v -0.959896 0.921666 0.850331
v -0.850330 0.921666 0.959896
v -0.700661 0.921666 1.000000
v -0.850331 0.921666 -0.959896
v -0.959896 0.921666 -0.850330
v -1.000000 0.921666 -0.700661
v 0.959896 0.921666 -0.850331
v 0.850330 0.921666 -0.959896
v 0.700661 0.921666 -1.000000
v 1.000000 1.894738 0.700661
v -0.959896 1.894738 0.850331
v -0.850330 1.894738 0.959896
v -0.700661 1.894738 1.000000
v -0.850331 1.894738 -0.959896
v -0.959896 1.894738 -0.850330
v -1.000000 1.894738 -0.700661
v 0.959896 1.894738 -0.850331
v 0.850330 1.894738 -0.959896
v 0.700661 1.894738 -1.000000
v 1.000000 2.864801 0.700661
v -0.959896 2.864801 0.850331
v -0.850330 2.864801 0.959896
v -0.700661 2.864801 1.000000
v -0.850331 2.864801 -0.959896
v -0.959896 2.864801 -0.850330
v -1.000000 2.864801 -0.700661
v 0.959896 2.864801 -0.850331
v 0.850330 2.864801 -0.959896
v 0.700661 2.864801 -1.000000
v 0.882818 1.894738 0.805829
v 0.882818 1.792514 0.805829
v 0.805829 1.894738 0.882817
v 0.805829 1.792514 0.882817
v 0.689044 1.894738 0.911759
v 0.689044 1.792514 0.911759
v -0.911759 1.894738 0.689044
v -0.911759 1.792514 0.689044
v -0.689044 1.894738 -0.911759
v -0.689044 1.792514 -0.911759
v 0.911759 1.894738 -0.689044
v 0.911759 1.792514 -0.689044
v 0.805829 1.792514 -0.882818
v 0.689044 1.792514 -0.911759
v 0.882817 1.792514 -0.805829
v -0.882818 1.792514 -0.805829
v -0.911759 1.792514 -0.689044
v -0.805829 1.792514 -0.882817
v -0.805829 1.792514 0.882818
v -0.689044 1.792514 0.911759
v -0.882817 1.792514 0.805829
v 0.911759 1.792514 0.689044
v 0.882818 2.864801 0.805829
v 0.882818 2.763642 0.805829
v 0.805829 2.864801 0.882817
v 0.805829 2.763642 0.882817
v 0.689044 2.864801 0.911759
v 0.689044 2.763642 0.911759
v -0.911759 2.864801 0.689044
v -0.911759 2.763642 0.689044
v -0.689044 2.864801 -0.911759
v -0.689044 2.763642 -0.911759
v 0.911759 2.864801 -0.689044
v 0.911759 2.763642 -0.689044
v -0.882817 2.763642 0.805829
v -0.805829 2.763642 0.882818
v -0.689044 2.763642 0.911759
v -0.805829 2.763642 -0.882817
v -0.882818 2.763642 -0.805829
v -0.911759 2.763642 -0.689044
v 0.882817 2.763642 -0.805829
v 0.805829 2.763642 -0.882818
v 0.689044 2.763642 -0.911759
v 0.911759 2.763642 0.689044
v 0.882818 0.921666 0.805829
v 0.882818 0.821386 0.805829
v 0.805829 0.921666 0.882817
v 0.805829 0.821386 0.882817
v 0.689044 0.921666 0.911759
v 0.689044 0.821386 0.911759
v -0.911759 0.921666 0.689044
v -0.911759 0.821386 0.689044
v -0.689044 0.921666 -0.911759
v -0.689044 0.821386 -0.911759
v 0.911759 0.921666 -0.689044
v 0.911759 0.821386 -0.689044
v 0.911759 0.821386 0.689044
v 0.689044 0.821386 -0.911759
v -0.689044 0.821386 0.911759
v -0.911759 0.821386 -0.689044
v 0.805829 0.821386 -0.882818
v 0.882817 0.821386 -0.805829
v -0.882818 0.821386 -0.805829
v -0.805829 0.821386 -0.882817
v -0.805829 0.821386 0.882818
v -0.882817 0.821386 0.805829
v 0.911759 0.921666 0.689044
v -0.882817 0.921666 0.805829
v -0.805829 0.921666 0.882818
v -0.689044 0.921666 0.911759
v -0.805829 0.921666 -0.882817
v -0.882818 0.921666 -0.805829
v -0.911759 0.921666 -0.689044
v 0.882817 0.921666 -0.805829
v 0.805829 0.921666 -0.882818
v 0.689044 0.921666 -0.911759
v 0.911759 1.894738 0.689044
v -0.882817 1.894738 0.805829
v -0.805829 1.894738 0.882818
v -0.689044 1.894738 0.911759
v -0.805829 1.894738 -0.882817
v -0.882818 1.894738 -0.805829
v -0.911759 1.894738 -0.689044
v 0.882817 1.894738 -0.805829
v 0.805829 1.894738 -0.882818
v 0.689044 1.894738 -0.911759
v 0.911759 2.864801 0.689044
v -0.882817 2.864801 0.805829
v -0.805829 2.864801 0.882818
v -0.689044 2.864801 0.911759
v -0.805829 2.864801 -0.882817
v -0.882818 2.864801 -0.805829
v -0.911759 2.864801 -0.689044
v 0.882817 2.864801 -0.805829
v 0.805829 2.864801 -0.882818
v 0.689044 2.864801 -0.911759
v 0.306234 6.747222 -0.099500
v 0.189261 6.747221 0.260499
v -0.189261 6.747221 0.260499
v -0.306234 6.747222 -0.099500
v -0.000000 6.747220 -0.321993
v 0.000000 6.946222 0.000000
v 0.111245 6.586223 -0.342381
v -0.111245 6.586223 -0.342381
v 0.360000 6.586223 -0.000000
v 0.291246 6.586223 -0.211603
v 0.111245 6.586223 0.342381
v 0.291246 6.586223 0.211603
v -0.291246 6.586223 0.211603
v -0.111245 6.586223 0.342381
v -0.291246 6.586223 -0.211603
v -0.360000 6.586223 0.000000
v 0.179999 6.775488 -0.247748
v 0.291244 6.775488 0.094633
v 0.000000 6.775487 0.306233
v -0.291244 6.775488 0.094633
v -0.179999 6.775488 -0.247748
v 0.179998 6.892458 -0.058484
v -0.000000 6.892457 -0.189263
v 0.111244 6.892458 0.153116
v -0.111244 6.892458 0.153116
v -0.179998 6.892458 -0.058484
v -0.100000 6.880000 0.000000
v -0.050000 6.880000 -0.086603
v 0.050000 6.880000 -0.086603
v 0.100000 6.880000 0.000000
v 0.050000 6.880000 0.086603
v -0.050000 6.880000 0.086603
v 0.000000 8.280001 0.000000
vt 0.580430 0.234808
vt 0.565650 0.211673
vt 0.563540 0.179935
vt 0.853181 0.257575
vt 0.843212 0.261947
vt 0.852515 0.243830
vt 0.278510 0.001324
vt 0.257638 0.005769
vt 0.234764 0.005805
vt 0.351012 0.321990
vt 0.316422 0.333817
vt 0.325957 0.260201
vt 0.332165 0.353110
vt 0.355910 0.352401
vt 0.772004 0.256939
vt 0.768778 0.241657
vt 0.782030 0.250125
vt 0.373049 0.246454
vt 0.315956 0.235486
vt 0.801601 0.419130
vt 0.814611 0.397785
vt 0.819452 0.418654
vt 0.021523 0.236119
vt 0.021471 0.258715
vt 0.005017 0.258226
vt 0.001324 0.277867
vt 0.046392 0.278725
vt 0.782760 0.202934
vt 0.752567 0.184427
vt 0.784476 0.145652
vt 0.288234 0.393174
vt 0.280142 0.371437
vt 0.359529 0.382658
vt 0.275203 0.343659
vt 0.028394 0.417371
vt 0.049703 0.432257
vt 0.049710 0.456898
vt 0.334839 0.427515
vt 0.286830 0.433171
vt 0.307916 0.473490
vt 0.358862 0.430417
vt 0.259847 0.475256
vt 0.085632 0.456561
vt 0.087508 0.485782
vt 0.056235 0.464835
vt 0.313283 0.499642
vt 0.340667 0.513120
vt 0.316916 0.527411
vt 0.279478 0.528226
vt 0.131544 0.501310
vt 0.130927 0.537580
vt 0.102998 0.502946
vt 0.181575 0.537874
vt 0.181873 0.564586
vt 0.350315 0.563603
vt 0.325384 0.564095
vt 0.312734 0.564269
vt 0.276063 0.580471
vt 0.243937 0.565924
vt 0.213390 0.574008
vt 0.210433 0.564646
vt 0.340954 0.573234
vt 0.322725 0.580757
vt 0.812240 0.212580
vt 0.825835 0.218689
vt 0.820606 0.235909
vt 0.264938 0.580498
vt 0.294018 0.586463
vt 0.236874 0.581039
vt 0.815658 0.189548
vt 0.825765 0.160737
vt 0.546560 0.183129
vt 0.533998 0.156822
vt 0.545280 0.146092
vt 0.036449 0.175600
vt 0.048320 0.217540
vt 0.029703 0.186096
vt 0.020302 0.192857
vt 0.073974 0.233855
vt 0.056273 0.132063
vt 0.048817 0.150902
vt 0.048518 0.131276
vt 0.067664 0.144473
vt 0.049043 0.164546
vt 0.086452 0.152066
vt 0.052114 0.181520
vt 0.099099 0.095019
vt 0.085910 0.104893
vt 0.084712 0.086782
vt 0.106960 0.075417
vt 0.453664 0.087243
vt 0.459940 0.060836
vt 0.471918 0.084844
vt 0.181291 0.071495
vt 0.140556 0.081331
vt 0.151560 0.053722
vt 0.403080 0.029302
vt 0.433055 0.043793
vt 0.412014 0.042847
vt 0.404215 0.021847
vt 0.454997 0.048731
vt 0.364575 0.019820
vt 0.349146 0.005372
vt 0.351692 0.010306
vt 0.349900 0.020401
vt 0.224723 0.012804
vt 0.180446 0.032481
vt 0.179764 0.022709
vt 0.239017 0.047802
vt 0.194140 0.051988
vt 0.274607 0.004362
vt 0.297022 0.005111
vt 0.275425 0.013863
vt 0.235345 0.368591
vt 0.262671 0.391470
vt 0.225857 0.425466
vt 0.257000 0.357883
vt 0.253324 0.430875
vt 0.215321 0.098125
vt 0.292057 0.074779
vt 0.278102 0.096222
vt 0.217712 0.072138
vt 0.369552 0.077698
vt 0.211231 0.013028
vt 0.264873 0.303931
vt 0.215600 0.229947
vt 0.290905 0.247416
vt 0.236571 0.258897
vt 0.216348 0.495454
vt 0.263705 0.510277
vt 0.253329 0.534499
vt 0.220958 0.520400
vt 0.206713 0.186278
vt 0.226378 0.137416
vt 0.270796 0.193494
vt 0.292180 0.043947
vt 0.336839 0.022222
vt 0.196265 0.430265
vt 0.163809 0.457774
vt 0.184713 0.554841
vt 0.210976 0.541602
vt 0.182899 0.326634
vt 0.202527 0.310167
vt 0.226981 0.295786
vt 0.180622 0.519810
vt 0.187479 0.241461
vt 0.129131 0.050020
vt 0.122590 0.074922
vt 0.110410 0.065507
vt 0.122758 0.101305
vt 0.136234 0.416379
vt 0.158312 0.374159
vt 0.116327 0.357037
vt 0.151315 0.522739
vt 0.153287 0.501504
vt 0.107843 0.313493
vt 0.149857 0.300817
vt 0.142513 0.258649
vt 0.153381 0.134775
vt 0.170867 0.187924
vt 0.147339 0.167626
vt 0.101349 0.135707
vt 0.134227 0.193700
vt 0.125309 0.470708
vt 0.084277 0.131505
vt 0.068969 0.118009
vt 0.072247 0.102128
vt 0.076608 0.205240
vt 0.114872 0.216742
vt 0.108218 0.457510
vt 0.110493 0.481295
vt 0.086471 0.501392
vt 0.083469 0.414733
vt 0.111450 0.389402
vt 0.094165 0.266451
vt 0.049636 0.404938
vt 0.049565 0.380330
vt 0.755294 0.381048
vt 0.773024 0.392662
vt 0.759062 0.394778
vt 0.770989 0.414799
vt 0.071394 0.436789
vt 0.063478 0.423198
vt 0.049081 0.255827
vt 0.761332 0.160163
vt 0.036913 0.372709
vt 0.032199 0.389553
vt 0.022257 0.366028
vt 0.022247 0.351166
vt 0.035023 0.359180
vt 0.046031 0.355747
vt 0.748297 0.142088
vt 0.075193 0.324805
vt 0.022155 0.336426
vt 0.819452 0.461357
vt 0.016993 0.304252
vt 0.005448 0.311246
vt 0.014057 0.319944
vt 0.005546 0.329527
vt 0.005425 0.295989
vt 0.771266 0.223606
vt 0.762831 0.208919
vt 0.763171 0.231674
vt 0.749788 0.213703
vt 0.750136 0.199077
vt 0.818363 0.378299
vt 0.389550 0.290154
vt 0.412513 0.307267
vt 0.428751 0.326867
vt 0.418872 0.243451
vt 0.420076 0.284579
vt 0.364862 0.478935
vt 0.386475 0.461317
vt 0.416085 0.507685
vt 0.356751 0.539411
vt 0.397839 0.538063
vt 0.329021 0.190783
vt 0.277274 0.151807
vt 0.341835 0.150858
vt 0.356534 0.107561
vt 0.326468 0.005198
vt 0.848047 0.315710
vt 0.846345 0.291185
vt 0.852576 0.313648
vt 0.423980 0.376874
vt 0.418711 0.409353
vt 0.384935 0.564154
vt 0.380068 0.571775
vt 0.406330 0.563693
vt 0.071754 0.938178
vt 0.068402 0.886912
vt 0.071754 0.874084
vt 0.291550 0.211260
vt 0.358818 0.218527
vt 0.439014 0.291923
vt 0.473041 0.334019
vt 0.454434 0.357470
vt 0.428403 0.479404
vt 0.434238 0.504163
vt 0.379529 0.143643
vt 0.375120 0.191842
vt 0.434957 0.120356
vt 0.424552 0.433093
vt 0.449661 0.427742
vt 0.478510 0.375066
vt 0.459695 0.463807
vt 0.477141 0.275713
vt 0.434638 0.548422
vt 0.456926 0.536394
vt 0.456687 0.500008
vt 0.417023 0.548074
vt 0.365784 0.041379
vt 0.398808 0.216331
vt 0.428825 0.087429
vt 0.503096 0.497449
vt 0.452253 0.233952
vt 0.444796 0.208063
vt 0.467636 0.193731
vt 0.436828 0.176487
vt 0.461233 0.144694
vt 0.462817 0.122654
vt 0.499942 0.267998
vt 0.511007 0.325308
vt 0.492170 0.393067
vt 0.505008 0.452660
vt 0.477045 0.479569
vt 0.535107 0.314098
vt 0.521663 0.236390
vt 0.507980 0.160906
vt 0.477975 0.223659
vt 0.500248 0.128850
vt 0.537485 0.277172
vt 0.546048 0.413149
vt 0.550537 0.430576
vt 0.479488 0.107264
vt 0.501037 0.114427
vt 0.499524 0.084967
vt 0.537519 0.455168
vt 0.536232 0.129321
vt 0.537978 0.191470
vt 0.564408 0.404379
vt 0.534218 0.356938
vt 0.549545 0.402325
vt 0.565238 0.387513
vt 0.563596 0.321553
vt 0.563518 0.349046
vt 0.566171 0.285541
vt 0.580894 0.262161
vt 0.580535 0.292587
vt 0.822100 0.410759
vt 0.839895 0.378299
vt 0.839895 0.419562
vt 0.831206 0.445557
vt 0.580500 0.330045
vt 0.564375 0.233244
vt 0.870024 0.215594
vt 0.880836 0.215300
vt 0.875580 0.252781
vt 0.880805 0.271846
vt 0.876969 0.185152
vt 0.880009 0.157790
vt 0.895400 0.215149
vt 0.894668 0.157667
vt 0.878626 0.101647
vt 0.893234 0.101451
vt 0.877332 0.066331
vt 0.891151 0.048660
vt 0.873927 0.001433
vt 0.876496 0.048835
vt 0.863362 0.454699
vt 0.848794 0.454824
vt 0.850686 0.414351
vt 0.865330 0.414173
vt 0.851999 0.366677
vt 0.867376 0.313426
vt 0.867376 0.257078
vt 0.850612 0.143393
vt 0.865330 0.143173
vt 0.851447 0.175699
vt 0.852075 0.199858
vt 0.863362 0.089994
vt 0.848737 0.090176
vt 0.847645 0.069934
vt 0.860859 0.042098
vt 0.846240 0.042146
vt 0.845191 0.028140
vt 0.857914 0.001324
vt 0.843265 0.001484
vt 0.785607 0.415275
vt 0.789760 0.368505
vt 0.774419 0.376624
vt 0.775080 0.367979
vt 0.778843 0.315794
vt 0.793292 0.316119
vt 0.796067 0.260132
vt 0.780488 0.275814
vt 0.781424 0.259717
vt 0.797978 0.202695
vt 0.798953 0.146014
vt 0.784213 0.134012
vt 0.798953 0.092270
vt 0.797978 0.043526
vt 0.784071 0.083296
vt 0.783374 0.043073
vt 0.784420 0.092033
vt 0.781437 0.001324
vt 0.796067 0.001656
vt 0.838697 0.327871
vt 0.836902 0.375530
vt 0.824055 0.327868
vt 0.824790 0.297534
vt 0.839934 0.274855
vt 0.825363 0.274931
vt 0.840564 0.161027
vt 0.838697 0.051375
vt 0.839934 0.104590
vt 0.823997 0.051377
vt 0.824619 0.074819
vt 0.836902 0.003429
vt 0.822035 0.001324
vt 0.573280 0.235407
vt 0.895400 0.271688
vt 0.850037 0.239657
vt 0.851425 0.222617
vt 0.772008 0.115966
vt 0.801684 0.160301
vt 0.813131 0.170624
vt 0.801601 0.185144
vt 0.299552 0.580643
vt 0.823127 0.246972
vt 0.793851 0.466475
vt 0.779213 0.461620
vt 0.793851 0.422316
vt 0.021611 0.182130
vt 0.105888 0.115222
vt 0.179088 0.096469
vt 0.843973 0.327563
vt 0.267488 0.223033
vt 0.183335 0.139500
vt 0.026568 0.172746
vt 0.767941 0.372239
vt 0.035793 0.155325
vt 0.005200 0.237009
vt 0.819735 0.125919
vt 0.351670 0.580554
vt 0.388920 0.033374
vt 0.509001 0.431053
vt 0.580894 0.349266
vt 0.888500 0.001324
vt 0.866685 0.366471
vt 0.866685 0.199590
vt 0.822228 0.375651
vt 0.840564 0.218519
vt 0.825589 0.131564
vt 0.825278 0.104592
vt 0.891151 0.414594
vt 0.876517 0.412642
vt 0.893234 0.373364
vt 0.878624 0.373537
vt 0.894668 0.325111
vt 0.879291 0.350182
vt 0.880154 0.325300
vt 0.556415 0.821371
vt 0.562765 0.817705
vt 0.569114 0.821371
vt 0.569114 0.828703
vt 0.562765 0.832369
vt 0.556415 0.828703
vt 0.638566 0.319521
vt 0.676198 0.324103
vt 0.639794 0.324103
vt 0.585485 0.372606
vt 0.590065 0.410240
vt 0.585485 0.411467
vt 0.711078 0.445123
vt 0.676198 0.459972
vt 0.707724 0.441769
vt 0.711078 0.338952
vt 0.725926 0.373834
vt 0.707724 0.342306
vt 0.604914 0.338952
vt 0.608267 0.342305
vt 0.725926 0.410240
vt 0.730507 0.411468
vt 0.608267 0.441768
vt 0.604914 0.445122
vt 0.677425 0.319522
vt 0.639794 0.459972
vt 0.638566 0.464553
vt 0.730507 0.372607
vt 0.590065 0.373834
vt 0.677425 0.464553
vt 0.966983 0.173482
vt 0.980805 0.213083
vt 0.966983 0.213163
vt 0.558456 0.782311
vt 0.570988 0.814982
vt 0.557172 0.815057
vt 0.557172 0.706462
vt 0.572271 0.742488
vt 0.558456 0.742563
vt 0.979679 0.245410
vt 0.965857 0.245490
vt 0.978750 0.344688
vt 0.964931 0.305089
vt 0.978750 0.305004
vt 0.572271 0.782236
vt 0.688220 0.954340
vt 0.681551 0.918100
vt 0.688220 0.918064
vt 0.710165 0.888179
vt 0.702464 0.917720
vt 0.703492 0.888218
vt 0.698711 0.953916
vt 0.692040 0.917740
vt 0.698711 0.917698
vt 0.682723 0.888215
vt 0.689392 0.888179
vt 0.678903 0.888179
vt 0.670752 0.917243
vt 0.672242 0.888248
vt 0.710164 0.987120
vt 0.702464 0.953935
vt 0.709136 0.953897
vt 0.693144 0.888220
vt 0.699815 0.888179
vt 0.678903 0.986852
vt 0.670752 0.953360
vt 0.677413 0.953291
vt 0.699815 0.987127
vt 0.692040 0.953957
vt 0.682723 0.987324
vt 0.681551 0.954377
vt 0.709136 0.917682
vt 0.677413 0.917175
vt 0.966142 0.272745
vt 0.979960 0.272659
vt 0.979960 0.381079
vt 0.964931 0.344774
vt 0.673823 0.299648
vt 0.701266 0.283804
vt 0.699239 0.287525
vt 0.965857 0.137079
vt 0.980805 0.173402
vt 0.965418 0.001467
vt 0.980848 0.038097
vt 0.967051 0.038239
vt 0.980848 0.077670
vt 0.967051 0.077813
vt 0.642134 0.181384
vt 0.677409 0.168000
vt 0.673823 0.181384
vt 0.566441 0.697287
vt 0.566441 0.697287
vt 0.566441 0.697287
vt 0.638548 0.313032
vt 0.642134 0.299648
vt 0.566441 0.697287
vt 0.566441 0.697287
vt 0.566441 0.697287
vt 0.598847 0.224672
vt 0.604894 0.187431
vt 0.614691 0.197228
vt 0.566441 0.697287
vt 0.566441 0.697287
vt 0.566441 0.697287
vt 0.730494 0.259946
vt 0.711064 0.293601
vt 0.701266 0.197228
vt 0.730494 0.221085
vt 0.717111 0.224672
vt 0.566441 0.697287
vt 0.566441 0.697287
vt 0.566441 0.697287
vt 0.598847 0.256360
vt 0.604894 0.293601
vt 0.585463 0.259946
vt 0.566441 0.697287
vt 0.566441 0.697287
vt 0.566441 0.697287
vt 0.657979 0.240516
vt 0.614691 0.283804
vt 0.717111 0.256360
vt 0.677409 0.313032
vt 0.676893 0.302569
vt 0.566441 0.697287
vt 0.566441 0.697287
vt 0.702261 0.287923
vt 0.566441 0.697287
vt 0.676893 0.178463
vt 0.566441 0.697287
vt 0.566441 0.697287
vt 0.566441 0.697287
vt 0.566441 0.697287
vt 0.201063 0.874868
vt 0.181249 0.984305
vt 0.181249 0.874063
vt 0.566441 0.697287
vt 0.158776 0.984278
vt 0.178601 0.874927
vt 0.178601 0.985143
vt 0.566441 0.697287
vt 0.380094 0.984281
vt 0.404648 0.875136
vt 0.404648 0.985352
vt 0.286307 0.859351
vt 0.258669 0.970315
vt 0.258669 0.860099
vt 0.936628 0.877747
vt 0.966676 0.768006
vt 0.966676 0.878058
vt 0.431838 0.875063
vt 0.407297 0.984308
vt 0.407297 0.874066
vt 0.731376 0.259107
vt 0.731376 0.221925
vt 0.224258 0.970289
vt 0.251904 0.859350
vt 0.251904 0.969593
vt 0.976264 0.880843
vt 0.969324 0.990937
vt 0.969324 0.880694
vt 0.209874 0.874600
vt 0.204111 0.985106
vt 0.204111 0.874864
vt 0.735064 0.276353
vt 0.742376 0.166079
vt 0.742376 0.276268
vt 0.938619 0.990921
vt 0.945561 0.880865
vt 0.945561 0.991081
vt 0.149969 0.984567
vt 0.155729 0.874068
vt 0.155729 0.984284
vt 0.735064 0.389140
vt 0.742424 0.279006
vt 0.742424 0.389059
vt 0.044947 0.874109
vt 0.037614 0.984396
vt 0.037614 0.874180
vt 0.951687 0.579175
vt 0.975947 0.469374
vt 0.975947 0.579426
vt 0.004265 0.984136
vt 0.011140 0.874312
vt 0.011140 0.984364
vt 0.100944 0.874076
vt 0.078622 0.984880
vt 0.078622 0.874638
vt 0.948209 0.991127
vt 0.954083 0.880706
vt 0.954083 0.990758
vt 0.951605 0.728599
vt 0.975973 0.618541
vt 0.975973 0.728731
vt 0.638548 0.168000
vt 0.639065 0.178463
vt 0.024230 0.984392
vt 0.031564 0.874084
vt 0.031564 0.984326
vt 0.972229 0.877885
vt 0.979216 0.767857
vt 0.979216 0.878046
vt 0.128872 0.874076
vt 0.106558 0.984896
vt 0.106558 0.874681
vt 0.668104 0.888179
vt 0.662427 0.998676
vt 0.662427 0.888486
vt 0.523585 0.816576
vt 0.553767 0.706551
vt 0.553767 0.816740
vt 0.711064 0.187431
vt 0.702261 0.193109
vt 0.639065 0.302569
vt 0.637898 0.299753
vt 0.721176 0.225869
vt 0.678578 0.313375
vt 0.710777 0.294785
vt 0.613696 0.287923
vt 0.596638 0.252744
vt 0.721176 0.255162
vt 0.605180 0.294785
vt 0.637380 0.313375
vt 0.594782 0.255162
vt 0.616719 0.193507
vt 0.585463 0.221085
vt 0.584581 0.221925
vt 0.594782 0.225869
vt 0.678060 0.181279
vt 0.637380 0.167657
vt 0.605180 0.186247
vt 0.613696 0.193109
vt 0.719320 0.228288
vt 0.710777 0.186247
vt 0.678578 0.167657
vt 0.701154 0.284659
vt 0.678060 0.299753
vt 0.674621 0.299978
vt 0.641337 0.299978
vt 0.616719 0.287525
vt 0.614804 0.284659
vt 0.598162 0.255835
vt 0.596638 0.228288
vt 0.598162 0.225197
vt 0.614804 0.196373
vt 0.637898 0.181279
vt 0.641337 0.181054
vt 0.674621 0.181054
vt 0.699239 0.193507
vt 0.701154 0.196373
vt 0.717796 0.225197
vt 0.719320 0.252744
vt 0.717796 0.255835
vt 0.678816 0.309744
vt 0.680977 0.310640
vt 0.707209 0.295495
vt 0.707514 0.293175
vt 0.634981 0.310640
vt 0.637142 0.309744
vt 0.608443 0.293175
vt 0.608749 0.295495
vt 0.585751 0.255661
vt 0.587607 0.257085
vt 0.584581 0.259107
vt 0.587607 0.223947
vt 0.585751 0.225371
vt 0.608749 0.185537
vt 0.608443 0.187857
vt 0.637142 0.171287
vt 0.634981 0.170392
vt 0.680977 0.170392
vt 0.678816 0.171287
vt 0.707514 0.187857
vt 0.707209 0.185537
vt 0.730207 0.225371
vt 0.728351 0.223947
vt 0.728351 0.257085
vt 0.730207 0.255661
vt 0.556415 0.781647
vt 0.556415 0.742925
vt 0.583542 0.372092
vt 0.980784 0.344359
vt 0.603486 0.446529
vt 0.638030 0.466475
vt 0.677918 0.317601
vt 0.583542 0.411983
vt 0.712462 0.446530
vt 0.732406 0.411984
vt 0.603486 0.337546
vt 0.732406 0.372093
vt 0.712462 0.337547
vt 0.677918 0.466475
vt 0.964957 0.173809
vt 0.964979 0.038529
vt 0.712470 0.295008
vt 0.677924 0.314953
vt 0.638033 0.314953
vt 0.603487 0.295008
vt 0.583542 0.260461
vt 0.583542 0.220571
vt 0.603487 0.186024
vt 0.638033 0.166079
vt 0.677924 0.166079
vt 0.712470 0.186024
vt 0.732416 0.220571
vt 0.732416 0.260461
vt 0.978226 0.728863
vt 0.033265 0.984416
vt 0.033265 0.874174
vt 0.978112 0.579600
vt 0.035913 0.874084
vt 0.035913 0.984299
vt 0.660141 0.888454
vt 0.253962 0.969656
vt 0.253962 0.859413
vt 0.370261 0.969219
vt 0.367922 0.859168
vt 0.370261 0.859167
vt 0.158776 0.874063
vt 0.978256 0.991017
vt 0.978256 0.880774
vt 0.949053 0.469248
vt 0.951687 0.469123
vt 0.969324 0.767754
vt 0.969324 0.877944
vt 0.434079 0.985269
vt 0.431838 0.985306
vt 0.579069 0.804829
vt 0.576732 0.694646
vt 0.579069 0.694639
vt 0.201063 0.985111
vt 0.001324 0.874149
vt 0.004265 0.874084
vt 0.745071 0.389182
vt 0.745071 0.279130
vt 0.377853 0.874106
vt 0.380094 0.874066
vt 0.745083 0.276358
vt 0.075657 0.874598
vt 0.075657 0.984840
vt 0.103592 0.874638
vt 0.256610 0.860032
vt 0.949038 0.618515
vt 0.949038 0.728704
vt 0.956345 0.990806
vt 0.936628 0.880780
vt 0.938619 0.880706
vt 0.979215 0.109441
vt 0.965418 0.109584
vt 0.799718 0.778211
vt 0.735639 0.880479
vt 0.736145 0.778553
vt 0.962091 0.147617
vt 0.898048 0.249987
vt 0.898423 0.147776
vt 0.299896 0.713802
vt 0.321842 0.589111
vt 0.446525 0.611059
vt 0.962081 0.283274
vt 0.898048 0.385629
vt 0.898397 0.283425
vt 0.962100 0.012010
vt 0.898048 0.114486
vt 0.898446 0.012109
vt 0.799213 0.880137
vt 0.735824 0.891735
vt 0.799398 0.891393
vt 0.736438 0.900715
vt 0.962284 0.272659
vt 0.898599 0.272811
vt 0.001722 0.749194
vt 0.073008 0.738397
vt 0.072778 0.749084
vt 0.150521 0.871415
vt 0.221186 0.862432
vt 0.221610 0.871246
vt 0.150097 0.862601
vt 0.221058 0.851215
vt 0.076032 0.749193
vt 0.147321 0.738397
vt 0.147104 0.749015
vt 0.001953 0.871436
vt 0.072525 0.862643
vt 0.073008 0.871326
vt 0.001470 0.862753
vt 0.072379 0.851461
vt 0.449678 0.717284
vt 0.520937 0.706386
vt 0.520644 0.716903
vt 0.076249 0.871428
vt 0.146866 0.862442
vt 0.147321 0.871250
vt 0.075794 0.862620
vt 0.146729 0.851226
vt 0.566441 0.694639
vt 0.566441 0.694639
vt 0.566441 0.694639
vt 0.569089 0.694639
vt 0.569089 0.694639
vt 0.569089 0.694639
vt 0.571737 0.694639
vt 0.571737 0.694639
vt 0.571737 0.694639
vt 0.571737 0.697287
vt 0.571737 0.697287
vt 0.571737 0.697287
vt 0.569089 0.699935
vt 0.569089 0.699935
vt 0.569089 0.699935
vt 0.569089 0.694639
vt 0.569089 0.694639
vt 0.571737 0.694639
vt 0.571737 0.694639
vt 0.571737 0.697287
vt 0.571737 0.697287
vt 0.569089 0.699935
vt 0.569089 0.699935
vt 0.946405 0.469123
vt 0.882454 0.479889
vt 0.882656 0.469274
vt 0.441676 0.862096
vt 0.378651 0.871418
vt 0.378038 0.862438
vt 0.441491 0.850839
vt 0.377853 0.851182
vt 0.866776 0.778381
vt 0.802659 0.880857
vt 0.803057 0.778480
vt 0.946203 0.479738
vt 0.882105 0.582093
vt 0.933762 0.778313
vt 0.869654 0.880684
vt 0.870029 0.778473
vt 0.441996 0.748914
vt 0.378358 0.749256
vt 0.569089 0.694639
vt 0.569089 0.694639
vt 0.571737 0.694639
vt 0.571737 0.694639
vt 0.571737 0.694639
vt 0.571737 0.697287
vt 0.571737 0.697287
vt 0.569089 0.699935
vt 0.569089 0.699935
vt 0.569089 0.694639
vt 0.569089 0.694639
vt 0.569089 0.694639
vt 0.571737 0.694639
vt 0.571737 0.694639
vt 0.571737 0.697287
vt 0.571737 0.697287
vt 0.571737 0.697287
vt 0.569089 0.699935
vt 0.569089 0.699935
vt 0.569089 0.699935
vt 0.569089 0.694639
vt 0.569089 0.694639
vt 0.365274 0.859167
vt 0.301465 0.869933
vt 0.301667 0.859318
vt 0.945777 0.742107
vt 0.882894 0.751429
vt 0.882281 0.742449
vt 0.945592 0.730851
vt 0.882096 0.731193
vt 0.513147 0.852781
vt 0.449173 0.955256
vt 0.449571 0.852879
vt 0.365071 0.869782
vt 0.301116 0.972136
vt 0.579992 0.852712
vt 0.516026 0.955083
vt 0.516401 0.852872
vt 0.946097 0.628925
vt 0.882601 0.629267
vt 0.449173 0.819210
vt 0.075657 0.851404
vt 0.221408 0.749012
vt 0.149969 0.851384
vt 0.150318 0.749181
vt 0.001324 0.851571
vt 0.520139 0.818829
vt 0.449358 0.830466
vt 0.520324 0.830085
vt 0.449971 0.839446
vt 0.221610 0.738397
vt 0.150521 0.738566
vt 0.571737 0.694639
vt 0.571737 0.694639
vt 0.571737 0.697287
vt 0.571737 0.697287
vt 0.569089 0.699935
vt 0.569089 0.699935
vt 0.569089 0.697287
vt 0.569089 0.697287
vt 0.569089 0.697287
vt 0.569089 0.694639
vt 0.569089 0.694639
vt 0.571737 0.694639
vt 0.571737 0.694639
vt 0.571737 0.694639
vt 0.571737 0.697287
vt 0.571737 0.697287
vt 0.569089 0.699935
vt 0.569089 0.699935
vt 0.569089 0.697287
vt 0.569089 0.697287
vt 0.867006 0.767695
vt 0.882656 0.602123
vt 0.945981 0.593158
vt 0.946405 0.601972
vt 0.882233 0.593310
vt 0.945854 0.581941
vt 0.933980 0.767695
vt 0.803288 0.900722
vt 0.866523 0.891941
vt 0.867006 0.900623
vt 0.802805 0.892039
vt 0.866377 0.880758
vt 0.442289 0.738397
vt 0.870247 0.900707
vt 0.933525 0.891739
vt 0.933980 0.900548
vt 0.869792 0.891899
vt 0.933387 0.880524
vt 0.569089 0.694639
vt 0.569089 0.694639
vt 0.569089 0.694639
vt 0.571737 0.694639
vt 0.571737 0.694639
vt 0.569089 0.699935
vt 0.569089 0.699935
vt 0.569089 0.699935
vt 0.569089 0.697287
vt 0.569089 0.697287
vt 0.569089 0.694639
vt 0.569089 0.694639
vt 0.571737 0.694639
vt 0.571737 0.694639
vt 0.569089 0.699935
vt 0.569089 0.699935
vt 0.569089 0.697287
vt 0.569089 0.697287
vt 0.569089 0.697287
vt 0.569089 0.694639
vt 0.569089 0.694639
vt 0.571737 0.694639
vt 0.571737 0.694639
vt 0.571737 0.694639
vt 0.569089 0.699935
vt 0.569089 0.699935
vt 0.569089 0.697287
vt 0.569089 0.697287
vt 0.569089 0.694639
vt 0.569089 0.694639
vt 0.569089 0.694639
vt 0.571737 0.694639
vt 0.571737 0.694639
vt 0.513378 0.842094
vt 0.301667 0.992166
vt 0.364850 0.983202
vt 0.365273 0.992015
vt 0.301244 0.983353
vt 0.364722 0.971985
vt 0.580209 0.842094
vt 0.449802 0.975121
vt 0.512895 0.966340
vt 0.513378 0.975023
vt 0.449319 0.966439
vt 0.512749 0.955158
vt 0.946390 0.618409
vt 0.516618 0.975106
vt 0.579754 0.966139
vt 0.580209 0.974947
vt 0.516163 0.966298
vt 0.579617 0.954923
vt 0.898185 0.261203
vt 0.961716 0.249828
vt 0.961854 0.261043
vt 0.898640 0.270011
vt 0.962309 0.269852
vt 0.800011 0.767695
vt 0.898194 0.125668
vt 0.961702 0.114387
vt 0.961847 0.125570
vt 0.898677 0.134351
vt 0.962331 0.134252
vt 0.962309 0.136999
vt 0.898175 0.396846
vt 0.961732 0.385477
vt 0.961860 0.396694
vt 0.898599 0.405659
vt 0.962284 0.405508
vt 0.962331 0.001324
vt 0.569089 0.697287
vt 0.569089 0.697287
vt 0.569089 0.697287
vt 0.569089 0.694639
vt 0.569089 0.694639
vt 0.571737 0.694639
vt 0.571737 0.694639
vt 0.566441 0.694639
vt 0.566441 0.694639
vt 0.566441 0.694639
vt 0.569089 0.697287
vt 0.569089 0.697287
vt 0.569089 0.694639
vt 0.569089 0.694639
vt 0.571737 0.694639
vt 0.857511 0.615761
vt 0.865221 0.607169
vt 0.868484 0.612821
vt 0.708225 0.618409
vt 0.715935 0.627001
vt 0.707373 0.624879
vt 0.126015 0.589111
vt 0.024123 0.595581
vt 0.023271 0.589111
vt 0.730180 0.593814
vt 0.721588 0.601525
vt 0.723710 0.592962
vt 0.879448 0.640356
vt 0.870856 0.632645
vt 0.876507 0.629383
vt 0.297248 0.611059
vt 0.288656 0.603348
vt 0.294307 0.600085
vt 0.876517 0.604787
vt 0.870866 0.601524
vt 0.719198 0.621349
vt 0.721579 0.632645
vt 0.001324 0.611059
vt 0.009916 0.603348
vt 0.007794 0.611910
vt 0.727239 0.604787
vt 0.715943 0.607169
vt 0.275301 0.735749
vt 0.283011 0.727157
vt 0.286274 0.732809
vt 0.879457 0.593814
vt 0.872988 0.592962
vt 0.730170 0.640356
vt 0.727230 0.629383
vt 0.004264 0.600085
vt 0.015560 0.597703
vt 0.708233 0.615761
vt 0.719206 0.612821
vt 0.294307 0.724776
vt 0.288656 0.721513
vt 0.732828 0.593814
vt 0.741419 0.601524
vt 0.735768 0.604787
vt 0.583542 0.640356
vt 0.592133 0.632645
vt 0.590011 0.641208
vt 0.012298 0.592052
vt 0.730180 0.491070
vt 0.721588 0.483359
vt 0.727239 0.480097
vt 0.297248 0.713802
vt 0.290778 0.712950
vt 0.743801 0.612821
vt 0.747064 0.607169
vt 0.586482 0.629383
vt 0.597777 0.627001
vt 0.023271 0.735749
vt 0.015560 0.727157
vt 0.024123 0.729279
vt 0.719206 0.472063
vt 0.715943 0.477715
vt 0.150610 0.713802
vt 0.159202 0.721513
vt 0.153550 0.724776
vt 0.754774 0.615761
vt 0.755626 0.609291
vt 0.605488 0.618409
vt 0.594515 0.621349
vt 0.012298 0.732809
vt 0.009916 0.721513
vt 0.708233 0.469123
vt 0.707381 0.475593
vt 0.161584 0.732809
vt 0.164846 0.727157
vt 0.605488 0.765047
vt 0.707373 0.758577
vt 0.708225 0.765047
vt 0.001324 0.713802
vt 0.004264 0.724776
vt 0.605489 0.615761
vt 0.707381 0.609291
vt 0.172557 0.735749
vt 0.173409 0.729279
vt 0.590012 0.742248
vt 0.583542 0.743100
vt 0.147962 0.713802
vt 0.139370 0.721513
vt 0.141492 0.712950
vt 0.723710 0.491922
vt 0.172557 0.589111
vt 0.164846 0.597703
vt 0.161584 0.592052
vt 0.730171 0.743100
vt 0.723701 0.641208
vt 0.145022 0.724776
vt 0.133726 0.727157
vt 0.583542 0.491070
vt 0.590012 0.592962
vt 0.583542 0.593814
vt 0.153550 0.600085
vt 0.159202 0.603348
vt 0.606339 0.624879
vt 0.126015 0.735749
vt 0.136988 0.732809
vt 0.606341 0.475593
vt 0.605489 0.469123
vt 0.150610 0.611059
vt 0.157080 0.611910
vt 0.857502 0.618409
vt 0.755616 0.624879
vt 0.754765 0.618409
vt 0.569089 0.699935
vt 0.569089 0.699935
vt 0.569089 0.699935
vt 0.571737 0.697287
vt 0.571737 0.697287
vt 0.571737 0.697287
vt 0.571737 0.694639
vt 0.571737 0.694639
vt 0.569089 0.694639
vt 0.566441 0.694639
vt 0.566441 0.694639
vt 0.566441 0.694639
vt 0.569089 0.699935
vt 0.569089 0.699935
vt 0.571737 0.697287
vt 0.571737 0.697287
vt 0.569089 0.694639
vt 0.566441 0.694639
vt 0.566441 0.694639
vt 0.566441 0.694639
vt 0.569089 0.699935
vt 0.569089 0.699935
vt 0.571737 0.697287
vt 0.571737 0.697287
vt 0.569089 0.694639
vt 0.566441 0.694639
vt 0.566441 0.694639
vt 0.569089 0.699935
vt 0.571737 0.697287
vt 0.571737 0.697287
vt 0.571737 0.697287
vt 0.569089 0.694639
vt 0.566441 0.694639
vt 0.566441 0.694639
vt 0.569089 0.699935
vt 0.571737 0.697287
vt 0.571737 0.697287
vt 0.566441 0.694639
vt 0.566441 0.694639
vt 0.569089 0.699935
vt 0.571737 0.697287
vt 0.571737 0.697287
vt 0.569089 0.697287
vt 0.569089 0.697287
vt 0.566441 0.694639
vt 0.569089 0.699935
vt 0.571737 0.697287
vt 0.569089 0.697287
vt 0.569089 0.697287
vt 0.566441 0.694639
vt 0.566441 0.694639
vt 0.571737 0.697287
vt 0.569089 0.697287
vt 0.566441 0.694639
vt 0.566441 0.694639
vt 0.571737 0.697287
vt 0.569089 0.697287
vt 0.569089 0.697287
vt 0.566441 0.694639
vt 0.571737 0.697287
vt 0.569089 0.697287
vt 0.569089 0.697287
vt 0.566441 0.694639
vt 0.566441 0.694639
vt 0.569089 0.697287
vt 0.566441 0.694639
vt 0.566441 0.694639
vt 0.571737 0.694639
vt 0.569089 0.697287
vt 0.569089 0.697287
vt 0.566441 0.694639
vt 0.571737 0.694639
vt 0.569089 0.697287
vt 0.569089 0.697287
vt 0.566441 0.694639
vt 0.566441 0.694639
vt 0.571737 0.694639
vt 0.569089 0.697287
vt 0.566441 0.694639
vt 0.981969 0.885274
vt 0.989345 0.876514
vt 0.989450 0.885248
vt 0.982294 0.891462
vt 0.989775 0.891437
vt 0.289330 0.867628
vt 0.297004 0.859351
vt 0.296800 0.867578
vt 0.980986 0.736172
vt 0.988354 0.727442
vt 0.988465 0.736153
vt 0.981331 0.742272
vt 0.988810 0.742253
vt 0.982142 0.776023
vt 0.989775 0.767695
vt 0.989623 0.775998
vt 0.983551 0.254567
vt 0.990937 0.245808
vt 0.991034 0.254543
vt 0.983854 0.260760
vt 0.991337 0.260736
vt 0.981170 0.626781
vt 0.988810 0.618409
vt 0.988649 0.626762
vt 0.983792 0.009696
vt 0.991354 0.001324
vt 0.991193 0.009677
vt 0.437128 0.997826
vt 0.444230 0.991610
vt 0.444533 0.997802
vt 0.436825 0.991634
vt 0.444133 0.982875
vt 0.212800 0.882391
vt 0.220355 0.874063
vt 0.220204 0.882365
vt 0.983953 0.125187
vt 0.991009 0.119068
vt 0.991354 0.125169
vt 0.983607 0.119087
vt 0.990898 0.110357
vt 0.981135 0.477400
vt 0.988732 0.469123
vt 0.988527 0.477351
vt 0.212952 0.997830
vt 0.220030 0.991616
vt 0.220355 0.997805
vt 0.212627 0.991641
vt 0.219925 0.982882
vt 0.047700 0.991662
vt 0.054934 0.982903
vt 0.055039 0.991637
vt 0.048025 0.997851
vt 0.055364 0.997826
vt 0.983807 0.280935
vt 0.991340 0.272659
vt 0.991135 0.280887
vt 0.013899 0.991846
vt 0.021126 0.983117
vt 0.021237 0.991828
vt 0.014245 0.997946
vt 0.021582 0.997928
vt 0.047874 0.882411
vt 0.055364 0.874084
vt 0.055213 0.882386
vt 0.058110 0.991651
vt 0.065353 0.982893
vt 0.065451 0.991628
vt 0.058413 0.997844
vt 0.065753 0.997820
vt 0.014084 0.882455
vt 0.021582 0.874084
vt 0.021421 0.882437
vt 0.983432 0.381172
vt 0.047595 0.982928
vt 0.065612 0.882384
vt 0.058012 0.982916
vt 0.058271 0.882408
vt 0.013788 0.983135
vt 0.990760 0.381123
vt 0.983573 0.389933
vt 0.990901 0.389885
vt 0.984012 0.396242
vt 0.065753 0.874084
vt 0.058413 0.874107
vt 0.288955 0.967864
vt 0.981864 0.876540
vt 0.991196 0.145299
vt 0.983454 0.245832
vt 0.983713 0.145323
vt 0.980875 0.727461
vt 0.296425 0.967815
vt 0.289096 0.976625
vt 0.296566 0.976576
vt 0.289534 0.982934
vt 0.991337 0.136999
vt 0.983854 0.137023
vt 0.444533 0.874066
vt 0.436986 0.882390
vt 0.437128 0.874089
vt 0.988293 0.586348
vt 0.981339 0.592707
vt 0.980901 0.586397
vt 0.988152 0.577587
vt 0.980760 0.577636
vt 0.983496 0.110376
vt 0.444391 0.882366
vt 0.436727 0.982899
vt 0.212522 0.982907
vt 0.286274 0.592052
vt 0.283011 0.597703
vt 0.868475 0.621349
vt 0.865212 0.627001
vt 0.592134 0.601525
vt 0.586482 0.604787
vt 0.007794 0.712950
vt 0.715936 0.756455
vt 0.719198 0.762107
vt 0.857510 0.469123
vt 0.865221 0.477715
vt 0.856659 0.475593
vt 0.275301 0.589111
vt 0.274449 0.595581
vt 0.856650 0.624879
vt 0.594515 0.612821
vt 0.597778 0.607169
vt 0.141492 0.611910
vt 0.147962 0.611059
vt 0.727231 0.754073
vt 0.721580 0.750811
vt 0.868483 0.472063
vt 0.870865 0.483359
vt 0.274449 0.729279
vt 0.857502 0.765047
vt 0.865213 0.756455
vt 0.868475 0.762107
vt 0.606341 0.609291
vt 0.125163 0.729279
vt 0.723702 0.742248
vt 0.879456 0.491070
vt 0.876516 0.480097
vt 0.290778 0.611910
vt 0.876508 0.754073
vt 0.870857 0.750811
vt 0.597778 0.477715
vt 0.594515 0.472063
vt 0.133726 0.597703
vt 0.125163 0.595581
vt 0.592134 0.750811
vt 0.586483 0.754073
vt 0.732828 0.491070
vt 0.741419 0.483359
vt 0.739297 0.491922
vt 0.157080 0.712950
vt 0.879448 0.743100
vt 0.872979 0.742248
vt 0.586482 0.480097
vt 0.592134 0.483359
vt 0.136988 0.592052
vt 0.139370 0.603348
vt 0.594515 0.762107
vt 0.597778 0.756455
vt 0.735768 0.480097
vt 0.747063 0.477715
vt 0.173409 0.595581
vt 0.732819 0.743100
vt 0.741411 0.750811
vt 0.735760 0.754073
vt 0.590012 0.491922
vt 0.145022 0.600085
vt 0.606340 0.758577
vt 0.754773 0.469123
vt 0.743801 0.472063
vt 0.743792 0.762107
vt 0.747055 0.756455
vt 0.856659 0.609291
vt 0.754765 0.765047
vt 0.755617 0.758577
vt 0.739298 0.592962
vt 0.732819 0.640356
vt 0.741410 0.632645
vt 0.739288 0.641208
vt 0.872987 0.491922
vt 0.735759 0.629383
vt 0.747054 0.627001
vt 0.755625 0.475593
vt 0.743792 0.621349
vt 0.856651 0.758577
vt 0.739289 0.742248
vt 0.872978 0.641208
vt 0.570988 0.706387
vt 0.703492 0.987158
vt 0.672242 0.986921
vt 0.693144 0.987169
vt 0.689392 0.987288
vt 0.966142 0.381164
vt 0.979679 0.136999
vt 0.979216 0.001324
vt 0.286307 0.969566
vt 0.936628 0.767695
vt 0.224258 0.860046
vt 0.976264 0.991086
vt 0.209874 0.984843
vt 0.735064 0.166163
vt 0.149969 0.874351
vt 0.735064 0.279088
vt 0.044947 0.984324
vt 0.100944 0.984319
vt 0.948209 0.881075
vt 0.951605 0.618409
vt 0.024230 0.874150
vt 0.972229 0.767695
vt 0.128872 0.984292
vt 0.668104 0.998369
vt 0.523585 0.706386
vt 0.980784 0.305699
vt 0.638030 0.317601
vt 0.964957 0.212466
vt 0.964979 0.077081
vt 0.978226 0.618673
vt 0.978112 0.469548
vt 0.660141 0.998644
vt 0.367922 0.969220
vt 0.949053 0.579300
vt 0.434079 0.875026
vt 0.576732 0.804836
vt 0.001324 0.984201
vt 0.377853 0.984322
vt 0.745083 0.166169
vt 0.103592 0.984854
vt 0.256610 0.970247
vt 0.956345 0.880754
vt 0.936628 0.990995
vt 0.446525 0.713802
vt 0.424579 0.735749
vt 0.443585 0.724776
vt 0.435552 0.732809
vt 0.321842 0.735749
vt 0.310869 0.732809
vt 0.302837 0.724776
vt 0.299896 0.611059
vt 0.302836 0.600085
vt 0.310869 0.592052
vt 0.424579 0.589111
vt 0.435552 0.592052
vt 0.443584 0.600085
vt 0.800011 0.900373
vt 0.001953 0.738507
vt 0.076249 0.738575
vt 0.449971 0.706768
vt 0.442289 0.871075
vt 0.946390 0.751087
vt 0.520937 0.839065
vt 0.803288 0.767794
vt 0.870247 0.767855
vt 0.378651 0.738739
vt 0.449802 0.842193
vt 0.516618 0.842254
vt 0.882894 0.618750
vt 0.736438 0.768037
vt 0.898640 0.137159
vt 0.898677 0.001423
vt 0.289534 0.859400
vt 0.982294 0.767720
vt 0.981331 0.618428
vt 0.983953 0.001343
vt 0.212952 0.874088
vt 0.981339 0.469172
vt 0.984012 0.272708
vt 0.048025 0.874109
vt 0.014245 0.874102
vt 0.991340 0.396194
vt 0.297004 0.982885
vt 0.988732 0.592658
vt 0.284141 0.778597
vt 0.269182 0.816033
vt 0.269182 0.776045
vt 0.253176 0.816961
vt 0.253176 0.774511
vt 0.236739 0.817335
vt 0.236739 0.774053
vt 0.514590 0.615415
vt 0.501989 0.630622
vt 0.497968 0.615415
vt 0.518431 0.601399
vt 0.494301 0.601398
vt 0.491127 0.589111
vt 0.521839 0.589112
vt 0.297479 0.782067
vt 0.284141 0.814584
vt 0.297479 0.812672
vt 0.285303 0.847269
vt 0.270473 0.852350
vt 0.254547 0.855516
vt 0.238137 0.856645
vt 0.483574 0.623726
vt 0.473403 0.613464
vt 0.464529 0.604468
vt 0.494650 0.634859
vt 0.475263 0.638121
vt 0.461338 0.634363
vt 0.449173 0.631068
vt 0.301116 0.837833
vt 0.315351 0.816560
vt 0.314256 0.845844
vt 0.330287 0.819226
vt 0.329069 0.851765
vt 0.346279 0.820827
vt 0.344986 0.855370
vt 0.362714 0.821299
vt 0.361396 0.856519
vt 0.330287 0.779304
vt 0.346279 0.778445
vt 0.362714 0.778087
vt 0.490414 0.642198
vt 0.475263 0.654744
vt 0.461338 0.658495
vt 0.449173 0.661782
vt 0.302048 0.812929
vt 0.315351 0.780630
vt 0.490414 0.650672
vt 0.483574 0.669139
vt 0.473403 0.679394
vt 0.464529 0.688381
vt 0.301116 0.754355
vt 0.314256 0.747684
vt 0.329069 0.742695
vt 0.344987 0.739582
vt 0.361396 0.738462
vt 0.719714 0.778389
vt 0.703164 0.804373
vt 0.704807 0.772411
vt 0.687098 0.802730
vt 0.688841 0.768800
vt 0.670655 0.802290
vt 0.672432 0.767695
vt 0.494650 0.658010
vt 0.497968 0.677450
vt 0.494301 0.691460
vt 0.491127 0.703738
vt 0.732991 0.786504
vt 0.718236 0.807154
vt 0.518431 0.691460
vt 0.521839 0.703738
vt 0.731734 0.841436
vt 0.718236 0.842983
vt 0.703164 0.844184
vt 0.687098 0.844994
vt 0.670655 0.845381
vt 0.501989 0.662247
vt 0.514590 0.677450
vt 0.688841 0.884266
vt 0.672432 0.885422
vt 0.517800 0.658010
vt 0.528984 0.669139
vt 0.539329 0.679394
vt 0.548437 0.688381
vt 0.719714 0.876276
vt 0.704806 0.881177
vt 0.551394 0.658496
vt 0.563793 0.661782
vt 0.644381 0.778395
vt 0.656626 0.811306
vt 0.643361 0.807662
vt 0.628453 0.804984
vt 0.629587 0.772464
vt 0.612476 0.803375
vt 0.613680 0.768851
vt 0.596044 0.802895
vt 0.597271 0.767695
vt 0.522037 0.650672
vt 0.537295 0.654744
vt 0.628453 0.844903
vt 0.612476 0.845753
vt 0.596044 0.846103
vt 0.537295 0.638122
vt 0.551394 0.634364
vt 0.563793 0.631068
vt 0.643361 0.843589
vt 0.548437 0.604469
vt 0.657493 0.869887
vt 0.644381 0.876547
vt 0.629587 0.881525
vt 0.613680 0.884630
vt 0.597271 0.885742
vt 0.522037 0.642198
vt 0.528984 0.623726
vt 0.539329 0.613465
vt 0.254547 0.739540
vt 0.238137 0.738397
vt 0.510462 0.630622
vt 0.285303 0.748950
vt 0.270473 0.743104
vt 0.660141 0.802398
vt 0.643390 0.161516
vt 0.682798 0.150312
vt 0.685800 0.161516
vt 0.371925 0.856454
vt 0.660141 0.845490
vt 0.714327 0.132109
vt 0.722529 0.140311
vt 0.643390 0.003239
vt 0.614864 0.032646
vt 0.606662 0.024444
vt 0.596661 0.064174
vt 0.585456 0.061172
vt 0.722529 0.024444
vt 0.682798 0.014443
vt 0.685801 0.003239
vt 0.743734 0.103583
vt 0.732530 0.100580
vt 0.606662 0.140311
vt 0.646392 0.150312
vt 0.585512 0.846164
vt 0.227610 0.738454
vt 0.743734 0.061172
vt 0.714327 0.032646
vt 0.596661 0.100580
vt 0.585456 0.103583
vt 0.732530 0.064175
vt 0.373243 0.778022
vt 0.646392 0.014443
vt 0.226212 0.817392
vt 0.586739 0.767756
vt 0.226212 0.774110
vt 0.661919 0.767803
vt 0.614864 0.132109
vt 0.373243 0.821234
vt 0.585512 0.802956
vt 0.605260 0.023042
vt 0.583542 0.803674
vt 0.583542 0.845862
vt 0.686314 0.163431
vt 0.605260 0.141713
vt 0.583542 0.104096
vt 0.642877 0.001324
vt 0.642877 0.163431
vt 0.723931 0.023042
vt 0.745649 0.060659
vt 0.583542 0.060659
vt 0.745649 0.104096
vt 0.375206 0.778325
vt 0.686314 0.001324
vt 0.224258 0.774794
vt 0.224258 0.817053
vt 0.298468 0.840468
vt 0.302048 0.782374
vt 0.731734 0.810966
vt 0.510462 0.662247
vt 0.732991 0.869750
vt 0.657493 0.786415
vt 0.656626 0.841858
vt 0.517800 0.634859
vt 0.298468 0.756854
vt 0.661919 0.885531
vt 0.586739 0.885803
vt 0.371925 0.738397
vt 0.227610 0.856702
vt 0.723930 0.141713
vt 0.375206 0.820516
vt 0.745201 0.466475
vt 0.735054 0.456409
vt 0.748793 0.457474
vt 0.595802 0.925288
vt 0.597590 0.912307
vt 0.607065 0.918373
vt 0.882148 0.451852
vt 0.884028 0.437694
vt 0.893225 0.446905
vt 0.620979 0.900101
vt 0.618553 0.914156
vt 0.609713 0.902147
vt 0.907092 0.439379
vt 0.904693 0.451969
vt 0.895873 0.438457
vt 0.740250 0.443577
vt 0.750826 0.431158
vt 0.754040 0.444645
vt 0.737088 0.430092
vt 0.618553 0.888451
vt 0.765905 0.437379
vt 0.762743 0.423894
vt 0.774315 0.432287
vt 0.764648 0.453643
vt 0.776565 0.446380
vt 0.882148 0.424245
vt 0.893225 0.430678
vt 0.759453 0.466475
vt 0.595802 0.898019
vt 0.607065 0.902345
vt 0.904693 0.425710
vt 0.918965 0.447572
vt 0.918383 0.459729
vt 0.632856 0.891996
vt 0.632856 0.907882
vt 0.632225 0.922908
vt 0.619905 0.925664
vt 0.870024 0.445617
vt 0.870024 0.429390
vt 0.583542 0.920599
vt 0.583542 0.904570
vt 0.584334 0.889826
vt 0.598873 0.888451
vt 0.918383 0.417242
vt 0.918965 0.431343
vt 0.870565 0.459725
vt 0.870565 0.417242
vt 0.572432 0.691803
vt 0.579069 0.589111
vt 0.579069 0.691992
vt 0.958993 0.983356
vt 0.966282 0.880706
vt 0.966282 0.983613
vt 0.144099 0.874076
vt 0.144099 0.976837
vt 0.138252 0.874101
vt 0.131520 0.874775
vt 0.712812 0.991020
vt 0.716514 0.888179
vt 0.720106 0.991020
vt 0.566441 0.691183
s off
f 345/1 445/2 346/3
f 354/4 511/5 353/6
f 353/7 387/8 357/9
f 586/10 376/11 472/12
f 586/10 475/13 376/11
f 586/10 474/14 475/13
f 417/15 470/16 363/17
f 422/18 472/12 421/19
f 580/20 585/21 418/22
f 580/23 473/24 585/25
f 585/25 473/24 361/26
f 473/24 413/27 361/26
f 365/28 415/29 574/30
f 475/13 379/31 516/32
f 474/14 592/33 475/13
f 515/34 475/13 516/32
f 476/35 477/36 412/37
f 478/38 378/39 379/31
f 478/38 480/40 378/39
f 479/41 480/40 478/38
f 480/40 393/42 378/39
f 559/43 408/44 367/45
f 381/46 481/47 482/48
f 381/46 482/48 484/49
f 545/50 370/51 401/52
f 397/53 339/54 370/51
f 483/55 487/56 482/48
f 484/49 489/57 491/58
f 517/59 486/60 485/61
f 488/62 492/63 487/56
f 493/64 494/65 491/66
f 490/67 494/68 384/69
f 494/65 492/70 373/71
f 642/72 633/73 346/3
f 633/73 632/74 346/3
f 386/75 496/76 495/77
f 495/77 496/76 416/78
f 416/78 496/76 580/23
f 496/76 405/79 580/23
f 497/80 567/81 358/82
f 498/83 410/84 497/80
f 410/84 499/85 411/86
f 501/87 557/88 406/89
f 500/90 501/87 406/89
f 619/91 424/92 434/93
f 504/94 505/95 541/96
f 431/97 507/98 508/99
f 507/98 350/100 506/101
f 420/102 351/103 350/100
f 423/104 420/102 590/105
f 392/106 540/107 356/108
f 509/109 396/110 540/107
f 469/111 511/112 510/113
f 387/8 392/106 357/9
f 512/114 514/115 537/116
f 513/117 516/32 514/115
f 514/115 516/32 379/31
f 528/118 379/31 378/39
f 484/49 491/58 490/67
f 517/59 490/67 384/69
f 532/119 519/120 518/121
f 395/122 509/109 519/120
f 509/109 621/123 519/120
f 357/9 392/106 520/124
f 521/125 376/11 515/34
f 376/11 475/13 515/34
f 536/126 524/127 523/128
f 523/128 524/127 521/125
f 391/129 393/42 525/130
f 393/42 480/40 381/46
f 340/131 525/130 484/49
f 538/132 391/129 525/130
f 341/133 394/134 390/135
f 387/8 526/136 509/109
f 392/106 387/8 509/109
f 510/113 591/137 526/136
f 399/138 537/116 552/139
f 529/140 485/61 339/54
f 485/61 530/141 517/59
f 530/141 538/132 340/131
f 504/94 396/110 395/122
f 395/122 396/110 509/109
f 527/142 534/143 512/114
f 534/143 535/144 513/117
f 537/116 391/129 552/139
f 548/145 538/132 397/53
f 397/53 538/132 530/141
f 533/146 341/133 536/126
f 540/107 541/96 402/147
f 356/108 540/107 402/147
f 543/148 542/149 541/96
f 543/148 500/90 542/149
f 503/150 543/148 505/95
f 542/149 500/90 406/89
f 541/96 542/149 402/147
f 403/151 544/152 552/139
f 553/153 544/152 403/151
f 546/154 397/53 370/51
f 547/155 548/145 546/154
f 555/156 544/152 553/153
f 549/157 527/142 544/152
f 550/158 527/142 549/157
f 400/159 539/160 551/161
f 505/95 400/159 503/150
f 503/150 400/159 404/162
f 556/163 551/161 539/160
f 545/50 562/164 547/155
f 562/164 552/139 547/155
f 562/164 403/151 552/139
f 407/165 404/162 499/85
f 499/85 404/162 556/163
f 558/166 497/80 358/82
f 558/166 407/165 497/80
f 557/88 457/167 406/89
f 407/165 558/166 557/88
f 569/168 563/169 405/79
f 559/43 560/170 408/44
f 561/171 545/50 401/52
f 408/44 401/52 368/172
f 571/173 554/174 403/151
f 563/169 550/158 573/175
f 573/175 550/158 549/157
f 405/79 563/169 573/175
f 409/176 578/177 571/173
f 553/153 554/174 578/177
f 411/86 386/75 410/84
f 410/178 568/179 567/180
f 567/180 568/179 358/181
f 411/86 569/168 496/76
f 570/182 367/45 412/37
f 572/183 571/173 570/182
f 581/184 573/175 413/27
f 415/29 575/185 574/30
f 576/186 575/187 415/188
f 414/189 577/190 415/188
f 576/186 578/177 575/187
f 578/177 409/176 575/187
f 577/190 564/191 576/186
f 576/186 564/191 578/177
f 575/185 409/192 574/30
f 565/193 564/191 579/194
f 413/27 555/156 565/193
f 418/22 416/195 580/20
f 473/24 581/184 413/27
f 473/24 580/23 581/184
f 405/79 581/184 580/23
f 413/27 565/193 584/196
f 470/197 582/198 471/199
f 470/197 417/200 584/196
f 471/201 583/202 365/28
f 471/201 582/203 579/204
f 582/198 584/196 579/194
f 583/202 414/205 365/28
f 585/21 361/206 418/22
f 586/10 428/207 598/208
f 474/14 598/208 426/209
f 472/12 422/18 428/207
f 422/18 601/210 428/207
f 601/210 436/211 428/207
f 587/212 427/213 602/214
f 481/47 587/212 594/215
f 587/212 602/214 595/216
f 594/215 587/212 595/216
f 391/129 548/145 552/139
f 385/217 389/218 589/219
f 589/219 518/121 588/220
f 389/218 518/121 589/219
f 621/123 588/220 519/120
f 423/104 590/105 388/221
f 590/105 591/137 388/221
f 423/222 388/223 351/224
f 474/14 426/209 429/225
f 429/225 593/226 479/41
f 478/38 592/33 479/41
f 483/55 594/215 383/227
f 372/228 383/227 430/229
f 621/123 509/109 526/136
f 526/230 591/231 590/232
f 421/19 597/233 608/234
f 608/234 389/218 385/217
f 597/233 389/218 608/234
f 598/208 610/235 426/209
f 610/235 614/236 426/209
f 613/237 426/209 614/236
f 436/211 610/235 598/208
f 602/214 599/238 603/239
f 419/240 432/241 589/219
f 609/242 419/240 588/220
f 600/243 593/226 616/244
f 593/226 605/245 616/244
f 599/238 616/244 438/246
f 427/213 600/243 599/238
f 601/210 610/235 436/211
f 601/210 611/247 610/235
f 382/248 603/239 437/249
f 603/239 604/250 437/249
f 603/239 382/248 606/251
f 593/226 429/225 605/245
f 606/251 382/248 430/229
f 420/102 596/252 590/105
f 433/253 422/18 608/234
f 619/91 609/242 620/254
f 437/249 604/250 618/255
f 622/256 433/253 623/257
f 623/257 433/253 432/241
f 435/258 425/259 630/260
f 630/260 609/242 631/261
f 609/242 425/259 419/240
f 425/259 432/241 419/240
f 611/247 614/236 610/235
f 611/247 612/262 614/236
f 612/262 625/263 605/245
f 616/244 605/245 615/264
f 616/244 615/264 438/246
f 438/246 615/264 627/265
f 617/266 627/265 618/255
f 603/239 438/246 604/250
f 604/250 617/266 618/255
f 619/91 507/98 424/92
f 620/254 507/98 619/91
f 620/254 621/123 507/98
f 621/123 508/99 507/98
f 623/257 612/262 611/247
f 625/263 612/262 637/267
f 440/268 435/258 634/269
f 624/270 623/257 435/258
f 634/269 630/260 439/271
f 435/258 630/260 634/269
f 440/268 443/272 612/262
f 441/273 635/274 627/265
f 439/271 629/275 628/276
f 439/271 631/261 629/275
f 629/275 619/91 434/93
f 631/261 619/91 629/275
f 629/275 434/93 349/277
f 380/278 618/255 627/265
f 642/72 634/269 633/73
f 632/74 628/276 348/279
f 633/73 439/271 628/276
f 643/280 634/269 642/72
f 635/274 441/273 375/281
f 441/273 442/282 636/283
f 636/283 639/284 375/281
f 637/267 443/272 444/285
f 637/267 444/285 641/286
f 442/282 637/267 641/286
f 640/287 645/288 446/289
f 447/290 639/291 641/292
f 641/292 444/293 447/290
f 444/285 640/287 644/294
f 643/280 642/72 445/2
f 638/295 440/268 643/280
f 446/296 343/297 644/298
f 644/298 343/297 447/299
f 343/297 645/300 345/301
f 344/302 343/297 345/301
f 342/303 344/302 345/301
f 342/303 346/304 448/305
f 448/305 632/306 449/307
f 349/308 449/307 348/309
f 347/310 349/311 506/312
f 347/310 506/312 450/313
f 506/312 350/314 450/313
f 351/224 354/4 452/315
f 452/315 354/4 352/316
f 356/317 453/318 520/319
f 453/318 357/320 520/319
f 454/321 402/322 542/323
f 455/324 542/323 406/325
f 455/324 457/326 456/327
f 457/326 358/328 456/327
f 457/326 455/324 406/325
f 456/329 568/179 458/330
f 458/330 568/179 566/331
f 360/332 458/330 566/331
f 418/333 359/334 360/332
f 362/335 361/336 338/337
f 362/335 338/337 363/17
f 365/28 459/338 363/17
f 459/338 362/335 363/17
f 459/338 574/30 364/339
f 364/339 476/340 366/341
f 364/339 574/30 476/340
f 460/342 366/341 367/343
f 368/344 460/342 367/343
f 366/341 412/345 367/343
f 460/342 370/346 369/347
f 461/348 369/349 339/350
f 486/351 461/348 339/350
f 462/352 384/353 494/65
f 463/354 494/65 373/71
f 465/355 464/356 437/357
f 464/356 382/358 437/357
f 466/359 465/355 437/357
f 466/359 437/357 618/360
f 345/1 377/361 445/2
f 638/295 445/2 377/361
f 343/297 468/362 447/299
f 469/363 353/6 511/5
f 387/364 353/6 469/363
f 363/17 338/337 417/15
f 472/12 376/11 524/127
f 363/17 470/16 471/201
f 365/28 363/17 471/201
f 421/19 472/12 524/127
f 361/26 413/27 584/196
f 417/200 361/26 584/196
f 414/205 415/29 365/28
f 475/13 592/33 379/31
f 574/30 409/192 476/340
f 477/365 476/340 409/192
f 592/33 478/38 379/31
f 479/41 381/46 480/40
f 381/46 479/41 481/47
f 479/41 587/212 481/47
f 408/44 368/172 367/45
f 368/172 401/52 370/51
f 397/53 529/140 339/54
f 484/49 482/48 489/57
f 481/47 483/55 482/48
f 489/57 482/48 487/56
f 486/60 339/54 485/61
f 517/59 384/69 486/60
f 483/366 488/367 487/368
f 491/58 489/57 493/369
f 483/366 373/71 488/367
f 487/56 492/63 489/57
f 488/367 373/71 492/70
f 489/57 492/63 493/369
f 491/66 494/65 490/370
f 493/64 492/70 494/65
f 386/371 411/372 496/373
f 360/374 495/77 416/78
f 348/279 628/276 349/277
f 407/165 499/85 498/83
f 497/80 410/84 567/81
f 498/83 499/85 410/84
f 407/165 498/83 497/80
f 500/90 543/148 503/150
f 500/90 503/150 501/87
f 501/87 502/375 557/88
f 501/87 503/150 502/375
f 557/88 502/375 407/165
f 502/375 503/150 404/162
f 407/165 502/375 404/162
f 434/93 424/92 349/277
f 396/110 504/94 541/96
f 504/94 531/376 505/95
f 541/96 505/95 543/148
f 431/97 350/100 507/98
f 423/222 351/224 420/377
f 392/106 509/109 540/107
f 387/8 469/111 510/113
f 388/223 511/5 354/4
f 351/224 388/223 354/4
f 512/114 513/117 514/115
f 513/117 515/34 516/32
f 537/116 514/115 528/118
f 393/42 391/129 528/118
f 528/118 514/115 379/31
f 393/42 528/118 378/39
f 340/131 484/49 490/67
f 517/59 340/131 490/67
f 394/134 532/119 518/121
f 389/218 394/134 518/121
f 520/124 392/106 356/108
f 513/117 535/144 515/34
f 535/144 521/125 515/34
f 512/114 534/143 513/117
f 521/125 524/127 376/11
f 536/126 522/378 524/127
f 535/144 523/128 521/125
f 525/130 393/42 381/46
f 538/132 525/130 340/131
f 525/130 381/46 484/49
f 522/378 341/133 390/135
f 522/378 390/135 597/233
f 390/135 389/218 597/233
f 522/378 597/233 524/127
f 536/126 341/133 522/378
f 390/135 394/134 389/218
f 387/8 510/113 526/136
f 527/142 512/114 399/138
f 544/152 527/142 399/138
f 399/138 512/114 537/116
f 391/129 537/116 528/118
f 529/140 530/141 485/61
f 517/59 530/141 340/131
f 529/140 397/53 530/141
f 531/376 532/119 398/379
f 398/379 532/119 394/134
f 531/376 395/122 532/119
f 395/122 519/120 532/119
f 504/94 395/122 531/376
f 534/143 550/158 535/144
f 550/158 534/143 527/142
f 550/158 533/146 535/144
f 533/146 536/126 535/144
f 536/126 523/128 535/144
f 533/146 539/160 341/133
f 540/107 396/110 541/96
f 457/167 558/166 358/82
f 545/50 547/155 546/154
f 546/154 548/145 397/53
f 370/51 545/50 546/154
f 547/155 552/139 548/145
f 555/156 549/157 544/152
f 556/163 404/162 551/161
f 404/162 400/159 551/161
f 400/159 398/379 539/160
f 505/95 531/376 400/159
f 400/159 531/376 398/379
f 550/158 556/163 539/160
f 550/158 539/160 533/146
f 399/138 552/139 544/152
f 554/174 553/153 403/151
f 565/193 555/156 553/153
f 555/156 413/27 549/157
f 557/88 558/166 457/167
f 495/77 360/374 566/380
f 563/169 499/85 556/163
f 550/158 563/169 556/163
f 408/44 561/171 401/52
f 408/44 560/170 561/171
f 560/170 562/164 561/171
f 561/171 562/164 545/50
f 560/170 571/173 403/151
f 571/173 578/177 554/174
f 560/170 403/151 562/164
f 559/43 571/173 560/170
f 413/27 573/175 549/157
f 564/191 553/153 578/177
f 564/191 565/193 553/153
f 410/178 386/381 568/179
f 566/380 386/75 495/77
f 386/75 566/380 568/382
f 570/182 477/36 572/183
f 496/76 569/168 405/79
f 411/86 563/169 569/168
f 411/86 499/85 563/169
f 409/176 571/173 572/183
f 367/45 570/182 559/43
f 570/182 571/173 559/43
f 477/36 570/182 412/37
f 409/176 572/183 477/36
f 405/79 573/175 581/184
f 415/188 577/190 576/186
f 414/189 564/191 577/190
f 579/194 564/191 414/189
f 584/196 565/193 579/194
f 418/383 360/374 416/78
f 417/15 338/337 361/336
f 471/201 579/204 583/202
f 582/198 470/197 584/196
f 583/202 579/204 414/205
f 430/229 595/216 606/251
f 474/14 586/10 598/208
f 586/10 472/12 428/207
f 602/214 427/213 599/238
f 432/241 385/217 589/219
f 588/220 518/121 519/120
f 591/137 511/112 388/221
f 591/137 510/113 511/112
f 479/41 592/33 429/225
f 592/33 474/14 429/225
f 587/212 479/41 593/226
f 587/212 593/226 427/213
f 427/213 593/226 600/243
f 383/227 594/215 595/216
f 383/227 595/216 430/229
f 483/55 481/47 594/215
f 383/384 373/71 483/366
f 383/227 372/228 373/385
f 621/123 526/136 596/252
f 596/252 526/136 590/105
f 608/234 422/18 421/19
f 421/19 524/127 597/233
f 428/207 436/211 598/208
f 603/239 599/238 438/246
f 588/220 419/240 589/219
f 621/123 620/254 588/220
f 599/238 600/243 616/244
f 595/216 602/214 606/251
f 429/225 426/209 613/237
f 508/99 621/123 596/252
f 431/97 508/99 607/386
f 431/97 607/386 350/100
f 350/100 607/386 420/102
f 607/386 508/99 596/252
f 420/102 607/386 596/252
f 432/241 433/253 608/234
f 608/234 385/217 432/241
f 601/210 422/18 433/253
f 620/254 609/242 588/220
f 380/278 627/265 635/274
f 425/259 623/257 432/241
f 435/258 623/257 425/259
f 622/256 601/210 433/253
f 630/260 425/259 609/242
f 614/236 612/262 605/245
f 613/237 614/236 605/245
f 605/245 429/225 613/237
f 605/245 625/263 615/264
f 627/265 615/264 626/387
f 604/250 438/246 617/266
f 617/266 438/246 627/265
f 424/92 507/98 506/101
f 622/256 623/257 611/247
f 623/257 624/270 612/262
f 601/210 622/256 611/247
f 442/282 625/263 637/267
f 637/267 612/262 443/272
f 440/268 624/270 435/258
f 615/264 625/263 442/282
f 615/264 442/282 441/273
f 624/270 440/268 612/262
f 627/265 626/387 441/273
f 626/387 615/264 441/273
f 628/276 629/275 349/277
f 439/271 630/260 631/261
f 631/261 609/242 619/91
f 440/268 638/295 443/272
f 443/272 638/295 640/287
f 643/280 440/268 634/269
f 632/74 633/73 628/276
f 633/73 634/269 439/271
f 636/283 375/281 441/273
f 636/283 442/282 639/284
f 639/284 442/282 641/286
f 443/272 640/287 444/285
f 638/295 377/361 640/287
f 640/287 377/361 645/288
f 377/361 345/1 645/288
f 447/388 375/281 639/284
f 644/294 640/287 446/289
f 447/388 444/285 644/294
f 445/2 642/72 346/3
f 445/2 638/295 643/280
f 343/297 446/296 645/300
f 345/301 346/304 342/303
f 449/307 632/306 348/309
f 448/305 346/304 632/306
f 347/389 449/307 349/308
f 350/314 451/390 450/313
f 452/315 451/390 350/314
f 452/315 350/314 351/224
f 353/6 357/320 352/316
f 355/391 352/316 357/320
f 352/316 354/4 353/6
f 453/318 355/391 357/320
f 402/322 453/318 356/317
f 402/322 454/321 453/318
f 455/324 454/321 542/323
f 456/329 358/181 568/179
f 360/332 359/334 458/330
f 361/336 359/334 418/333
f 362/335 359/334 361/336
f 574/30 459/338 365/28
f 366/341 476/340 412/345
f 368/344 370/346 460/342
f 369/349 370/392 339/350
f 461/348 486/351 462/352
f 384/353 462/352 486/351
f 462/352 494/65 371/393
f 494/65 463/354 371/393
f 464/356 372/394 430/395
f 463/354 373/71 464/356
f 464/356 373/71 372/394
f 464/356 430/395 382/358
f 466/396 618/397 374/398
f 374/398 618/397 380/399
f 467/400 374/398 380/399
f 467/400 380/399 635/401
f 375/402 467/400 635/401
f 375/402 468/362 467/400
f 468/362 375/402 447/299
f 344/302 468/362 343/297
f 506/101 349/277 424/92
f 398/379 341/133 539/160
f 606/251 602/214 603/239
f 995/403 996/404 997/405
f 391/129 538/132 548/145
f 398/379 394/134 341/133
f 997/405 992/406 995/403
f 992/406 993/407 995/403
f 993/407 994/408 995/403
f 149/409 128/410 110/411
f 150/412 112/413 153/414
f 157/415 125/416 114/417
f 161/418 127/419 116/420
f 163/421 110/411 118/422
f 157/415 120/423 165/424
f 153/414 122/425 167/426
f 146/427 116/420 128/410
f 167/426 124/428 169/429
f 165/424 127/419 158/430
f 150/412 118/422 126/431
f 169/429 125/416 154/432
f 152/433 106/434 151/435
f 168/436 108/437 166/438
f 156/439 98/440 155/441
f 151/435 105/442 162/443
f 159/444 100/445 164/446
f 155/441 97/447 168/436
f 131/448 124/449 123/450
f 117/451 126/452 118/453
f 132/454 120/455 119/456
f 123/450 122/457 121/458
f 115/459 128/460 116/461
f 121/462 112/463 111/464
f 119/456 114/465 113/466
f 117/467 110/468 109/469
f 115/470 127/471 132/454
f 131/448 114/472 125/473
f 111/464 126/452 130/474
f 109/469 128/460 129/475
f 164/446 99/476 156/477
f 160/478 101/479 159/444
f 134/480 135/481 195/482
f 166/483 107/484 152/433
f 162/485 104/486 148/487
f 148/487 103/488 147/489
f 140/490 285/491 143/492
f 101/493 274/494 276/495
f 134/480 271/496 136/497
f 105/498 282/499 284/500
f 138/501 281/502 141/503
f 99/504 272/505 270/506
f 135/481 287/507 268/508
f 142/509 289/510 145/511
f 103/512 278/513 280/514
f 139/515 273/516 277/517
f 107/518 286/519 288/520
f 138/501 141/503 133/521
f 136/497 137/522 133/521
f 142/509 145/511 133/521
f 141/503 140/490 133/521
f 137/522 139/515 133/521
f 145/511 144/523 133/521
f 135/481 134/480 133/521
f 140/490 143/492 133/521
f 139/515 138/501 133/521
f 144/523 135/481 133/521
f 134/480 136/497 133/521
f 143/492 142/509 133/521
f 267/524 134/480 198/525
f 98/526 270/506 266/527
f 268/508 194/528 135/481
f 100/529 276/495 272/505
f 285/491 218/530 143/492
f 102/531 280/514 274/494
f 97/532 266/527 269/533
f 104/534 284/500 278/513
f 201/535 321/536 203/537
f 106/538 288/520 282/499
f 219/539 331/540 221/541
f 108/542 269/533 286/519
f 240/543 295/544 236/545
f 246/546 301/547 242/548
f 252/549 305/550 248/551
f 258/552 309/553 254/554
f 265/555 262/556 287/507
f 264/557 313/558 260/559
f 234/560 317/561 194/562
f 237/563 319/564 200/565
f 243/566 325/567 206/568
f 249/569 329/570 212/571
f 255/572 333/573 218/574
f 261/575 337/576 224/577
f 198/578 291/579 230/580
f 195/581 315/582 197/583
f 204/584 297/585 239/586
f 207/587 323/588 209/589
f 210/590 299/591 245/592
f 213/593 327/594 215/595
f 279/596 140/490 216/597
f 216/598 303/599 251/600
f 222/601 307/602 257/603
f 225/604 335/605 227/606
f 228/607 311/608 263/609
f 231/610 293/611 233/612
f 283/613 142/509 222/614
f 271/496 200/615 136/497
f 137/522 136/497 201/616
f 289/510 224/617 145/511
f 232/618 235/619 267/524
f 273/516 137/522 204/620
f 138/501 139/515 207/621
f 287/507 144/523 228/622
f 241/623 238/624 273/516
f 277/517 206/625 139/515
f 140/490 141/503 213/626
f 277/517 275/627 247/628
f 275/627 138/501 210/629
f 142/509 143/492 219/630
f 253/631 250/632 279/596
f 281/502 212/633 141/503
f 144/523 145/511 225/634
f 259/635 256/636 283/613
f 194/528 195/482 196/637
f 197/638 198/525 199/639
f 200/615 201/616 202/640
f 203/641 204/620 205/642
f 206/625 207/621 208/643
f 209/644 210/629 211/645
f 212/633 213/626 214/646
f 215/647 216/597 217/648
f 218/530 219/630 220/649
f 221/650 222/614 223/651
f 224/617 225/634 226/652
f 227/653 228/622 229/654
f 230/655 231/656 232/618
f 233/657 234/658 235/619
f 236/659 237/660 238/624
f 239/661 240/662 241/623
f 242/663 243/664 244/665
f 245/666 246/667 247/628
f 248/668 249/669 250/632
f 251/670 252/671 253/631
f 254/672 255/673 256/636
f 257/674 258/675 259/635
f 260/676 261/677 262/556
f 263/678 264/679 265/555
f 155/441 169/680 154/681
f 151/682 163/421 150/412
f 164/446 158/683 159/444
f 166/684 169/429 168/685
f 147/686 161/418 146/427
f 152/687 167/426 166/684
f 156/688 165/424 164/689
f 162/690 149/409 163/421
f 159/691 161/418 160/692
f 155/693 157/415 156/688
f 151/435 153/694 152/433
f 147/489 149/695 148/487
f 267/524 269/696 266/697
f 267/524 270/698 271/496
f 272/699 271/496 270/698
f 277/517 272/699 276/700
f 277/517 274/701 275/627
f 281/502 274/701 280/702
f 281/502 278/703 279/596
f 279/596 284/704 285/491
f 285/491 282/705 283/613
f 283/613 288/706 289/510
f 287/507 288/706 286/707
f 268/508 286/707 269/696
f 327/594 216/708 215/595
f 252/709 303/599 302/710
f 315/582 198/711 197/583
f 231/712 291/579 290/713
f 311/608 264/714 263/609
f 261/715 313/558 312/716
f 309/717 255/718 254/719
f 219/539 333/573 332/720
f 293/721 234/560 233/722
f 195/581 317/723 316/724
f 331/725 222/601 221/726
f 258/552 307/727 306/728
f 295/729 237/730 236/731
f 201/535 319/564 318/732
f 204/584 321/733 320/734
f 225/735 337/576 336/736
f 240/543 297/737 296/738
f 325/567 207/739 206/568
f 210/740 323/588 322/741
f 335/605 228/742 227/606
f 301/547 243/743 242/548
f 329/744 213/593 212/745
f 299/591 246/746 245/592
f 249/569 305/747 304/748
f 147/489 102/749 160/750
f 666/751 758/752 773/753
f 674/754 767/755 772/756
f 659/757 651/758 667/759
f 650/760 761/761 770/762
f 658/763 764/764 771/765
f 651/766 768/767 758/752
f 653/768 769/769 768/767
f 652/770 770/762 769/771
f 655/772 717/773 713/774
f 657/775 718/776 717/777
f 656/778 719/779 718/776
f 671/780 720/781 714/782
f 673/783 721/784 720/785
f 672/786 722/787 721/784
f 663/788 723/789 715/790
f 665/791 724/792 723/793
f 664/794 725/795 724/792
f 716/796 829/797 830/798
f 679/799 795/800 775/801
f 756/802 857/803 858/804
f 699/805 813/806 812/807
f 759/808 802/809 861/810
f 680/811 775/801 777/812
f 755/813 784/814 857/803
f 698/815 812/807 811/816
f 760/817 861/810 862/818
f 680/819 738/820 737/821
f 679/822 737/823 736/824
f 678/825 736/824 726/826
f 682/827 732/828 739/829
f 681/830 729/831 738/820
f 686/832 735/833 740/834
f 690/835 726/826 741/836
f 681/837 777/812 779/838
f 754/839 855/840 856/841
f 708/842 811/816 805/843
f 761/844 862/818 863/845
f 682/846 794/847 781/848
f 753/849 854/850 855/840
f 696/851 810/852 809/853
f 762/854 804/855 864/856
f 683/857 792/858 794/847
f 705/859 744/860 743/861
f 704/862 743/863 742/864
f 694/865 742/864 748/866
f 707/867 754/868 745/869
f 706/870 751/871 744/860
f 708/872 757/873 746/874
f 709/875 748/866 747/876
f 715/790 646/877 663/788
f 714/782 662/878 671/780
f 712/879 654/880 647/881
f 713/774 670/882 655/772
f 716/883 648/884 646/877
f 710/885 649/886 648/884
f 711/887 647/881 649/888
f 752/889 782/890 854/850
f 695/891 809/853 808/892
f 763/893 864/856 865/894
f 737/895 822/896 820/897
f 684/898 793/899 792/858
f 751/900 852/901 853/902
f 707/903 808/892 803/904
f 764/905 865/894 866/906
f 736/907 820/897 818/908
f 739/829 683/909 682/827
f 727/910 684/911 683/912
f 728/913 685/914 684/911
f 740/834 687/915 686/832
f 730/916 688/917 687/918
f 731/919 689/920 688/917
f 741/836 691/921 690/835
f 733/922 692/923 691/924
f 734/925 693/926 692/923
f 686/927 791/928 783/929
f 750/930 851/931 852/901
f 765/932 806/933 867/934
f 726/935 818/908 840/936
f 687/937 789/938 791/928
f 749/939 780/940 851/931
f 766/941 867/934 868/942
f 739/943 846/944 824/945
f 688/946 790/947 789/938
f 743/948 778/949 776/950
f 767/951 868/942 869/952
f 738/953 843/954 822/896
f 690/955 788/956 785/957
f 742/958 776/950 774/959
f 745/869 695/960 707/867
f 749/961 696/962 695/963
f 750/964 697/965 696/962
f 746/874 698/966 708/872
f 752/967 699/968 698/969
f 753/970 700/971 699/968
f 747/876 701/972 709/875
f 755/973 702/974 701/975
f 756/976 703/977 702/974
f 766/978 667/979 669/980
f 765/981 669/980 668/982
f 773/753 668/983 666/751
f 763/984 675/985 677/986
f 762/987 677/986 676/988
f 772/756 676/989 674/754
f 760/990 659/991 661/992
f 759/993 661/992 660/994
f 771/765 660/995 658/763
f 740/996 849/997 826/998
f 691/999 786/1000 788/956
f 748/1001 774/959 850/1002
f 713/1003 839/1004 825/1005
f 741/1006 840/936 828/1007
f 692/1008 787/1009 786/1000
f 745/1010 856/841 780/940
f 813/1011 908/1012 812/1013
f 829/1014 931/1015 925/1016
f 840/1017 924/1018 828/1019
f 853/1020 948/1021 949/1022
f 787/1023 882/1024 786/1025
f 800/1026 894/1027 798/1028
f 811/1029 908/1012 907/1030
f 835/1031 930/1032 931/1015
f 849/1033 944/1034 945/1035
f 852/1036 947/1037 948/1021
f 802/1038 957/1039 861/1040
f 805/1041 907/1030 901/1042
f 831/1043 930/1032 834/1044
f 848/1045 943/1046 944/1034
f 780/1047 947/1037 851/1048
f 862/1049 957/1039 958/1050
f 810/1051 905/1052 809/1053
f 823/1054 917/1055 919/1056
f 828/1019 943/1046 847/1057
f 778/1058 872/1059 776/1060
f 863/1061 958/1050 959/1062
f 808/1063 905/1052 904/1064
f 821/1065 915/1066 917/1055
f 846/1067 941/1068 942/1069
f 774/1070 872/1059 870/1071
f 804/1072 960/1073 864/1074
f 803/1075 904/1064 899/1076
f 830/1077 915/1066 819/1078
f 845/1079 940/1080 941/1068
f 850/1081 870/1071 946/1082
f 865/1083 960/1073 961/1084
f 825/1085 929/1086 833/1087
f 826/1088 940/1080 844/1089
f 856/1090 876/1091 780/1047
f 866/1092 961/1084 962/1093
f 823/1054 928/1094 832/1095
f 843/1096 938/1097 939/1098
f 853/1020 874/1099 778/1058
f 806/1100 963/1101 867/1102
f 827/1103 927/1104 831/1043
f 842/1105 937/1106 938/1097
f 859/1107 878/1108 782/1109
f 868/1110 963/1101 964/1111
f 829/1014 926/1112 830/1077
f 824/1113 937/1106 841/1114
f 850/1081 880/1115 784/1116
f 869/1117 964/1111 965/1118
f 785/1119 891/1120 795/1121
f 769/1122 800/1123 798/1124
f 709/1125 814/1126 807/1127
f 757/1128 858/804 859/1129
f 689/1130 781/848 790/947
f 725/1131 827/1132 831/1133
f 768/1134 798/1124 796/1135
f 701/1136 815/1137 814/1126
f 685/1138 779/838 793/899
f 719/1139 823/1140 832/1141
f 758/1142 796/1135 860/1143
f 702/1144 816/1145 815/1137
f 693/1146 783/929 787/1009
f 722/1147 825/1005 833/1148
f 771/1149 866/906 802/809
f 706/1150 799/1151 801/1152
f 678/1153 785/957 795/800
f 710/1154 830/798 819/1155
f 770/1156 863/845 800/1123
f 705/1157 797/1158 799/1151
f 711/1159 819/1155 821/1160
f 772/1161 869/952 804/855
f 704/1162 817/1163 797/1158
f 727/1164 824/945 841/1165
f 712/1166 821/1160 823/1140
f 773/1167 860/1143 806/933
f 700/1168 803/904 813/806
f 728/1169 841/1165 842/1170
f 724/1171 831/1133 834/1172
f 697/1173 801/1152 810/852
f 729/1174 842/1170 843/954
f 723/1175 834/1172 835/1176
f 703/1177 805/843 816/1145
f 730/1178 826/998 844/1179
f 715/1180 835/1176 829/797
f 694/1181 807/1127 817/1163
f 731/1182 844/1179 845/1183
f 721/1184 833/1148 836/1185
f 732/1186 845/1183 846/944
f 720/1187 836/1185 837/1188
f 747/1189 850/1002 784/814
f 733/1190 828/1007 847/1191
f 714/1192 837/1188 827/1132
f 746/1193 859/1129 782/890
f 734/1194 847/1191 848/1195
f 718/1196 832/1141 838/1197
f 744/1198 853/902 778/949
f 735/1199 848/1195 849/997
f 717/1200 838/1197 839/1004
f 882/1201 955/1202 954/1203
f 884/1204 954/1203 953/1205
f 881/1206 953/1207 880/1208
f 885/1209 952/1210 951/1211
f 887/1212 951/1211 950/1213
f 879/1214 950/1215 878/1216
f 888/1217 949/1218 948/1219
f 890/1220 948/1219 947/1221
f 877/1222 947/1223 876/1224
f 899/1225 957/1226 898/1227
f 904/1228 958/1229 957/1230
f 905/1231 959/1232 958/1229
f 901/1233 960/1234 900/1235
f 907/1236 961/1237 960/1238
f 908/1239 962/1240 961/1237
f 903/1241 963/1242 902/1243
f 910/1244 964/1245 963/1246
f 911/1247 965/1248 964/1245
f 930/1249 945/1250 944/1251
f 931/1252 944/1251 943/1253
f 925/1254 943/1255 924/1256
f 932/1257 942/1258 941/1259
f 933/1260 941/1259 940/1261
f 923/1262 940/1263 922/1264
f 934/1265 939/1266 938/1267
f 935/1268 938/1267 937/1269
f 921/1270 937/1271 920/1272
f 924/1256 926/1273 925/1254
f 922/1264 927/1274 923/1262
f 918/1275 928/1276 919/1277
f 920/1272 929/1278 921/1270
f 936/1279 915/1280 926/1273
f 914/1281 917/1282 915/1280
f 916/1283 919/1277 917/1284
f 880/1208 891/1285 881/1206
f 878/1216 883/1286 879/1214
f 874/1287 889/1288 875/1289
f 876/1224 886/1290 877/1222
f 946/1291 871/1292 891/1285
f 870/1293 873/1294 871/1292
f 872/1295 875/1289 873/1296
f 894/1297 897/1298 895/1299
f 892/1300 895/1301 893/1302
f 956/1303 893/1302 913/1304
f 898/1227 909/1305 899/1225
f 896/1306 906/1307 897/1298
f 900/1235 912/1308 901/1233
f 902/1243 913/1304 903/1241
f 796/1309 894/1027 892/1310
f 788/1311 882/1024 884/1312
f 782/1109 950/1313 854/1314
f 849/1033 922/1315 826/1088
f 833/1087 932/1316 836/1317
f 807/1318 910/1319 903/1320
f 860/1321 892/1310 956/1322
f 785/1119 884/1312 881/1323
f 855/1324 950/1313 951/1325
f 843/1096 918/1326 822/1327
f 837/1328 932/1316 933/1329
f 814/1330 911/1331 910/1319
f 866/1092 898/1332 802/1038
f 790/1333 885/1334 789/1335
f 856/1090 951/1325 952/1336
f 846/1067 920/1337 824/1113
f 827/1103 933/1329 923/1338
f 816/1339 911/1331 815/1340
f 863/1061 896/1341 800/1026
f 791/1342 885/1334 887/1343
f 784/1116 953/1344 857/1345
f 840/1017 914/1346 936/1347
f 832/1095 934/1348 838/1349
f 801/1350 895/1351 897/1352
f 869/1117 900/1353 804/1072
f 783/1354 887/1343 879/1355
f 858/1356 953/1344 954/1357
f 818/1358 916/1359 914/1346
f 839/1360 934/1348 935/1361
f 799/1362 893/1363 895/1351
f 860/1321 902/1364 806/1100
f 793/1365 888/1366 792/1367
f 859/1107 954/1357 955/1368
f 822/1327 916/1359 820/1369
f 825/1085 935/1361 921/1370
f 817/1371 893/1363 797/1372
f 794/1373 888/1366 890/1374
f 803/1075 909/1375 813/1011
f 781/1376 890/1374 877/1377
f 801/1350 906/1378 810/1051
f 779/1379 873/1380 875/1381
f 805/1041 912/1382 816/1339
f 777/1383 871/1384 873/1380
f 807/1318 913/1385 817/1371
f 795/1121 871/1384 775/1386
f 781/1376 886/1387 790/1333
f 779/1379 889/1388 793/1365
f 783/1354 883/1389 787/1023
f 149/409 146/427 128/410
f 150/412 126/431 112/413
f 157/415 154/432 125/416
f 161/418 158/430 127/419
f 163/421 149/409 110/411
f 157/415 114/417 120/423
f 153/414 112/413 122/425
f 146/427 161/418 116/420
f 167/426 122/425 124/428
f 165/424 120/423 127/419
f 150/412 163/421 118/422
f 169/429 124/428 125/416
f 152/433 107/484 106/434
f 168/436 97/447 108/437
f 156/439 99/1390 98/440
f 151/435 106/434 105/442
f 159/444 101/479 100/445
f 155/441 98/440 97/447
f 131/448 125/473 124/449
f 117/451 130/474 126/452
f 132/454 127/471 120/455
f 123/450 124/449 122/457
f 115/459 129/475 128/460
f 121/462 122/1391 112/463
f 119/456 120/455 114/465
f 117/467 118/1392 110/468
f 115/470 116/1393 127/471
f 131/448 113/1394 114/472
f 111/464 112/463 126/452
f 109/469 110/468 128/460
f 164/446 100/445 99/476
f 160/478 102/1395 101/479
f 135/481 196/637 195/482
f 195/482 197/638 134/480
f 197/638 199/639 134/480
f 166/483 108/1396 107/484
f 162/485 105/1397 104/486
f 148/487 104/486 103/488
f 140/490 279/596 285/491
f 101/493 102/531 274/494
f 134/480 267/524 271/496
f 105/498 106/538 282/499
f 138/501 275/627 281/502
f 99/504 100/529 272/505
f 135/481 144/523 287/507
f 142/509 283/613 289/510
f 103/512 104/534 278/513
f 139/515 137/522 273/516
f 107/518 108/542 286/519
f 134/480 199/639 198/525
f 198/525 230/655 267/524
f 230/655 232/618 267/524
f 98/526 99/504 270/506
f 268/508 235/619 234/658
f 234/658 194/528 268/508
f 194/528 196/637 135/481
f 100/529 101/493 276/495
f 285/491 256/636 255/673
f 255/673 218/530 285/491
f 218/530 220/649 143/492
f 102/531 103/512 280/514
f 97/532 98/526 266/527
f 104/534 105/498 284/500
f 201/535 318/732 321/536
f 106/538 107/518 288/520
f 219/539 332/720 331/540
f 108/542 97/532 269/533
f 240/543 296/738 295/544
f 246/546 298/1398 301/547
f 252/549 302/1399 305/550
f 258/552 306/728 309/553
f 265/555 264/679 260/676
f 265/555 260/676 262/556
f 262/556 289/510 287/507
f 264/557 310/1400 313/558
f 234/560 292/1401 317/561
f 237/563 294/1402 319/564
f 243/566 300/1403 325/567
f 249/569 304/748 329/570
f 255/572 308/1404 333/573
f 261/575 312/1405 337/576
f 198/578 314/1406 291/579
f 195/581 316/724 315/582
f 204/584 320/734 297/585
f 207/587 324/1407 323/588
f 210/590 322/1408 299/591
f 213/593 328/1409 327/594
f 140/490 217/648 216/597
f 216/597 251/670 279/596
f 251/670 253/631 279/596
f 216/598 326/1410 303/599
f 222/601 330/1411 307/602
f 225/604 336/1412 335/605
f 228/607 334/1413 311/608
f 231/610 290/1414 293/611
f 142/509 223/651 222/614
f 222/614 257/674 283/613
f 257/674 259/635 283/613
f 271/496 238/624 237/660
f 237/660 200/615 271/496
f 200/615 202/640 136/497
f 136/497 202/640 201/616
f 201/616 203/641 137/522
f 203/641 205/642 137/522
f 289/510 262/556 261/677
f 261/677 224/617 289/510
f 224/617 226/652 145/511
f 232/618 231/656 235/619
f 231/656 233/657 235/619
f 235/619 268/508 267/524
f 137/522 205/642 204/620
f 204/620 239/661 273/516
f 239/661 241/623 273/516
f 139/515 208/643 207/621
f 207/621 209/644 138/501
f 209/644 211/645 138/501
f 144/523 229/654 228/622
f 228/622 263/678 287/507
f 263/678 265/555 287/507
f 241/623 240/662 236/659
f 241/623 236/659 238/624
f 238/624 271/496 273/516
f 277/517 244/665 243/664
f 243/664 206/625 277/517
f 206/625 208/643 139/515
f 141/503 214/646 213/626
f 213/626 215/647 140/490
f 215/647 217/648 140/490
f 247/628 246/667 244/665
f 246/667 242/663 244/665
f 244/665 277/517 247/628
f 138/501 211/645 210/629
f 210/629 245/666 275/627
f 245/666 247/628 275/627
f 143/492 220/649 219/630
f 219/630 221/650 142/509
f 221/650 223/651 142/509
f 253/631 252/671 248/668
f 253/631 248/668 250/632
f 250/632 281/502 279/596
f 281/502 250/632 249/669
f 249/669 212/633 281/502
f 212/633 214/646 141/503
f 145/511 226/652 225/634
f 225/634 227/653 144/523
f 227/653 229/654 144/523
f 259/635 258/675 254/672
f 259/635 254/672 256/636
f 256/636 285/491 283/613
f 155/441 168/436 169/680
f 151/682 162/690 163/421
f 164/446 165/1415 158/683
f 166/684 167/426 169/429
f 147/686 160/692 161/418
f 152/687 153/414 167/426
f 156/688 157/415 165/424
f 162/690 148/1416 149/409
f 159/691 158/430 161/418
f 155/693 154/432 157/415
f 151/435 150/1417 153/694
f 147/489 146/1418 149/695
f 267/524 268/508 269/696
f 267/524 266/697 270/698
f 272/699 273/516 271/496
f 277/517 273/516 272/699
f 277/517 276/700 274/701
f 281/502 275/627 274/701
f 281/502 280/702 278/703
f 279/596 278/703 284/704
f 285/491 284/704 282/705
f 283/613 282/705 288/706
f 287/507 289/510 288/706
f 268/508 287/507 286/707
f 327/594 326/1419 216/708
f 252/709 251/600 303/599
f 315/582 314/1420 198/711
f 231/712 230/580 291/579
f 311/608 310/1421 264/714
f 261/715 260/559 313/558
f 309/717 308/1422 255/718
f 219/539 218/574 333/573
f 293/721 292/1401 234/560
f 195/581 194/1423 317/723
f 331/725 330/1411 222/601
f 258/552 257/1424 307/727
f 295/729 294/1425 237/730
f 201/535 200/565 319/564
f 204/584 203/1426 321/733
f 225/735 224/577 337/576
f 240/543 239/1427 297/737
f 325/567 324/1428 207/739
f 210/740 209/589 323/588
f 335/605 334/1429 228/742
f 301/547 300/1430 243/743
f 329/744 328/1409 213/593
f 299/591 298/1431 246/746
f 249/569 248/1432 305/747
f 147/489 103/488 102/749
f 666/751 651/766 758/752
f 674/754 667/979 767/755
f 667/759 674/1433 675/1434
f 674/1433 676/1435 675/1434
f 676/1435 677/1436 675/1434
f 675/1434 658/1437 659/757
f 658/1437 660/1438 659/757
f 660/1438 661/1439 659/757
f 659/757 650/1440 651/758
f 650/1440 652/1441 651/758
f 652/1441 653/1442 651/758
f 651/758 666/1443 667/759
f 666/1443 668/1444 667/759
f 668/1444 669/1445 667/759
f 667/759 675/1434 659/757
f 650/760 659/991 761/761
f 658/763 675/985 764/764
f 651/766 653/768 768/767
f 653/768 652/1446 769/769
f 652/770 650/760 770/762
f 655/772 657/1447 717/773
f 657/775 656/778 718/776
f 656/778 654/880 719/779
f 671/780 673/1448 720/781
f 673/783 672/786 721/784
f 672/786 670/882 722/787
f 663/788 665/1449 723/789
f 665/791 664/794 724/792
f 664/794 662/878 725/795
f 716/796 715/1180 829/797
f 679/799 678/1153 795/800
f 756/802 755/813 857/803
f 699/805 700/1168 813/806
f 759/808 771/1149 802/809
f 680/811 679/799 775/801
f 755/813 747/1189 784/814
f 698/815 699/805 812/807
f 760/817 759/808 861/810
f 680/819 681/830 738/820
f 679/822 680/1450 737/823
f 678/825 679/822 736/824
f 682/827 689/920 732/828
f 681/830 685/914 729/831
f 686/832 693/926 735/833
f 690/835 678/825 726/826
f 681/837 680/811 777/812
f 754/839 753/849 855/840
f 708/842 698/815 811/816
f 761/844 760/817 862/818
f 682/846 683/857 794/847
f 753/849 752/889 854/850
f 696/851 697/1173 810/852
f 762/854 772/1161 804/855
f 683/857 684/898 792/858
f 705/859 706/870 744/860
f 704/862 705/1451 743/863
f 694/865 704/862 742/864
f 707/867 700/971 754/868
f 706/870 697/965 751/871
f 708/872 703/977 757/873
f 709/875 694/865 748/866
f 715/790 716/883 646/877
f 714/782 725/795 662/878
f 712/879 719/779 654/880
f 713/774 722/787 670/882
f 716/883 710/885 648/884
f 710/885 711/1452 649/886
f 711/887 712/879 647/881
f 752/889 746/1193 782/890
f 695/891 696/851 809/853
f 763/893 762/854 864/856
f 737/895 738/953 822/896
f 684/898 685/1138 793/899
f 751/900 750/930 852/901
f 707/903 695/891 808/892
f 764/905 763/893 865/894
f 736/907 737/895 820/897
f 739/829 727/1453 683/909
f 727/910 728/913 684/911
f 728/913 729/831 685/914
f 740/834 730/1454 687/915
f 730/916 731/919 688/917
f 731/919 732/828 689/920
f 741/836 733/1455 691/921
f 733/922 734/925 692/923
f 734/925 735/833 693/926
f 686/927 687/937 791/928
f 750/930 749/939 851/931
f 765/932 773/1167 806/933
f 726/935 736/907 818/908
f 687/937 688/946 789/938
f 749/939 745/1010 780/940
f 766/941 765/932 867/934
f 739/943 732/1186 846/944
f 688/946 689/1130 790/947
f 743/948 744/1198 778/949
f 767/951 766/941 868/942
f 738/953 729/1174 843/954
f 690/955 691/999 788/956
f 742/958 743/948 776/950
f 745/869 749/1456 695/960
f 749/961 750/964 696/962
f 750/964 751/871 697/965
f 746/874 752/1457 698/966
f 752/967 753/970 699/968
f 753/970 754/868 700/971
f 747/876 755/1458 701/972
f 755/973 756/976 702/974
f 756/976 757/873 703/977
f 766/978 767/755 667/979
f 765/981 766/978 669/980
f 773/753 765/1459 668/983
f 763/984 764/764 675/985
f 762/987 763/984 677/986
f 772/756 762/1460 676/989
f 760/990 761/761 659/991
f 759/993 760/990 661/992
f 771/765 759/1461 660/995
f 740/996 735/1199 849/997
f 691/999 692/1008 786/1000
f 748/1001 742/958 774/959
f 713/1003 717/1200 839/1004
f 741/1006 726/935 840/936
f 692/1008 693/1146 787/1009
f 745/1010 754/839 856/841
f 813/1011 909/1375 908/1012
f 829/1014 835/1031 931/1015
f 840/1017 936/1347 924/1018
f 853/1020 852/1036 948/1021
f 787/1023 883/1389 882/1024
f 800/1026 896/1341 894/1027
f 811/1029 812/1013 908/1012
f 835/1031 834/1044 930/1032
f 849/1033 848/1045 944/1034
f 852/1036 851/1048 947/1037
f 802/1038 898/1332 957/1039
f 805/1041 811/1029 907/1030
f 831/1043 927/1104 930/1032
f 848/1045 847/1057 943/1046
f 780/1047 876/1091 947/1037
f 862/1049 861/1040 957/1039
f 810/1051 906/1378 905/1052
f 823/1054 821/1065 917/1055
f 828/1019 924/1018 943/1046
f 778/1058 874/1099 872/1059
f 863/1061 862/1049 958/1050
f 808/1063 809/1053 905/1052
f 821/1065 819/1078 915/1066
f 846/1067 845/1079 941/1068
f 774/1070 776/1060 872/1059
f 804/1072 900/1353 960/1073
f 803/1075 808/1063 904/1064
f 830/1077 926/1112 915/1066
f 845/1079 844/1089 940/1080
f 850/1081 774/1070 870/1071
f 865/1083 864/1074 960/1073
f 825/1085 921/1370 929/1086
f 826/1088 922/1315 940/1080
f 856/1090 952/1336 876/1091
f 866/1092 865/1083 961/1084
f 823/1054 919/1056 928/1094
f 843/1096 842/1105 938/1097
f 853/1020 949/1022 874/1099
f 806/1100 902/1364 963/1101
f 827/1103 923/1338 927/1104
f 842/1105 841/1114 937/1106
f 859/1107 955/1368 878/1108
f 868/1110 867/1102 963/1101
f 829/1014 925/1016 926/1112
f 824/1113 920/1337 937/1106
f 850/1081 946/1082 880/1115
f 869/1117 868/1110 964/1111
f 785/1119 881/1323 891/1120
f 769/1122 770/1156 800/1123
f 709/1125 701/1136 814/1126
f 757/1128 756/802 858/804
f 689/1130 682/846 781/848
f 725/1131 714/1192 827/1132
f 768/1134 769/1122 798/1124
f 701/1136 702/1144 815/1137
f 685/1138 681/837 779/838
f 719/1139 712/1166 823/1140
f 758/1142 768/1134 796/1135
f 702/1144 703/1177 816/1145
f 693/1146 686/927 783/929
f 722/1147 713/1003 825/1005
f 771/1149 764/905 866/906
f 706/1150 705/1157 799/1151
f 678/1153 690/955 785/957
f 710/1154 716/796 830/798
f 770/1156 761/844 863/845
f 705/1157 704/1162 797/1158
f 711/1159 710/1154 819/1155
f 772/1161 767/951 869/952
f 704/1162 694/1181 817/1163
f 727/1164 739/943 824/945
f 712/1166 711/1159 821/1160
f 773/1167 758/1142 860/1143
f 700/1168 707/903 803/904
f 728/1169 727/1164 841/1165
f 724/1171 725/1131 831/1133
f 697/1173 706/1150 801/1152
f 729/1174 728/1169 842/1170
f 723/1175 724/1171 834/1172
f 703/1177 708/842 805/843
f 730/1178 740/996 826/998
f 715/1180 723/1175 835/1176
f 694/1181 709/1125 807/1127
f 731/1182 730/1178 844/1179
f 721/1184 722/1147 833/1148
f 732/1186 731/1182 845/1183
f 720/1187 721/1184 836/1185
f 747/1189 748/1001 850/1002
f 733/1190 741/1006 828/1007
f 714/1192 720/1187 837/1188
f 746/1193 757/1128 859/1129
f 734/1194 733/1190 847/1191
f 718/1196 719/1139 832/1141
f 744/1198 751/900 853/902
f 735/1199 734/1194 848/1195
f 717/1200 718/1196 838/1197
f 882/1201 883/1286 955/1202
f 884/1204 882/1201 954/1203
f 881/1206 884/1462 953/1207
f 885/1209 886/1290 952/1210
f 887/1212 885/1209 951/1211
f 879/1214 887/1463 950/1215
f 888/1217 889/1288 949/1218
f 890/1220 888/1217 948/1219
f 877/1222 890/1464 947/1223
f 899/1225 904/1465 957/1226
f 904/1228 905/1231 958/1229
f 905/1231 906/1307 959/1232
f 901/1233 907/1466 960/1234
f 907/1236 908/1239 961/1237
f 908/1239 909/1305 962/1240
f 903/1241 910/1467 963/1242
f 910/1244 911/1247 964/1245
f 911/1247 912/1308 965/1248
f 930/1249 927/1274 945/1250
f 931/1252 930/1249 944/1251
f 925/1254 931/1468 943/1255
f 932/1257 929/1278 942/1258
f 933/1260 932/1257 941/1259
f 923/1262 933/1469 940/1263
f 934/1265 928/1276 939/1266
f 935/1268 934/1265 938/1267
f 921/1270 935/1470 937/1271
f 924/1256 936/1279 926/1273
f 922/1264 945/1250 927/1274
f 918/1275 939/1266 928/1276
f 920/1272 942/1258 929/1278
f 936/1279 914/1281 915/1280
f 914/1281 916/1471 917/1282
f 916/1283 918/1275 919/1277
f 880/1208 946/1291 891/1285
f 878/1216 955/1202 883/1286
f 874/1287 949/1218 889/1288
f 876/1224 952/1210 886/1290
f 946/1291 870/1293 871/1292
f 870/1293 872/1472 873/1294
f 872/1295 874/1287 875/1289
f 894/1297 896/1306 897/1298
f 892/1300 894/1473 895/1301
f 956/1303 892/1300 893/1302
f 898/1227 962/1240 909/1305
f 896/1306 959/1232 906/1307
f 900/1235 965/1248 912/1308
f 902/1243 956/1303 913/1304
f 796/1309 798/1028 894/1027
f 788/1311 786/1025 882/1024
f 782/1109 878/1108 950/1313
f 849/1033 945/1035 922/1315
f 833/1087 929/1086 932/1316
f 807/1318 814/1330 910/1319
f 860/1321 796/1309 892/1310
f 785/1119 788/1311 884/1312
f 855/1324 854/1314 950/1313
f 843/1096 939/1098 918/1326
f 837/1328 836/1317 932/1316
f 814/1330 815/1340 911/1331
f 866/1092 962/1093 898/1332
f 790/1333 886/1387 885/1334
f 856/1090 855/1324 951/1325
f 846/1067 942/1069 920/1337
f 827/1103 837/1328 933/1329
f 816/1339 912/1382 911/1331
f 863/1061 959/1062 896/1341
f 791/1342 789/1335 885/1334
f 784/1116 880/1115 953/1344
f 840/1017 818/1358 914/1346
f 832/1095 928/1094 934/1348
f 801/1350 799/1362 895/1351
f 869/1117 965/1118 900/1353
f 783/1354 791/1342 887/1343
f 858/1356 857/1345 953/1344
f 818/1358 820/1369 916/1359
f 839/1360 838/1349 934/1348
f 799/1362 797/1372 893/1363
f 860/1321 956/1322 902/1364
f 793/1365 889/1388 888/1366
f 859/1107 858/1356 954/1357
f 822/1327 918/1326 916/1359
f 825/1085 839/1360 935/1361
f 817/1371 913/1385 893/1363
f 794/1373 792/1367 888/1366
f 803/1075 899/1076 909/1375
f 781/1376 794/1373 890/1374
f 801/1350 897/1352 906/1378
f 779/1379 777/1383 873/1380
f 805/1041 901/1042 912/1382
f 777/1383 775/1386 871/1384
f 807/1318 903/1320 913/1385
f 795/1121 891/1120 871/1384
f 781/1376 877/1377 886/1387
f 779/1379 875/1381 889/1388
f 783/1354 879/1355 883/1389
f 3/1474 12/1475 4/1476
f 4/1476 13/1477 5/1478
f 5/1478 14/1479 6/1480
f 95/1481 7/1482 8/1483
f 96/1484 8/1483 9/1485
f 96/1484 10/1486 2/1487
f 2/1488 11/1489 3/1474
f 10/1490 19/1491 11/1489
f 11/1489 20/1492 12/1475
f 12/1475 21/1493 13/1477
f 13/1477 22/1494 14/1479
f 7/1482 16/1495 8/1483
f 9/1485 16/1495 17/1496
f 10/1486 17/1496 18/1497
f 15/1498 24/1499 16/1495
f 16/1495 25/1500 17/1496
f 18/1497 25/1500 26/1501
f 18/1502 27/1503 19/1504
f 19/1504 28/1505 20/1506
f 20/1506 29/1507 21/1508
f 21/1508 30/1509 22/1510
f 27/1503 36/1511 28/1505
f 29/1507 36/1511 37/1512
f 29/1507 38/1513 30/1509
f 23/1514 32/1515 24/1499
f 24/1499 33/1516 25/1500
f 26/1501 33/1516 34/1517
f 26/1518 35/1519 27/1503
f 31/1520 40/1521 32/1515
f 32/1515 41/1522 33/1516
f 34/1517 41/1522 42/1523
f 35/1519 42/1524 43/1525
f 35/1519 44/1526 36/1511
f 36/1511 45/1527 37/1512
f 37/1512 46/1528 38/1513
f 43/1529 52/1530 44/1531
f 44/1531 53/1532 45/1533
f 45/1533 54/1534 46/1535
f 39/1536 48/1537 40/1521
f 40/1521 49/1538 41/1522
f 41/1522 50/1539 42/1523
f 42/1540 51/1541 43/1529
f 48/1537 57/1542 49/1538
f 50/1539 57/1542 58/1543
f 51/1541 58/1544 59/1545
f 51/1541 60/1546 52/1530
f 53/1532 60/1546 61/1547
f 53/1532 62/1548 54/1534
f 47/1549 56/1550 48/1537
f 60/1546 69/1551 61/1547
f 61/1547 70/1552 62/1548
f 56/1550 63/1553 64/1554
f 56/1550 65/1555 57/1542
f 57/1542 66/1556 58/1543
f 58/1544 67/1557 59/1545
f 59/1545 68/1558 60/1546
f 64/1554 73/1559 65/1555
f 65/1555 74/1560 66/1556
f 67/1561 74/1562 75/1563
f 67/1561 76/1564 68/1565
f 68/1565 77/1566 69/1567
f 69/1567 78/1568 70/1569
f 64/1554 71/1570 72/1571
f 77/1566 84/1572 85/1573
f 77/1566 86/1574 78/1568
f 71/1570 80/1575 72/1571
f 72/1571 81/1576 73/1559
f 73/1559 82/1577 74/1560
f 74/1562 83/1578 75/1563
f 75/1563 84/1572 76/1564
f 81/1576 90/1579 82/1577
f 83/1578 90/1580 91/1581
f 83/1578 92/1582 84/1572
f 84/1572 93/1583 85/1573
f 86/1574 93/1583 94/1584
f 79/1585 88/1586 80/1575
f 81/1576 88/1586 89/1587
f 93/1588 6/1480 94/1589
f 88/1586 1/1590 95/1481
f 88/1586 96/1484 89/1587
f 90/1579 96/1484 2/1487
f 91/1591 2/1488 3/1474
f 92/1592 3/1474 4/1476
f 92/1592 5/1478 93/1588
f 62/1548 171/1593 54/1534
f 189/1594 113/1595 183/1596
f 30/1509 182/1597 22/1510
f 70/1552 178/1598 62/1548
f 183/1596 131/1599 174/1600
f 187/1601 109/1602 179/1603
f 179/1603 129/1604 170/1605
f 181/1606 130/1607 172/1608
f 193/1609 131/1599 123/1610
f 176/1611 119/1612 189/1594
f 94/1584 180/1613 86/1574
f 6/1480 190/1614 94/1589
f 191/1615 111/1616 181/1606
f 170/1605 115/1617 185/1618
f 193/1609 121/1619 191/1615
f 46/1528 177/1620 38/1513
f 172/1608 117/1621 187/1601
f 22/1494 175/1622 14/1479
f 78/1568 186/1623 70/1569
f 14/1479 192/1624 6/1480
f 54/1534 184/1625 46/1535
f 185/1618 132/1626 176/1611
f 38/1513 188/1627 30/1509
f 86/1574 173/1628 78/1568
f 170/1605 178/1629 179/1603
f 172/1630 180/1613 181/1631
f 174/1600 182/1632 183/1596
f 185/1618 177/1633 184/1634
f 179/1603 186/1635 187/1601
f 183/1596 188/1636 189/1594
f 191/1615 180/1637 190/1638
f 185/1618 171/1639 170/1605
f 191/1615 192/1640 193/1609
f 176/1641 188/1627 177/1620
f 187/1601 173/1642 172/1608
f 193/1643 175/1622 174/1644
f 3/1474 11/1489 12/1475
f 4/1476 12/1475 13/1477
f 5/1478 13/1477 14/1479
f 95/1481 1/1590 7/1482
f 96/1484 95/1481 8/1483
f 96/1484 9/1485 10/1486
f 2/1488 10/1490 11/1489
f 10/1490 18/1645 19/1491
f 11/1489 19/1491 20/1492
f 12/1475 20/1492 21/1493
f 13/1477 21/1493 22/1494
f 7/1482 15/1498 16/1495
f 9/1485 8/1483 16/1495
f 10/1486 9/1485 17/1496
f 15/1498 23/1514 24/1499
f 16/1495 24/1499 25/1500
f 18/1497 17/1496 25/1500
f 18/1502 26/1518 27/1503
f 19/1504 27/1503 28/1505
f 20/1506 28/1505 29/1507
f 21/1508 29/1507 30/1509
f 27/1503 35/1519 36/1511
f 29/1507 28/1505 36/1511
f 29/1507 37/1512 38/1513
f 23/1514 31/1520 32/1515
f 24/1499 32/1515 33/1516
f 26/1501 25/1500 33/1516
f 26/1518 34/1646 35/1519
f 31/1520 39/1536 40/1521
f 32/1515 40/1521 41/1522
f 34/1517 33/1516 41/1522
f 35/1519 34/1646 42/1524
f 35/1519 43/1525 44/1526
f 36/1511 44/1526 45/1527
f 37/1512 45/1527 46/1528
f 43/1529 51/1541 52/1530
f 44/1531 52/1530 53/1532
f 45/1533 53/1532 54/1534
f 39/1536 47/1549 48/1537
f 40/1521 48/1537 49/1538
f 41/1522 49/1538 50/1539
f 42/1540 50/1647 51/1541
f 48/1537 56/1550 57/1542
f 50/1539 49/1538 57/1542
f 51/1541 50/1647 58/1544
f 51/1541 59/1545 60/1546
f 53/1532 52/1530 60/1546
f 53/1532 61/1547 62/1548
f 47/1549 55/1648 56/1550
f 60/1546 68/1558 69/1551
f 61/1547 69/1551 70/1552
f 56/1550 55/1648 63/1553
f 56/1550 64/1554 65/1555
f 57/1542 65/1555 66/1556
f 58/1544 66/1649 67/1557
f 59/1545 67/1557 68/1558
f 64/1554 72/1571 73/1559
f 65/1555 73/1559 74/1560
f 67/1561 66/1650 74/1562
f 67/1561 75/1563 76/1564
f 68/1565 76/1564 77/1566
f 69/1567 77/1566 78/1568
f 64/1554 63/1553 71/1570
f 77/1566 76/1564 84/1572
f 77/1566 85/1573 86/1574
f 71/1570 79/1585 80/1575
f 72/1571 80/1575 81/1576
f 73/1559 81/1576 82/1577
f 74/1562 82/1651 83/1578
f 75/1563 83/1578 84/1572
f 81/1576 89/1587 90/1579
f 83/1578 82/1651 90/1580
f 83/1578 91/1581 92/1582
f 84/1572 92/1582 93/1583
f 86/1574 85/1573 93/1583
f 79/1585 87/1652 88/1586
f 81/1576 80/1575 88/1586
f 93/1588 5/1478 6/1480
f 88/1586 87/1652 1/1590
f 88/1586 95/1481 96/1484
f 90/1579 89/1587 96/1484
f 91/1591 90/1653 2/1488
f 92/1592 91/1591 3/1474
f 92/1592 4/1476 5/1478
f 62/1548 178/1598 171/1593
f 189/1594 119/1612 113/1595
f 30/1509 188/1627 182/1597
f 70/1552 186/1654 178/1598
f 183/1596 113/1595 131/1599
f 187/1601 117/1621 109/1602
f 179/1603 109/1602 129/1604
f 181/1606 111/1616 130/1607
f 193/1609 174/1600 131/1599
f 176/1611 132/1626 119/1612
f 94/1584 190/1655 180/1613
f 6/1480 192/1624 190/1614
f 191/1615 121/1619 111/1616
f 170/1605 129/1604 115/1617
f 193/1609 123/1610 121/1619
f 46/1528 184/1656 177/1620
f 172/1608 130/1607 117/1621
f 22/1494 182/1657 175/1622
f 78/1568 173/1628 186/1623
f 14/1479 175/1622 192/1624
f 54/1534 171/1593 184/1625
f 185/1618 115/1617 132/1626
f 38/1513 177/1620 188/1627
f 86/1574 180/1613 173/1628
f 170/1605 171/1639 178/1629
f 172/1630 173/1628 180/1613
f 174/1600 175/1658 182/1632
f 185/1618 176/1611 177/1633
f 179/1603 178/1629 186/1635
f 183/1596 182/1632 188/1636
f 191/1615 181/1606 180/1637
f 185/1618 184/1634 171/1639
f 191/1615 190/1638 192/1640
f 176/1641 189/1659 188/1627
f 187/1601 186/1635 173/1642
f 193/1643 192/1624 175/1622
f 966/1660 982/1661 987/1662
f 967/1663 983/1664 989/1665
f 968/1666 984/1667 990/1668
f 969/1669 985/1670 991/1671
f 970/1672 986/1673 988/1674
f 988/1675 991/1676 971/1677
f 988/1675 986/1678 991/1676
f 986/1679 969/1669 991/1671
f 991/1676 990/1680 971/1677
f 991/1676 985/1681 990/1680
f 985/1681 968/1682 990/1680
f 990/1680 989/1683 971/1677
f 990/1680 984/1684 989/1683
f 984/1667 967/1685 989/1686
f 989/1683 987/1662 971/1677
f 989/1683 983/1687 987/1662
f 983/1664 966/1688 987/1689
f 987/1662 988/1675 971/1677
f 987/1662 982/1661 988/1675
f 982/1690 970/1672 988/1674
f 973/1691 986/1673 970/1672
f 973/1691 980/1692 986/1673
f 980/1693 969/1669 986/1679
f 981/1694 985/1670 969/1669
f 981/1694 978/1695 985/1670
f 978/1695 968/1696 985/1670
f 979/1697 984/1667 968/1666
f 979/1697 976/1698 984/1667
f 976/1698 967/1685 984/1667
f 977/1699 983/1664 967/1663
f 977/1699 974/1700 983/1664
f 974/1700 966/1688 983/1664
f 975/1701 982/1702 966/1688
f 975/1703 972/1704 982/1690
f 972/1704 970/1672 982/1690
f 980/1693 981/1694 969/1669
f 978/1705 979/1697 968/1666
f 976/1698 977/1706 967/1685
f 974/1700 975/1701 966/1688
f 972/1704 973/1691 970/1672
f 992/1707 998/1708 993/1709
f 993/1710 998/1711 994/1712
f 994/1713 998/1714 995/1715
f 995/1715 998/1714 996/1716
f 996/1717 998/1718 997/1719
f 997/1720 998/1708 992/1707
